# Blender 4.2.1 LTS
# www.blender.org
mtllib nube.mtl
o Cube.004
v -1.146124 0.942057 0.246938
v -1.146124 -0.125381 0.246938
v -1.146124 0.942057 1.026677
v -1.146124 -0.125381 1.026677
v -1.926652 0.942057 0.246938
v -1.926652 -0.125381 0.246938
v -1.926652 0.942057 1.026677
v -1.926652 -0.125381 1.026677
v -1.016036 0.295531 0.116982
v -2.056740 0.295531 1.156633
v -1.016036 0.295531 1.156633
v -2.056740 0.295531 0.116982
v -1.983578 -0.141459 0.405498
v -2.012173 -0.149535 0.636807
v -1.983578 -0.141459 0.868117
v -1.304844 -0.141459 0.190070
v -1.536388 -0.149535 0.161504
v -1.767932 -0.141459 0.190070
v -1.018821 0.134879 0.119765
v -1.038319 0.010069 0.139243
v -1.086412 -0.077400 0.187287
v -2.053955 0.485064 1.153850
v -2.034457 0.676669 1.134372
v -1.986364 0.839701 1.086328
v -1.018821 0.134879 1.153850
v -1.038319 0.010069 1.134372
v -1.086412 -0.077400 1.086328
v -2.053955 0.134879 0.119765
v -2.034457 0.010069 0.139243
v -1.986364 -0.077400 0.187287
v -1.304844 0.977880 1.083545
v -1.536388 0.995875 1.112111
v -1.767932 0.977880 1.083545
v -1.089198 0.977880 0.405498
v -1.060603 0.995875 0.636807
v -1.089198 0.977880 0.868117
v -1.767932 -0.141459 1.083545
v -1.536388 -0.149535 1.112111
v -1.304844 -0.141459 1.083545
v -1.983578 0.977880 0.868117
v -2.012173 0.995875 0.636807
v -1.983578 0.977880 0.405498
v -1.767932 0.977880 0.190070
v -1.536388 0.995875 0.161504
v -1.304844 0.977880 0.190070
v -1.089198 -0.141459 0.868117
v -1.060603 -0.149535 0.636807
v -1.089198 -0.141459 0.405498
v -1.086412 0.839701 0.187287
v -1.038319 0.676669 0.139243
v -1.018821 0.485063 0.119765
v -1.986364 -0.077400 1.086328
v -2.034457 0.010069 1.134372
v -2.053955 0.134879 1.153850
v -1.086412 0.839701 1.086328
v -1.038319 0.676669 1.134372
v -1.018821 0.485063 1.153850
v -1.986364 0.839701 0.187287
v -2.034457 0.676669 0.139243
v -2.053955 0.485063 0.119765
v -1.820956 0.295531 -0.029219
v -1.536388 0.295531 -0.077952
v -1.251820 0.295531 -0.029219
v -0.869686 0.295531 0.352528
v -0.820904 0.295531 0.636807
v -0.869687 0.295531 0.921087
v -2.203089 0.295531 0.921087
v -2.251872 0.295531 0.636807
v -2.203089 0.295531 0.352528
v -1.251820 0.295531 1.302834
v -1.536388 0.295531 1.351567
v -1.820956 0.295531 1.302834
v -1.289618 1.054533 0.390288
v -1.536388 1.080486 0.377045
v -1.783158 1.054533 0.390288
v -1.276362 1.080486 0.636807
v -1.536388 1.108816 0.636807
v -1.796414 1.080486 0.636807
v -1.289618 1.054533 0.883327
v -1.536388 1.080486 0.896570
v -1.783158 1.054533 0.883327
v -1.253354 0.485395 1.299309
v -1.264091 0.679322 1.274631
v -1.288084 0.849614 1.208754
v -1.536388 0.485727 1.347807
v -1.536388 0.681975 1.321485
v -1.536388 0.858287 1.250189
v -1.819422 0.485395 1.299308
v -1.808685 0.679322 1.274631
v -1.784691 0.849614 1.208754
v -2.199561 0.485395 0.919555
v -2.174858 0.679322 0.908828
v -2.108914 0.849614 0.884859
v -2.248108 0.485727 0.636807
v -2.221759 0.681975 0.636807
v -2.150392 0.858287 0.636807
v -2.199561 0.485395 0.354060
v -2.174858 0.679322 0.364787
v -2.108914 0.849614 0.388755
v -1.783158 -0.175861 0.390288
v -1.536388 -0.187509 0.377045
v -1.289618 -0.175861 0.390288
v -1.796414 -0.187509 0.636807
v -1.536388 -0.200224 0.636807
v -1.276362 -0.187509 0.636807
v -1.783158 -0.175861 0.883327
v -1.536388 -0.187509 0.896570
v -1.289618 -0.175861 0.883327
v -0.873215 0.485395 0.354060
v -0.897917 0.679322 0.364787
v -0.963862 0.849614 0.388755
v -0.824668 0.485727 0.636807
v -0.851016 0.681975 0.636807
v -0.922384 0.858287 0.636807
v -0.873215 0.485395 0.919555
v -0.897917 0.679322 0.908828
v -0.963862 0.849614 0.884860
v -1.819422 0.485395 -0.025694
v -1.808685 0.679322 -0.001016
v -1.784691 0.849614 0.064861
v -1.536388 0.485727 -0.074192
v -1.536388 0.681975 -0.047870
v -1.536388 0.858287 0.023426
v -1.253354 0.485395 -0.025694
v -1.264091 0.679322 -0.001016
v -1.288084 0.849614 0.064861
v -1.784691 -0.081849 0.064861
v -1.808685 0.008879 -0.001017
v -1.819422 0.134730 -0.025694
v -1.536388 -0.085742 0.023426
v -1.536388 0.007688 -0.047870
v -1.536388 0.134581 -0.074192
v -1.288084 -0.081849 0.064861
v -1.264091 0.008879 -0.001016
v -1.253354 0.134730 -0.025694
v -0.963862 -0.081849 0.388755
v -0.897917 0.008879 0.364787
v -0.873215 0.134730 0.354060
v -0.922384 -0.085742 0.636807
v -0.851016 0.007688 0.636807
v -0.824668 0.134581 0.636807
v -0.963862 -0.081849 0.884860
v -0.897917 0.008879 0.908828
v -0.873215 0.134730 0.919555
v -2.108914 -0.081849 0.884860
v -2.174858 0.008879 0.908828
v -2.199560 0.134730 0.919555
v -2.150392 -0.085742 0.636807
v -2.221759 0.007688 0.636807
v -2.248108 0.134581 0.636807
v -2.108914 -0.081849 0.388755
v -2.174858 0.008879 0.364787
v -2.199561 0.134730 0.354060
v -1.288084 -0.081849 1.208754
v -1.264091 0.008879 1.274632
v -1.253354 0.134730 1.299308
v -1.536388 -0.085742 1.250189
v -1.536388 0.007688 1.321485
v -1.536388 0.134581 1.347807
v -1.784691 -0.081849 1.208754
v -1.808685 0.008879 1.274631
v -1.819422 0.134730 1.299308
vn 0.4736 0.7423 -0.4740
vn 0.2766 -0.9202 -0.2769
vn 0.4736 0.7423 0.4740
vn 0.2766 -0.9202 0.2769
vn -0.4736 0.7423 -0.4740
vn -0.2766 -0.9202 -0.2769
vn -0.4736 0.7423 0.4740
vn -0.2766 -0.9202 0.2769
vn 0.7067 -0.0019 -0.7075
vn -0.7067 -0.0019 0.7075
vn 0.7067 -0.0019 0.7075
vn -0.7067 -0.0019 -0.7075
vn -0.3054 -0.9416 -0.1417
vn -0.3098 -0.9508 -0.0000
vn -0.3054 -0.9416 0.1417
vn 0.1415 -0.9415 -0.3057
vn -0.0000 -0.9507 -0.3101
vn -0.1415 -0.9415 -0.3057
vn 0.7019 -0.1168 -0.7026
vn 0.6481 -0.3988 -0.6488
vn 0.4752 -0.7403 -0.4757
vn -0.7045 0.0798 0.7052
vn -0.6833 0.2553 0.6840
vn -0.6090 0.5075 0.6096
vn 0.7019 -0.1168 0.7026
vn 0.6481 -0.3988 0.6488
vn 0.4752 -0.7403 0.4757
vn -0.7019 -0.1168 -0.7026
vn -0.6481 -0.3988 -0.6488
vn -0.4752 -0.7403 -0.4757
vn 0.2524 0.8013 0.5424
vn -0.0000 0.8260 0.5636
vn -0.2524 0.8013 0.5424
vn 0.5420 0.8015 -0.2527
vn 0.5632 0.8263 -0.0000
vn 0.5420 0.8015 0.2527
vn -0.1415 -0.9415 0.3057
vn -0.0000 -0.9507 0.3101
vn 0.1415 -0.9415 0.3057
vn -0.5420 0.8015 0.2527
vn -0.5632 0.8263 -0.0000
vn -0.5420 0.8015 -0.2527
vn -0.2524 0.8013 -0.5424
vn -0.0000 0.8260 -0.5636
vn 0.2524 0.8013 -0.5424
vn 0.3054 -0.9416 0.1417
vn 0.3098 -0.9508 -0.0000
vn 0.3054 -0.9416 -0.1417
vn 0.6090 0.5075 -0.6096
vn 0.6833 0.2553 -0.6840
vn 0.7045 0.0798 -0.7052
vn -0.4752 -0.7403 0.4757
vn -0.6481 -0.3988 0.6488
vn -0.7019 -0.1168 0.7026
vn 0.6090 0.5075 0.6096
vn 0.6833 0.2553 0.6840
vn 0.7045 0.0798 0.7052
vn -0.6090 0.5075 -0.6096
vn -0.6833 0.2553 -0.6840
vn -0.7045 0.0798 -0.7052
vn -0.3546 -0.0018 -0.9350
vn -0.0000 -0.0018 -1.0000
vn 0.3546 -0.0018 -0.9350
vn 0.9348 -0.0018 -0.3553
vn 1.0000 -0.0018 -0.0000
vn 0.9348 -0.0018 0.3553
vn -0.9348 -0.0018 0.3553
vn -1.0000 -0.0018 -0.0000
vn -0.9348 -0.0018 -0.3553
vn 0.3546 -0.0018 0.9350
vn -0.0000 -0.0018 1.0000
vn -0.3546 -0.0018 0.9350
vn 0.2366 0.9423 -0.2369
vn -0.0000 0.9697 -0.2443
vn -0.2366 0.9423 -0.2369
vn 0.2440 0.9698 -0.0000
vn -0.0000 1.0000 -0.0000
vn -0.2440 0.9698 -0.0000
vn 0.2366 0.9423 0.2369
vn -0.0000 0.9697 0.2443
vn -0.2366 0.9423 0.2369
vn 0.3543 0.0780 0.9319
vn 0.3451 0.2533 0.9038
vn 0.3054 0.5223 0.7962
vn -0.0000 0.0764 0.9971
vn -0.0000 0.2518 0.9678
vn -0.0000 0.5361 0.8442
vn -0.3543 0.0780 0.9319
vn -0.3451 0.2533 0.9038
vn -0.3054 0.5223 0.7962
vn -0.9316 0.0781 0.3549
vn -0.9035 0.2534 0.3457
vn -0.7958 0.5226 0.3058
vn -0.9971 0.0765 -0.0000
vn -0.9677 0.2520 -0.0000
vn -0.8439 0.5364 -0.0000
vn -0.9316 0.0781 -0.3549
vn -0.9035 0.2534 -0.3457
vn -0.7958 0.5226 -0.3058
vn -0.1128 -0.9872 -0.1130
vn -0.0000 -0.9935 -0.1138
vn 0.1128 -0.9872 -0.1130
vn -0.1137 -0.9935 -0.0000
vn -0.0000 -1.0000 -0.0000
vn 0.1137 -0.9935 -0.0000
vn -0.1128 -0.9872 0.1130
vn -0.0000 -0.9935 0.1138
vn 0.1128 -0.9872 0.1130
vn 0.9316 0.0781 -0.3549
vn 0.9035 0.2534 -0.3457
vn 0.7958 0.5226 -0.3058
vn 0.9971 0.0765 -0.0000
vn 0.9677 0.2520 -0.0000
vn 0.8439 0.5364 -0.0000
vn 0.9316 0.0781 0.3549
vn 0.9035 0.2534 0.3457
vn 0.7958 0.5226 0.3058
vn -0.3543 0.0780 -0.9319
vn -0.3451 0.2533 -0.9038
vn -0.3054 0.5223 -0.7962
vn -0.0000 0.0764 -0.9971
vn -0.0000 0.2518 -0.9678
vn -0.0000 0.5361 -0.8442
vn 0.3543 0.0780 -0.9319
vn 0.3451 0.2533 -0.9038
vn 0.3054 0.5223 -0.7962
vn -0.2360 -0.7505 -0.6173
vn -0.3260 -0.3973 -0.8578
vn -0.3531 -0.1145 -0.9286
vn -0.0000 -0.7591 -0.6509
vn -0.0000 -0.3962 -0.9182
vn -0.0000 -0.1125 -0.9937
vn 0.2360 -0.7505 -0.6173
vn 0.3260 -0.3973 -0.8578
vn 0.3531 -0.1145 -0.9286
vn 0.6169 -0.7507 -0.2363
vn 0.8575 -0.3975 -0.3266
vn 0.9283 -0.1146 -0.3537
vn 0.6506 -0.7595 -0.0000
vn 0.9180 -0.3965 -0.0000
vn 0.9936 -0.1126 -0.0000
vn 0.6169 -0.7507 0.2363
vn 0.8575 -0.3975 0.3266
vn 0.9283 -0.1146 0.3537
vn -0.6169 -0.7507 0.2363
vn -0.8575 -0.3975 0.3266
vn -0.9283 -0.1146 0.3537
vn -0.6506 -0.7595 -0.0000
vn -0.9180 -0.3965 -0.0000
vn -0.9936 -0.1126 -0.0000
vn -0.6169 -0.7507 -0.2363
vn -0.8575 -0.3975 -0.3266
vn -0.9283 -0.1146 -0.3537
vn 0.2360 -0.7505 0.6173
vn 0.3260 -0.3973 0.8578
vn 0.3531 -0.1145 0.9286
vn -0.0000 -0.7591 0.6509
vn -0.0000 -0.3962 0.9182
vn -0.0000 -0.1125 0.9937
vn -0.2360 -0.7505 0.6173
vn -0.3260 -0.3973 0.8578
vn -0.3531 -0.1145 0.9286
vt 0.687581 0.562500
vt 0.750021 0.562500
vt 0.750031 0.625000
vt 0.687613 0.625000
vt 0.812503 0.562500
vt 0.812504 0.625000
vt 0.750021 0.687500
vt 0.687581 0.687500
vt 0.812503 0.687500
vt 0.625000 0.500000
vt 0.687500 0.500000
vt 0.625258 0.562500
vt 0.750000 0.500000
vt 0.812500 0.500000
vt 0.875000 0.500000
vt 0.875000 0.562500
vt 0.875000 0.625000
vt 0.875000 0.687500
vt 0.875000 0.750000
vt 0.812500 0.750000
vt 0.750000 0.750000
vt 0.687500 0.750000
vt 0.625258 0.687500
vt 0.625000 0.750000
vt 0.625312 0.625000
vt 0.456141 0.812500
vt 0.506133 0.812500
vt 0.505386 0.875000
vt 0.453997 0.875000
vt 0.563690 0.812500
vt 0.563595 0.875000
vt 0.503574 0.937500
vt 0.448362 0.937500
vt 0.563368 0.937500
vt 0.418165 0.750000
vt 0.456448 0.750000
vt 0.417739 0.812500
vt 0.506246 0.750000
vt 0.563725 0.750000
vt 0.625000 0.812500
vt 0.625000 0.875000
vt 0.625000 0.937500
vt 0.625000 1.000000
vt 0.563062 1.000000
vt 0.501124 1.000000
vt 0.439185 1.000000
vt 0.405804 0.937500
vt 0.377247 1.000000
vt 0.414755 0.875000
vt 0.448362 0.062500
vt 0.503574 0.062500
vt 0.505386 0.125000
vt 0.453997 0.125000
vt 0.563368 0.062500
vt 0.563595 0.125000
vt 0.506132 0.187500
vt 0.456141 0.187500
vt 0.563688 0.187500
vt 0.377247 0.000000
vt 0.439185 0.000000
vt 0.405804 0.062500
vt 0.501124 0.000000
vt 0.563062 0.000000
vt 0.625000 0.000000
vt 0.625000 0.062500
vt 0.625000 0.125000
vt 0.625000 0.187500
vt 0.625000 0.250000
vt 0.563701 0.250000
vt 0.506238 0.250000
vt 0.456447 0.250000
vt 0.417739 0.187500
vt 0.418165 0.250000
vt 0.414755 0.125000
vt 0.187204 0.562500
vt 0.247634 0.562500
vt 0.246559 0.625000
vt 0.187070 0.625000
vt 0.303548 0.562500
vt 0.300026 0.625000
vt 0.247634 0.687500
vt 0.187204 0.687500
vt 0.303548 0.687500
vt 0.125000 0.500000
vt 0.187500 0.500000
vt 0.125000 0.562500
vt 0.250000 0.500000
vt 0.312500 0.500000
vt 0.375000 0.500000
vt 0.346558 0.562500
vt 0.340590 0.625000
vt 0.346558 0.687500
vt 0.375000 0.750000
vt 0.312500 0.750000
vt 0.250000 0.750000
vt 0.187500 0.750000
vt 0.125000 0.687500
vt 0.125000 0.750000
vt 0.125000 0.625000
vt 0.456450 0.562500
vt 0.506261 0.562500
vt 0.506269 0.625000
vt 0.456451 0.625000
vt 0.563784 0.562500
vt 0.563814 0.625000
vt 0.506261 0.687500
vt 0.456450 0.687500
vt 0.563784 0.687500
vt 0.418165 0.500000
vt 0.456448 0.500000
vt 0.418165 0.562500
vt 0.506246 0.500000
vt 0.563725 0.500000
vt 0.418165 0.687500
vt 0.418165 0.625000
vt 0.456447 0.312500
vt 0.506238 0.312500
vt 0.506238 0.375000
vt 0.456447 0.375000
vt 0.563701 0.312500
vt 0.563701 0.375000
vt 0.506239 0.437500
vt 0.456448 0.437500
vt 0.563703 0.437500
vt 0.418165 0.312500
vt 0.625000 0.312500
vt 0.625000 0.375000
vt 0.625000 0.437500
vt 0.418165 0.437500
vt 0.418165 0.375000
vt 0.376201 0.312500
vt 0.381238 0.312500
vt 0.381238 0.375000
vt 0.376201 0.375000
vt 0.393947 0.312500
vt 0.393947 0.375000
vt 0.381131 0.437500
vt 0.375973 0.437500
vt 0.393934 0.437500
vt 0.375000 0.250000
vt 0.376201 0.250000
vt 0.375000 0.312500
vt 0.381238 0.250000
vt 0.393947 0.250000
vt 0.393840 0.500000
vt 0.380378 0.500000
vt 0.373620 0.500000
vt 0.375000 0.437500
vt 0.375000 0.375000
vt 0.367021 0.562500
vt 0.378765 0.562500
vt 0.377797 0.625000
vt 0.363727 0.625000
vt 0.393638 0.562500
vt 0.393517 0.625000
vt 0.378765 0.687500
vt 0.367021 0.687500
vt 0.393638 0.687500
vt 0.393840 0.750000
vt 0.380378 0.750000
vt 0.373620 0.750000
vt 0.375868 0.062500
vt 0.378574 0.062500
vt 0.380386 0.125000
vt 0.376095 0.125000
vt 0.385862 0.062500
vt 0.391497 0.125000
vt 0.381132 0.187500
vt 0.376188 0.187500
vt 0.393641 0.187500
vt 0.375000 0.000000
vt 0.375562 0.000000
vt 0.375000 0.062500
vt 0.376124 0.000000
vt 0.376685 0.000000
vt 0.375000 0.187500
vt 0.375000 0.125000
vt 0.375959 0.812500
vt 0.381024 0.812500
vt 0.380386 0.875000
vt 0.376095 0.875000
vt 0.393628 0.812500
vt 0.391497 0.875000
vt 0.378574 0.937500
vt 0.375868 0.937500
vt 0.385862 0.937500
vt 0.375000 0.812500
vt 0.376685 1.000000
vt 0.376124 1.000000
vt 0.375562 1.000000
vt 0.375000 0.937500
vt 0.375000 1.000000
vt 0.375000 0.875000
s 1
usemtl Material
f 73/1/73 74/2/74 77/3/77 76/4/76
f 74/2/74 75/5/75 78/6/78 77/3/77
f 76/4/76 77/3/77 80/7/80 79/8/79
f 77/3/77 78/6/78 81/9/81 80/7/80
f 1/10/1 45/11/45 73/1/73 34/12/34
f 45/11/45 44/13/44 74/2/74 73/1/73
f 44/13/44 43/14/43 75/5/75 74/2/74
f 43/14/43 5/15/5 42/16/42 75/5/75
f 75/5/75 42/16/42 41/17/41 78/6/78
f 78/6/78 41/17/41 40/18/40 81/9/81
f 81/9/81 40/18/40 7/19/7 33/20/33
f 80/7/80 81/9/81 33/20/33 32/21/32
f 79/8/79 80/7/80 32/21/32 31/22/31
f 36/23/36 79/8/79 31/22/31 3/24/3
f 35/25/35 76/4/76 79/8/79 36/23/36
f 34/12/34 73/1/73 76/4/76 35/25/35
f 82/26/82 83/27/83 86/28/86 85/29/85
f 83/27/83 84/30/84 87/31/87 86/28/86
f 85/29/85 86/28/86 89/32/89 88/33/88
f 86/28/86 87/31/87 90/34/90 89/32/89
f 11/35/11 57/36/57 82/26/82 70/37/70
f 57/36/57 56/38/56 83/27/83 82/26/82
f 56/38/56 55/39/55 84/30/84 83/27/83
f 55/39/55 3/24/3 31/40/31 84/30/84
f 84/30/84 31/40/31 32/41/32 87/31/87
f 87/31/87 32/41/32 33/42/33 90/34/90
f 90/34/90 33/42/33 7/43/7 24/44/24
f 89/32/89 90/34/90 24/44/24 23/45/23
f 88/33/88 89/32/89 23/45/23 22/46/22
f 72/47/72 88/33/88 22/46/22 10/48/10
f 71/49/71 85/29/85 88/33/88 72/47/72
f 70/37/70 82/26/82 85/29/85 71/49/71
f 91/50/91 92/51/92 95/52/95 94/53/94
f 92/51/92 93/54/93 96/55/96 95/52/95
f 94/53/94 95/52/95 98/56/98 97/57/97
f 95/52/95 96/55/96 99/58/99 98/56/98
f 10/59/10 22/60/22 91/50/91 67/61/67
f 22/60/22 23/62/23 92/51/92 91/50/91
f 23/62/23 24/63/24 93/54/93 92/51/92
f 24/63/24 7/64/7 40/65/40 93/54/93
f 93/54/93 40/65/40 41/66/41 96/55/96
f 96/55/96 41/66/41 42/67/42 99/58/99
f 99/58/99 42/67/42 5/68/5 58/69/58
f 98/56/98 99/58/99 58/69/58 59/70/59
f 97/57/97 98/56/98 59/70/59 60/71/60
f 69/72/69 97/57/97 60/71/60 12/73/12
f 68/74/68 94/53/94 97/57/97 69/72/69
f 67/61/67 91/50/91 94/53/94 68/74/68
f 100/75/100 101/76/101 104/77/104 103/78/103
f 101/76/101 102/79/102 105/80/105 104/77/104
f 103/78/103 104/77/104 107/81/107 106/82/106
f 104/77/104 105/80/105 108/83/108 107/81/107
f 6/84/6 18/85/18 100/75/100 13/86/13
f 18/85/18 17/87/17 101/76/101 100/75/100
f 17/87/17 16/88/16 102/79/102 101/76/101
f 16/88/16 2/89/2 48/90/48 102/79/102
f 102/79/102 48/90/48 47/91/47 105/80/105
f 105/80/105 47/91/47 46/92/46 108/83/108
f 108/83/108 46/92/46 4/93/4 39/94/39
f 107/81/107 108/83/108 39/94/39 38/95/38
f 106/82/106 107/81/107 38/95/38 37/96/37
f 15/97/15 106/82/106 37/96/37 8/98/8
f 14/99/14 103/78/103 106/82/106 15/97/15
f 13/86/13 100/75/100 103/78/103 14/99/14
f 109/100/109 110/101/110 113/102/113 112/103/112
f 110/101/110 111/104/111 114/105/114 113/102/113
f 112/103/112 113/102/113 116/106/116 115/107/115
f 113/102/113 114/105/114 117/108/117 116/106/116
f 9/109/9 51/110/51 109/100/109 64/111/64
f 51/110/51 50/112/50 110/101/110 109/100/109
f 50/112/50 49/113/49 111/104/111 110/101/110
f 49/113/49 1/10/1 34/12/34 111/104/111
f 111/104/111 34/12/34 35/25/35 114/105/114
f 114/105/114 35/25/35 36/23/36 117/108/117
f 117/108/117 36/23/36 3/24/3 55/39/55
f 116/106/116 117/108/117 55/39/55 56/38/56
f 115/107/115 116/106/116 56/38/56 57/36/57
f 66/114/66 115/107/115 57/36/57 11/35/11
f 65/115/65 112/103/112 115/107/115 66/114/66
f 64/111/64 109/100/109 112/103/112 65/115/65
f 118/116/118 119/117/119 122/118/122 121/119/121
f 119/117/119 120/120/120 123/121/123 122/118/122
f 121/119/121 122/118/122 125/122/125 124/123/124
f 122/118/122 123/121/123 126/124/126 125/122/125
f 12/73/12 60/71/60 118/116/118 61/125/61
f 60/71/60 59/70/59 119/117/119 118/116/118
f 59/70/59 58/69/58 120/120/120 119/117/119
f 58/69/58 5/68/5 43/126/43 120/120/120
f 120/120/120 43/126/43 44/127/44 123/121/123
f 123/121/123 44/127/44 45/128/45 126/124/126
f 126/124/126 45/128/45 1/10/1 49/113/49
f 125/122/125 126/124/126 49/113/49 50/112/50
f 124/123/124 125/122/125 50/112/50 51/110/51
f 63/129/63 124/123/124 51/110/51 9/109/9
f 62/130/62 121/119/121 124/123/124 63/129/63
f 61/125/61 118/116/118 121/119/121 62/130/62
f 127/131/127 128/132/128 131/133/131 130/134/130
f 128/132/128 129/135/129 132/136/132 131/133/131
f 130/134/130 131/133/131 134/137/134 133/138/133
f 131/133/131 132/136/132 135/139/135 134/137/134
f 6/140/6 30/141/30 127/131/127 18/142/18
f 30/141/30 29/143/29 128/132/128 127/131/127
f 29/143/29 28/144/28 129/135/129 128/132/128
f 28/144/28 12/73/12 61/125/61 129/135/129
f 129/135/129 61/125/61 62/130/62 132/136/132
f 132/136/132 62/130/62 63/129/63 135/139/135
f 135/139/135 63/129/63 9/109/9 19/145/19
f 134/137/134 135/139/135 19/145/19 20/146/20
f 133/138/133 134/137/134 20/146/20 21/147/21
f 16/148/16 133/138/133 21/147/21 2/89/2
f 17/149/17 130/134/130 133/138/133 16/148/16
f 18/142/18 127/131/127 130/134/130 17/149/17
f 136/150/136 137/151/137 140/152/140 139/153/139
f 137/151/137 138/154/138 141/155/141 140/152/140
f 139/153/139 140/152/140 143/156/143 142/157/142
f 140/152/140 141/155/141 144/158/144 143/156/143
f 2/89/2 21/147/21 136/150/136 48/90/48
f 21/147/21 20/146/20 137/151/137 136/150/136
f 20/146/20 19/145/19 138/154/138 137/151/137
f 19/145/19 9/109/9 64/111/64 138/154/138
f 138/154/138 64/111/64 65/115/65 141/155/141
f 141/155/141 65/115/65 66/114/66 144/158/144
f 144/158/144 66/114/66 11/35/11 25/159/25
f 143/156/143 144/158/144 25/159/25 26/160/26
f 142/157/142 143/156/143 26/160/26 27/161/27
f 46/92/46 142/157/142 27/161/27 4/93/4
f 47/91/47 139/153/139 142/157/142 46/92/46
f 48/90/48 136/150/136 139/153/139 47/91/47
f 145/162/145 146/163/146 149/164/149 148/165/148
f 146/163/146 147/166/147 150/167/150 149/164/149
f 148/165/148 149/164/149 152/168/152 151/169/151
f 149/164/149 150/167/150 153/170/153 152/168/152
f 8/171/8 52/172/52 145/162/145 15/173/15
f 52/172/52 53/174/53 146/163/146 145/162/145
f 53/174/53 54/175/54 147/166/147 146/163/146
f 54/175/54 10/59/10 67/61/67 147/166/147
f 147/166/147 67/61/67 68/74/68 150/167/150
f 150/167/150 68/74/68 69/72/69 153/170/153
f 153/170/153 69/72/69 12/73/12 28/144/28
f 152/168/152 153/170/153 28/144/28 29/143/29
f 151/169/151 152/168/152 29/143/29 30/141/30
f 13/176/13 151/169/151 30/141/30 6/140/6
f 14/177/14 148/165/148 151/169/151 13/176/13
f 15/173/15 145/162/145 148/165/148 14/177/14
f 154/178/154 155/179/155 158/180/158 157/181/157
f 155/179/155 156/182/156 159/183/159 158/180/158
f 157/181/157 158/180/158 161/184/161 160/185/160
f 158/180/158 159/183/159 162/186/162 161/184/161
f 4/93/4 27/161/27 154/178/154 39/187/39
f 27/161/27 26/160/26 155/179/155 154/178/154
f 26/160/26 25/159/25 156/182/156 155/179/155
f 25/159/25 11/35/11 70/37/70 156/182/156
f 156/182/156 70/37/70 71/49/71 159/183/159
f 159/183/159 71/49/71 72/47/72 162/186/162
f 162/186/162 72/47/72 10/48/10 54/188/54
f 161/184/161 162/186/162 54/188/54 53/189/53
f 160/185/160 161/184/161 53/189/53 52/190/52
f 37/191/37 160/185/160 52/190/52 8/192/8
f 38/193/38 157/181/157 160/185/160 37/191/37
f 39/187/39 154/178/154 157/181/157 38/193/38
o Cube.005
v -1.972054 1.304305 0.103352
v -1.972054 0.073145 0.103352
v -1.972054 1.304305 0.916260
v -1.972054 0.073145 0.916260
v -2.857708 1.304305 0.103352
v -2.857708 0.073145 0.103352
v -2.857708 1.304305 0.916260
v -2.857708 0.073145 0.916260
v -1.824445 0.558616 -0.032133
v -3.005316 0.558616 1.051744
v -1.824445 0.558616 1.051744
v -3.005316 0.558616 -0.032133
v -2.922301 0.054602 0.268657
v -2.954746 0.045287 0.509806
v -2.922301 0.054602 0.750955
v -2.152152 0.054602 0.044064
v -2.414881 0.045287 0.014283
v -2.677610 0.054602 0.044064
v -1.827606 0.373324 -0.029232
v -1.849730 0.229371 -0.008925
v -1.904300 0.128486 0.041163
v -3.002156 0.777219 1.048843
v -2.980031 0.998213 1.028536
v -2.925461 1.186249 0.978448
v -1.827606 0.373324 1.048843
v -1.849730 0.229371 1.028536
v -1.904300 0.128486 0.978448
v -3.002156 0.373324 -0.029232
v -2.980031 0.229371 -0.008925
v -2.925461 0.128486 0.041163
v -2.152152 1.345623 0.975547
v -2.414881 1.366377 1.005328
v -2.677610 1.345623 0.975547
v -1.907461 1.345623 0.268657
v -1.875015 1.366377 0.509806
v -1.907461 1.345623 0.750955
v -2.677610 0.054602 0.975547
v -2.414881 0.045287 1.005328
v -2.152152 0.054602 0.975547
v -2.922301 1.345623 0.750955
v -2.954746 1.366377 0.509806
v -2.922301 1.345623 0.268657
v -2.677610 1.345623 0.044064
v -2.414881 1.366377 0.014283
v -2.152152 1.345623 0.044064
v -1.907461 0.054602 0.750955
v -1.875015 0.045287 0.509806
v -1.907461 0.054602 0.268657
v -1.904300 1.186249 0.041163
v -1.849730 0.998213 -0.008925
v -1.827606 0.777219 -0.029232
v -2.925461 0.128486 0.978448
v -2.980031 0.229371 1.028536
v -3.002156 0.373324 1.048843
v -1.904300 1.186249 0.978448
v -1.849730 0.998213 1.028536
v -1.827606 0.777219 1.048843
v -2.925461 1.186249 0.041163
v -2.980031 0.998213 -0.008925
v -3.002156 0.777219 -0.029232
v -2.737775 0.558616 -0.184553
v -2.414881 0.558616 -0.235360
v -2.091986 0.558616 -0.184553
v -1.658385 0.558616 0.213433
v -1.603032 0.558616 0.509806
v -1.658385 0.558616 0.806178
v -3.171376 0.558616 0.806178
v -3.226730 0.558616 0.509806
v -3.171376 0.558616 0.213433
v -2.091986 0.558616 1.204165
v -2.414881 0.558616 1.254971
v -2.737775 0.558616 1.204165
v -2.134875 1.434031 0.252799
v -2.414881 1.463966 0.238993
v -2.694886 1.434031 0.252799
v -2.119834 1.463966 0.509806
v -2.414881 1.496641 0.509806
v -2.709928 1.463966 0.509806
v -2.134875 1.434032 0.766812
v -2.414881 1.463966 0.780618
v -2.694886 1.434032 0.766812
v -2.093727 0.777601 1.200489
v -2.105910 1.001273 1.174762
v -2.133135 1.197683 1.106083
v -2.414881 0.777984 1.251051
v -2.414881 1.004332 1.223609
v -2.414881 1.207687 1.149281
v -2.736035 0.777601 1.200489
v -2.723851 1.001272 1.174762
v -2.696627 1.197683 1.106083
v -3.167372 0.777601 0.804581
v -3.139343 1.001273 0.793398
v -3.064517 1.197683 0.768410
v -3.222459 0.777984 0.509806
v -3.192561 1.004332 0.509806
v -3.111581 1.207687 0.509806
v -3.167372 0.777601 0.215031
v -3.139343 1.001272 0.226213
v -3.064517 1.197683 0.251202
v -2.694886 0.014923 0.252799
v -2.414881 0.001489 0.238993
v -2.134875 0.014923 0.252799
v -2.709928 0.001489 0.509806
v -2.414881 -0.013176 0.509806
v -2.119834 0.001489 0.509806
v -2.694886 0.014923 0.766812
v -2.414881 0.001489 0.780618
v -2.134875 0.014923 0.766812
v -1.662389 0.777601 0.215031
v -1.690418 1.001273 0.226213
v -1.765244 1.197683 0.251202
v -1.607303 0.777984 0.509806
v -1.637201 1.004332 0.509806
v -1.718180 1.207687 0.509806
v -1.662389 0.777601 0.804581
v -1.690418 1.001272 0.793398
v -1.765244 1.197683 0.768410
v -2.736035 0.777601 -0.180878
v -2.723851 1.001273 -0.155151
v -2.696627 1.197683 -0.086471
v -2.414881 0.777984 -0.231439
v -2.414881 1.004332 -0.203998
v -2.414881 1.207687 -0.129669
v -2.093727 0.777601 -0.180878
v -2.105910 1.001272 -0.155151
v -2.133135 1.197683 -0.086471
v -2.696627 0.123354 -0.086471
v -2.723851 0.227998 -0.155151
v -2.736035 0.373152 -0.180878
v -2.414881 0.118864 -0.129669
v -2.414881 0.226625 -0.203998
v -2.414881 0.372980 -0.231439
v -2.133135 0.123354 -0.086471
v -2.105910 0.227998 -0.155151
v -2.093727 0.373152 -0.180878
v -1.765244 0.123354 0.251202
v -1.690418 0.227998 0.226213
v -1.662389 0.373152 0.215031
v -1.718180 0.118864 0.509806
v -1.637201 0.226625 0.509806
v -1.607303 0.372980 0.509806
v -1.765244 0.123354 0.768410
v -1.690418 0.227998 0.793398
v -1.662389 0.373152 0.804581
v -3.064517 0.123354 0.768410
v -3.139343 0.227998 0.793398
v -3.167372 0.373152 0.804581
v -3.111581 0.118864 0.509806
v -3.192561 0.226625 0.509806
v -3.222459 0.372980 0.509806
v -3.064517 0.123354 0.251202
v -3.139343 0.227998 0.226213
v -3.167372 0.373152 0.215031
v -2.133135 0.123354 1.106083
v -2.105910 0.227998 1.174763
v -2.093727 0.373152 1.200489
v -2.414881 0.118864 1.149281
v -2.414881 0.226625 1.223609
v -2.414881 0.372980 1.251051
v -2.696627 0.123354 1.106083
v -2.723851 0.227998 1.174762
v -2.736035 0.373152 1.200489
vn 0.4680 0.7218 -0.5099
vn 0.2784 -0.9113 -0.3034
vn 0.4680 0.7218 0.5099
vn 0.2784 -0.9113 0.3034
vn -0.4680 0.7218 -0.5099
vn -0.2784 -0.9113 -0.3034
vn -0.4680 0.7218 0.5099
vn -0.2784 -0.9113 0.3034
vn 0.6762 -0.0017 -0.7367
vn -0.6762 -0.0017 0.7367
vn 0.6762 -0.0017 0.7367
vn -0.6762 -0.0017 -0.7367
vn -0.3093 -0.9381 -0.1561
vn -0.3144 -0.9493 -0.0000
vn -0.3093 -0.9381 0.1561
vn 0.1423 -0.9315 -0.3346
vn -0.0000 -0.9406 -0.3394
vn -0.1423 -0.9315 -0.3346
vn 0.6721 -0.1101 -0.7322
vn 0.6258 -0.3788 -0.6818
vn 0.4695 -0.7196 -0.5116
vn -0.6743 0.0752 0.7346
vn -0.6562 0.2412 0.7150
vn -0.5914 0.4849 0.6443
vn 0.6721 -0.1101 0.7322
vn 0.6258 -0.3788 0.6818
vn 0.4695 -0.7196 0.5116
vn -0.6721 -0.1101 -0.7322
vn -0.6258 -0.3788 -0.6818
vn -0.4695 -0.7196 -0.5116
vn 0.2483 0.7754 0.5806
vn -0.0000 0.7981 0.6025
vn -0.2483 0.7754 0.5806
vn 0.5444 0.7920 -0.2763
vn 0.5695 0.8220 -0.0000
vn 0.5444 0.7920 0.2763
vn -0.1423 -0.9315 0.3346
vn -0.0000 -0.9406 0.3394
vn 0.1423 -0.9315 0.3346
vn -0.5444 0.7920 0.2763
vn -0.5695 0.8220 -0.0000
vn -0.5444 0.7920 -0.2763
vn -0.2483 0.7754 -0.5806
vn -0.0000 0.7981 -0.6025
vn 0.2483 0.7754 -0.5806
vn 0.3093 -0.9381 0.1561
vn 0.3144 -0.9493 -0.0000
vn 0.3093 -0.9381 -0.1561
vn 0.5914 0.4849 -0.6443
vn 0.6562 0.2412 -0.7150
vn 0.6743 0.0752 -0.7346
vn -0.4695 -0.7196 0.5116
vn -0.6258 -0.3788 0.6818
vn -0.6721 -0.1101 0.7322
vn 0.5914 0.4849 0.6443
vn 0.6562 0.2412 0.7150
vn 0.6743 0.0752 0.7346
vn -0.5914 0.4849 -0.6443
vn -0.6562 0.2412 -0.7150
vn -0.6743 0.0752 -0.7346
vn -0.3291 -0.0017 -0.9443
vn -0.0000 -0.0016 -1.0000
vn 0.3291 -0.0017 -0.9443
vn 0.9241 -0.0018 -0.3822
vn 1.0000 -0.0018 -0.0000
vn 0.9241 -0.0018 0.3822
vn -0.9241 -0.0018 0.3822
vn -1.0000 -0.0018 -0.0000
vn -0.9241 -0.0018 -0.3822
vn 0.3291 -0.0017 0.9443
vn -0.0000 -0.0016 1.0000
vn -0.3291 -0.0017 0.9443
vn 0.2388 0.9356 -0.2602
vn -0.0000 0.9633 -0.2684
vn -0.2388 0.9356 -0.2602
vn 0.2478 0.9688 -0.0000
vn -0.0000 1.0000 -0.0000
vn -0.2478 0.9688 -0.0000
vn 0.2388 0.9356 0.2602
vn -0.0000 0.9633 0.2684
vn -0.2388 0.9356 0.2602
vn 0.3289 0.0712 0.9417
vn 0.3220 0.2325 0.9178
vn 0.2901 0.4881 0.8232
vn -0.0000 0.0691 0.9976
vn -0.0000 0.2289 0.9734
vn -0.0000 0.4978 0.8673
vn -0.3289 0.0712 0.9417
vn -0.3220 0.2325 0.9178
vn -0.2901 0.4881 0.8232
vn -0.9211 0.0759 0.3819
vn -0.8946 0.2469 0.3725
vn -0.7925 0.5120 0.3315
vn -0.9972 0.0752 -0.0000
vn -0.9687 0.2482 -0.0000
vn -0.8479 0.5302 -0.0000
vn -0.9211 0.0759 -0.3819
vn -0.8946 0.2469 -0.3725
vn -0.7925 0.5120 -0.3315
vn -0.1145 -0.9856 -0.1248
vn -0.0000 -0.9921 -0.1257
vn 0.1145 -0.9856 -0.1248
vn -0.1155 -0.9933 -0.0000
vn -0.0000 -1.0000 -0.0000
vn 0.1155 -0.9933 -0.0000
vn -0.1145 -0.9856 0.1248
vn -0.0000 -0.9921 0.1257
vn 0.1145 -0.9856 0.1248
vn 0.9211 0.0759 -0.3819
vn 0.8946 0.2469 -0.3725
vn 0.7925 0.5120 -0.3315
vn 0.9972 0.0752 -0.0000
vn 0.9687 0.2482 -0.0000
vn 0.8479 0.5302 -0.0000
vn 0.9211 0.0759 0.3819
vn 0.8946 0.2469 0.3725
vn 0.7925 0.5120 0.3315
vn -0.3289 0.0712 -0.9417
vn -0.3220 0.2325 -0.9178
vn -0.2901 0.4881 -0.8232
vn -0.0000 0.0691 -0.9976
vn -0.0000 0.2289 -0.9734
vn -0.0000 0.4978 -0.8673
vn 0.3289 0.0712 -0.9417
vn 0.3220 0.2325 -0.9178
vn 0.2901 0.4881 -0.8232
vn -0.2301 -0.7197 -0.6550
vn -0.3066 -0.3675 -0.8780
vn -0.3280 -0.1047 -0.9389
vn -0.0000 -0.7255 -0.6882
vn -0.0000 -0.3633 -0.9317
vn -0.0000 -0.1018 -0.9948
vn 0.2301 -0.7197 -0.6550
vn 0.3066 -0.3675 -0.8780
vn 0.3280 -0.1047 -0.9389
vn 0.6193 -0.7415 -0.2582
vn 0.8513 -0.3883 -0.3528
vn 0.9180 -0.1115 -0.3807
vn 0.6567 -0.7542 -0.0000
vn 0.9204 -0.3911 -0.0000
vn 0.9938 -0.1108 -0.0000
vn 0.6193 -0.7415 0.2582
vn 0.8513 -0.3883 0.3528
vn 0.9180 -0.1115 0.3807
vn -0.6193 -0.7415 0.2582
vn -0.8513 -0.3883 0.3528
vn -0.9180 -0.1115 0.3807
vn -0.6567 -0.7542 -0.0000
vn -0.9204 -0.3911 -0.0000
vn -0.9938 -0.1108 -0.0000
vn -0.6193 -0.7415 -0.2582
vn -0.8513 -0.3883 -0.3528
vn -0.9180 -0.1115 -0.3807
vn 0.2301 -0.7197 0.6550
vn 0.3066 -0.3675 0.8780
vn 0.3280 -0.1047 0.9389
vn -0.0000 -0.7255 0.6882
vn -0.0000 -0.3633 0.9317
vn -0.0000 -0.1018 0.9948
vn -0.2301 -0.7197 0.6550
vn -0.3066 -0.3675 0.8780
vn -0.3280 -0.1047 0.9389
vt 0.687581 0.562500
vt 0.750021 0.562500
vt 0.750031 0.625000
vt 0.687613 0.625000
vt 0.812503 0.562500
vt 0.812504 0.625000
vt 0.750021 0.687500
vt 0.687581 0.687500
vt 0.812503 0.687500
vt 0.625000 0.500000
vt 0.687500 0.500000
vt 0.625258 0.562500
vt 0.750000 0.500000
vt 0.812500 0.500000
vt 0.875000 0.500000
vt 0.875000 0.562500
vt 0.875000 0.625000
vt 0.875000 0.687500
vt 0.875000 0.750000
vt 0.812500 0.750000
vt 0.750000 0.750000
vt 0.687500 0.750000
vt 0.625258 0.687500
vt 0.625000 0.750000
vt 0.625312 0.625000
vt 0.456141 0.812500
vt 0.506133 0.812500
vt 0.505386 0.875000
vt 0.453997 0.875000
vt 0.563690 0.812500
vt 0.563595 0.875000
vt 0.503574 0.937500
vt 0.448362 0.937500
vt 0.563368 0.937500
vt 0.418165 0.750000
vt 0.456448 0.750000
vt 0.417739 0.812500
vt 0.506246 0.750000
vt 0.563725 0.750000
vt 0.625000 0.812500
vt 0.625000 0.875000
vt 0.625000 0.937500
vt 0.625000 1.000000
vt 0.563062 1.000000
vt 0.501124 1.000000
vt 0.439185 1.000000
vt 0.405804 0.937500
vt 0.377247 1.000000
vt 0.414755 0.875000
vt 0.448362 0.062500
vt 0.503574 0.062500
vt 0.505386 0.125000
vt 0.453997 0.125000
vt 0.563368 0.062500
vt 0.563595 0.125000
vt 0.506132 0.187500
vt 0.456141 0.187500
vt 0.563688 0.187500
vt 0.377247 0.000000
vt 0.439185 0.000000
vt 0.405804 0.062500
vt 0.501124 0.000000
vt 0.563062 0.000000
vt 0.625000 0.000000
vt 0.625000 0.062500
vt 0.625000 0.125000
vt 0.625000 0.187500
vt 0.625000 0.250000
vt 0.563701 0.250000
vt 0.506238 0.250000
vt 0.456447 0.250000
vt 0.417739 0.187500
vt 0.418165 0.250000
vt 0.414755 0.125000
vt 0.187204 0.562500
vt 0.247634 0.562500
vt 0.246559 0.625000
vt 0.187070 0.625000
vt 0.303548 0.562500
vt 0.300026 0.625000
vt 0.247634 0.687500
vt 0.187204 0.687500
vt 0.303548 0.687500
vt 0.125000 0.500000
vt 0.187500 0.500000
vt 0.125000 0.562500
vt 0.250000 0.500000
vt 0.312500 0.500000
vt 0.375000 0.500000
vt 0.346558 0.562500
vt 0.340590 0.625000
vt 0.346558 0.687500
vt 0.375000 0.750000
vt 0.312500 0.750000
vt 0.250000 0.750000
vt 0.187500 0.750000
vt 0.125000 0.687500
vt 0.125000 0.750000
vt 0.125000 0.625000
vt 0.456450 0.562500
vt 0.506261 0.562500
vt 0.506269 0.625000
vt 0.456451 0.625000
vt 0.563784 0.562500
vt 0.563814 0.625000
vt 0.506261 0.687500
vt 0.456450 0.687500
vt 0.563784 0.687500
vt 0.418165 0.500000
vt 0.456448 0.500000
vt 0.418165 0.562500
vt 0.506246 0.500000
vt 0.563725 0.500000
vt 0.418165 0.687500
vt 0.418165 0.625000
vt 0.456447 0.312500
vt 0.506238 0.312500
vt 0.506238 0.375000
vt 0.456447 0.375000
vt 0.563701 0.312500
vt 0.563701 0.375000
vt 0.506239 0.437500
vt 0.456448 0.437500
vt 0.563703 0.437500
vt 0.418165 0.312500
vt 0.625000 0.312500
vt 0.625000 0.375000
vt 0.625000 0.437500
vt 0.418165 0.437500
vt 0.418165 0.375000
vt 0.376201 0.312500
vt 0.381238 0.312500
vt 0.381238 0.375000
vt 0.376201 0.375000
vt 0.393947 0.312500
vt 0.393947 0.375000
vt 0.381131 0.437500
vt 0.375973 0.437500
vt 0.393934 0.437500
vt 0.375000 0.250000
vt 0.376201 0.250000
vt 0.375000 0.312500
vt 0.381238 0.250000
vt 0.393947 0.250000
vt 0.393840 0.500000
vt 0.380378 0.500000
vt 0.373620 0.500000
vt 0.375000 0.437500
vt 0.375000 0.375000
vt 0.367021 0.562500
vt 0.378765 0.562500
vt 0.377797 0.625000
vt 0.363727 0.625000
vt 0.393638 0.562500
vt 0.393517 0.625000
vt 0.378765 0.687500
vt 0.367021 0.687500
vt 0.393638 0.687500
vt 0.393840 0.750000
vt 0.380378 0.750000
vt 0.373620 0.750000
vt 0.375868 0.062500
vt 0.378574 0.062500
vt 0.380386 0.125000
vt 0.376095 0.125000
vt 0.385862 0.062500
vt 0.391497 0.125000
vt 0.381132 0.187500
vt 0.376188 0.187500
vt 0.393641 0.187500
vt 0.375000 0.000000
vt 0.375562 0.000000
vt 0.375000 0.062500
vt 0.376124 0.000000
vt 0.376685 0.000000
vt 0.375000 0.187500
vt 0.375000 0.125000
vt 0.375959 0.812500
vt 0.381024 0.812500
vt 0.380386 0.875000
vt 0.376095 0.875000
vt 0.393628 0.812500
vt 0.391497 0.875000
vt 0.378574 0.937500
vt 0.375868 0.937500
vt 0.385862 0.937500
vt 0.375000 0.812500
vt 0.376685 1.000000
vt 0.376124 1.000000
vt 0.375562 1.000000
vt 0.375000 0.937500
vt 0.375000 1.000000
vt 0.375000 0.875000
s 1
usemtl Material
f 235/194/235 236/195/236 239/196/239 238/197/238
f 236/195/236 237/198/237 240/199/240 239/196/239
f 238/197/238 239/196/239 242/200/242 241/201/241
f 239/196/239 240/199/240 243/202/243 242/200/242
f 163/203/163 207/204/207 235/194/235 196/205/196
f 207/204/207 206/206/206 236/195/236 235/194/235
f 206/206/206 205/207/205 237/198/237 236/195/236
f 205/207/205 167/208/167 204/209/204 237/198/237
f 237/198/237 204/209/204 203/210/203 240/199/240
f 240/199/240 203/210/203 202/211/202 243/202/243
f 243/202/243 202/211/202 169/212/169 195/213/195
f 242/200/242 243/202/243 195/213/195 194/214/194
f 241/201/241 242/200/242 194/214/194 193/215/193
f 198/216/198 241/201/241 193/215/193 165/217/165
f 197/218/197 238/197/238 241/201/241 198/216/198
f 196/205/196 235/194/235 238/197/238 197/218/197
f 244/219/244 245/220/245 248/221/248 247/222/247
f 245/220/245 246/223/246 249/224/249 248/221/248
f 247/222/247 248/221/248 251/225/251 250/226/250
f 248/221/248 249/224/249 252/227/252 251/225/251
f 173/228/173 219/229/219 244/219/244 232/230/232
f 219/229/219 218/231/218 245/220/245 244/219/244
f 218/231/218 217/232/217 246/223/246 245/220/245
f 217/232/217 165/217/165 193/233/193 246/223/246
f 246/223/246 193/233/193 194/234/194 249/224/249
f 249/224/249 194/234/194 195/235/195 252/227/252
f 252/227/252 195/235/195 169/236/169 186/237/186
f 251/225/251 252/227/252 186/237/186 185/238/185
f 250/226/250 251/225/251 185/238/185 184/239/184
f 234/240/234 250/226/250 184/239/184 172/241/172
f 233/242/233 247/222/247 250/226/250 234/240/234
f 232/230/232 244/219/244 247/222/247 233/242/233
f 253/243/253 254/244/254 257/245/257 256/246/256
f 254/244/254 255/247/255 258/248/258 257/245/257
f 256/246/256 257/245/257 260/249/260 259/250/259
f 257/245/257 258/248/258 261/251/261 260/249/260
f 172/252/172 184/253/184 253/243/253 229/254/229
f 184/253/184 185/255/185 254/244/254 253/243/253
f 185/255/185 186/256/186 255/247/255 254/244/254
f 186/256/186 169/257/169 202/258/202 255/247/255
f 255/247/255 202/258/202 203/259/203 258/248/258
f 258/248/258 203/259/203 204/260/204 261/251/261
f 261/251/261 204/260/204 167/261/167 220/262/220
f 260/249/260 261/251/261 220/262/220 221/263/221
f 259/250/259 260/249/260 221/263/221 222/264/222
f 231/265/231 259/250/259 222/264/222 174/266/174
f 230/267/230 256/246/256 259/250/259 231/265/231
f 229/254/229 253/243/253 256/246/256 230/267/230
f 262/268/262 263/269/263 266/270/266 265/271/265
f 263/269/263 264/272/264 267/273/267 266/270/266
f 265/271/265 266/270/266 269/274/269 268/275/268
f 266/270/266 267/273/267 270/276/270 269/274/269
f 168/277/168 180/278/180 262/268/262 175/279/175
f 180/278/180 179/280/179 263/269/263 262/268/262
f 179/280/179 178/281/178 264/272/264 263/269/263
f 178/281/178 164/282/164 210/283/210 264/272/264
f 264/272/264 210/283/210 209/284/209 267/273/267
f 267/273/267 209/284/209 208/285/208 270/276/270
f 270/276/270 208/285/208 166/286/166 201/287/201
f 269/274/269 270/276/270 201/287/201 200/288/200
f 268/275/268 269/274/269 200/288/200 199/289/199
f 177/290/177 268/275/268 199/289/199 170/291/170
f 176/292/176 265/271/265 268/275/268 177/290/177
f 175/279/175 262/268/262 265/271/265 176/292/176
f 271/293/271 272/294/272 275/295/275 274/296/274
f 272/294/272 273/297/273 276/298/276 275/295/275
f 274/296/274 275/295/275 278/299/278 277/300/277
f 275/295/275 276/298/276 279/301/279 278/299/278
f 171/302/171 213/303/213 271/293/271 226/304/226
f 213/303/213 212/305/212 272/294/272 271/293/271
f 212/305/212 211/306/211 273/297/273 272/294/272
f 211/306/211 163/203/163 196/205/196 273/297/273
f 273/297/273 196/205/196 197/218/197 276/298/276
f 276/298/276 197/218/197 198/216/198 279/301/279
f 279/301/279 198/216/198 165/217/165 217/232/217
f 278/299/278 279/301/279 217/232/217 218/231/218
f 277/300/277 278/299/278 218/231/218 219/229/219
f 228/307/228 277/300/277 219/229/219 173/228/173
f 227/308/227 274/296/274 277/300/277 228/307/228
f 226/304/226 271/293/271 274/296/274 227/308/227
f 280/309/280 281/310/281 284/311/284 283/312/283
f 281/310/281 282/313/282 285/314/285 284/311/284
f 283/312/283 284/311/284 287/315/287 286/316/286
f 284/311/284 285/314/285 288/317/288 287/315/287
f 174/266/174 222/264/222 280/309/280 223/318/223
f 222/264/222 221/263/221 281/310/281 280/309/280
f 221/263/221 220/262/220 282/313/282 281/310/281
f 220/262/220 167/261/167 205/319/205 282/313/282
f 282/313/282 205/319/205 206/320/206 285/314/285
f 285/314/285 206/320/206 207/321/207 288/317/288
f 288/317/288 207/321/207 163/203/163 211/306/211
f 287/315/287 288/317/288 211/306/211 212/305/212
f 286/316/286 287/315/287 212/305/212 213/303/213
f 225/322/225 286/316/286 213/303/213 171/302/171
f 224/323/224 283/312/283 286/316/286 225/322/225
f 223/318/223 280/309/280 283/312/283 224/323/224
f 289/324/289 290/325/290 293/326/293 292/327/292
f 290/325/290 291/328/291 294/329/294 293/326/293
f 292/327/292 293/326/293 296/330/296 295/331/295
f 293/326/293 294/329/294 297/332/297 296/330/296
f 168/333/168 192/334/192 289/324/289 180/335/180
f 192/334/192 191/336/191 290/325/290 289/324/289
f 191/336/191 190/337/190 291/328/291 290/325/290
f 190/337/190 174/266/174 223/318/223 291/328/291
f 291/328/291 223/318/223 224/323/224 294/329/294
f 294/329/294 224/323/224 225/322/225 297/332/297
f 297/332/297 225/322/225 171/302/171 181/338/181
f 296/330/296 297/332/297 181/338/181 182/339/182
f 295/331/295 296/330/296 182/339/182 183/340/183
f 178/341/178 295/331/295 183/340/183 164/282/164
f 179/342/179 292/327/292 295/331/295 178/341/178
f 180/335/180 289/324/289 292/327/292 179/342/179
f 298/343/298 299/344/299 302/345/302 301/346/301
f 299/344/299 300/347/300 303/348/303 302/345/302
f 301/346/301 302/345/302 305/349/305 304/350/304
f 302/345/302 303/348/303 306/351/306 305/349/305
f 164/282/164 183/340/183 298/343/298 210/283/210
f 183/340/183 182/339/182 299/344/299 298/343/298
f 182/339/182 181/338/181 300/347/300 299/344/299
f 181/338/181 171/302/171 226/304/226 300/347/300
f 300/347/300 226/304/226 227/308/227 303/348/303
f 303/348/303 227/308/227 228/307/228 306/351/306
f 306/351/306 228/307/228 173/228/173 187/352/187
f 305/349/305 306/351/306 187/352/187 188/353/188
f 304/350/304 305/349/305 188/353/188 189/354/189
f 208/285/208 304/350/304 189/354/189 166/286/166
f 209/284/209 301/346/301 304/350/304 208/285/208
f 210/283/210 298/343/298 301/346/301 209/284/209
f 307/355/307 308/356/308 311/357/311 310/358/310
f 308/356/308 309/359/309 312/360/312 311/357/311
f 310/358/310 311/357/311 314/361/314 313/362/313
f 311/357/311 312/360/312 315/363/315 314/361/314
f 170/364/170 214/365/214 307/355/307 177/366/177
f 214/365/214 215/367/215 308/356/308 307/355/307
f 215/367/215 216/368/216 309/359/309 308/356/308
f 216/368/216 172/252/172 229/254/229 309/359/309
f 309/359/309 229/254/229 230/267/230 312/360/312
f 312/360/312 230/267/230 231/265/231 315/363/315
f 315/363/315 231/265/231 174/266/174 190/337/190
f 314/361/314 315/363/315 190/337/190 191/336/191
f 313/362/313 314/361/314 191/336/191 192/334/192
f 175/369/175 313/362/313 192/334/192 168/333/168
f 176/370/176 310/358/310 313/362/313 175/369/175
f 177/366/177 307/355/307 310/358/310 176/370/176
f 316/371/316 317/372/317 320/373/320 319/374/319
f 317/372/317 318/375/318 321/376/321 320/373/320
f 319/374/319 320/373/320 323/377/323 322/378/322
f 320/373/320 321/376/321 324/379/324 323/377/323
f 166/286/166 189/354/189 316/371/316 201/380/201
f 189/354/189 188/353/188 317/372/317 316/371/316
f 188/353/188 187/352/187 318/375/318 317/372/317
f 187/352/187 173/228/173 232/230/232 318/375/318
f 318/375/318 232/230/232 233/242/233 321/376/321
f 321/376/321 233/242/233 234/240/234 324/379/324
f 324/379/324 234/240/234 172/241/172 216/381/216
f 323/377/323 324/379/324 216/381/216 215/382/215
f 322/378/322 323/377/323 215/382/215 214/383/214
f 199/384/199 322/378/322 214/383/214 170/385/170
f 200/386/200 319/374/319 322/378/322 199/384/199
f 201/380/201 316/371/316 319/374/319 200/386/200
o Cube.006
v -1.736627 2.042276 0.005211
v -1.736627 1.183721 0.005211
v -1.736627 2.042276 0.632365
v -1.736627 1.183721 0.632365
v -2.364417 2.042276 0.005211
v -2.364417 1.183721 0.005211
v -2.364417 2.042276 0.632365
v -2.364417 1.183721 0.632365
v -1.631996 1.522266 -0.099315
v -2.469048 1.522266 0.736890
v -1.631996 1.522266 0.736890
v -2.469048 1.522266 -0.099315
v -2.410203 1.170790 0.132743
v -2.433202 1.164294 0.318788
v -2.410203 1.170789 0.504833
v -1.864288 1.170789 -0.040529
v -2.050522 1.164294 -0.063505
v -2.236756 1.170790 -0.040529
v -1.634236 1.393052 -0.097077
v -1.649919 1.292666 -0.081410
v -1.688600 1.222313 -0.042767
v -2.466808 1.674710 0.734652
v -2.451125 1.828821 0.718985
v -2.412443 1.959949 0.680343
v -1.634236 1.393052 0.734652
v -1.649919 1.292666 0.718985
v -1.688600 1.222313 0.680343
v -2.466808 1.393052 -0.097076
v -2.451125 1.292666 -0.081410
v -2.412443 1.222313 -0.042767
v -1.864288 2.071089 0.678105
v -2.050522 2.085562 0.701081
v -2.236756 2.071089 0.678105
v -1.690841 2.071089 0.132743
v -1.667842 2.085562 0.318788
v -1.690841 2.071089 0.504833
v -2.236756 1.170790 0.678105
v -2.050522 1.164294 0.701081
v -1.864288 1.170789 0.678105
v -2.410203 2.071089 0.504833
v -2.433202 2.085562 0.318788
v -2.410203 2.071089 0.132743
v -2.236756 2.071089 -0.040529
v -2.050522 2.085562 -0.063505
v -1.864288 2.071089 -0.040529
v -1.690841 1.170789 0.504833
v -1.667842 1.164294 0.318788
v -1.690841 1.170790 0.132743
v -1.688600 1.959949 -0.042767
v -1.649919 1.828821 -0.081410
v -1.634236 1.674710 -0.097077
v -2.412443 1.222313 0.680343
v -2.451125 1.292666 0.718985
v -2.466808 1.393052 0.734652
v -1.688600 1.959949 0.680343
v -1.649919 1.828821 0.718985
v -1.634236 1.674710 0.734652
v -2.412443 1.959949 -0.042767
v -2.451125 1.828821 -0.081410
v -2.466808 1.674710 -0.097077
v -2.279403 1.522266 -0.216906
v -2.050522 1.522266 -0.256103
v -1.821640 1.522266 -0.216906
v -1.514285 1.522266 0.090138
v -1.475048 1.522266 0.318788
v -1.514285 1.522266 0.547438
v -2.586759 1.522266 0.547438
v -2.625995 1.522266 0.318788
v -2.586759 1.522266 0.090138
v -1.821640 1.522266 0.854482
v -2.050522 1.522266 0.893679
v -2.279403 1.522266 0.854482
v -1.852042 2.132741 0.120509
v -2.050522 2.153616 0.109858
v -2.249002 2.132741 0.120509
v -1.841380 2.153616 0.318788
v -2.050522 2.176402 0.318788
v -2.259664 2.153616 0.318788
v -1.852042 2.132741 0.517067
v -2.050522 2.153616 0.527718
v -2.249002 2.132741 0.517067
v -1.822874 1.674977 0.851646
v -1.831510 1.830955 0.831798
v -1.850808 1.967922 0.778812
v -2.050522 1.675243 0.890654
v -2.050522 1.833089 0.869483
v -2.050522 1.974899 0.812139
v -2.278170 1.674977 0.851646
v -2.269534 1.830955 0.831798
v -2.250236 1.967922 0.778812
v -2.583920 1.674977 0.546205
v -2.564052 1.830955 0.537578
v -2.511012 1.967922 0.518299
v -2.622968 1.675243 0.318788
v -2.601775 1.833089 0.318788
v -2.544373 1.974899 0.318788
v -2.583920 1.674977 0.091371
v -2.564052 1.830955 0.099998
v -2.511012 1.967922 0.119276
v -2.249002 1.143120 0.120509
v -2.050522 1.133751 0.109858
v -1.852042 1.143120 0.120509
v -2.259664 1.133751 0.318788
v -2.050522 1.123524 0.318788
v -1.841380 1.133751 0.318788
v -2.249002 1.143120 0.517067
v -2.050522 1.133751 0.527718
v -1.852042 1.143120 0.517067
v -1.517123 1.674977 0.091371
v -1.536992 1.830955 0.099998
v -1.590032 1.967922 0.119276
v -1.478076 1.675243 0.318788
v -1.499269 1.833089 0.318788
v -1.556671 1.974899 0.318788
v -1.517123 1.674977 0.546205
v -1.536992 1.830955 0.537578
v -1.590032 1.967922 0.518299
v -2.278170 1.674977 -0.214070
v -2.269534 1.830955 -0.194222
v -2.250236 1.967922 -0.141236
v -2.050522 1.675243 -0.253079
v -2.050522 1.833089 -0.231907
v -2.050522 1.974899 -0.174563
v -1.822874 1.674977 -0.214070
v -1.831510 1.830955 -0.194222
v -1.850808 1.967922 -0.141236
v -2.250236 1.218734 -0.141236
v -2.269534 1.291708 -0.194222
v -2.278170 1.392932 -0.214070
v -2.050522 1.215603 -0.174563
v -2.050522 1.290751 -0.231907
v -2.050522 1.392812 -0.253079
v -1.850808 1.218734 -0.141236
v -1.831510 1.291708 -0.194222
v -1.822874 1.392932 -0.214070
v -1.590032 1.218734 0.119276
v -1.536992 1.291708 0.099998
v -1.517123 1.392932 0.091371
v -1.556671 1.215603 0.318788
v -1.499269 1.290751 0.318788
v -1.478076 1.392812 0.318788
v -1.590032 1.218734 0.518299
v -1.536992 1.291708 0.537578
v -1.517123 1.392932 0.546205
v -2.511012 1.218734 0.518299
v -2.564052 1.291708 0.537578
v -2.583920 1.392932 0.546205
v -2.544373 1.215603 0.318788
v -2.601775 1.290751 0.318788
v -2.622968 1.392812 0.318788
v -2.511012 1.218734 0.119276
v -2.564052 1.291708 0.099998
v -2.583920 1.392932 0.091371
v -1.850808 1.218734 0.778812
v -1.831510 1.291708 0.831798
v -1.822874 1.392932 0.851646
v -2.050522 1.215603 0.812139
v -2.050522 1.290751 0.869483
v -2.050522 1.392812 0.890654
v -2.250236 1.218734 0.778812
v -2.269534 1.291708 0.831798
v -2.278170 1.392932 0.851646
vn 0.4736 0.7423 -0.4740
vn 0.2766 -0.9202 -0.2769
vn 0.4736 0.7423 0.4740
vn 0.2766 -0.9202 0.2769
vn -0.4736 0.7423 -0.4740
vn -0.2766 -0.9202 -0.2769
vn -0.4736 0.7423 0.4740
vn -0.2766 -0.9202 0.2769
vn 0.7067 -0.0019 -0.7075
vn -0.7067 -0.0019 0.7075
vn 0.7067 -0.0019 0.7075
vn -0.7067 -0.0019 -0.7075
vn -0.3054 -0.9416 -0.1417
vn -0.3098 -0.9508 -0.0000
vn -0.3054 -0.9416 0.1417
vn 0.1415 -0.9415 -0.3057
vn -0.0000 -0.9507 -0.3101
vn -0.1415 -0.9415 -0.3057
vn 0.7019 -0.1168 -0.7026
vn 0.6481 -0.3988 -0.6488
vn 0.4752 -0.7403 -0.4757
vn -0.7045 0.0798 0.7052
vn -0.6833 0.2553 0.6840
vn -0.6090 0.5075 0.6096
vn 0.7019 -0.1168 0.7026
vn 0.6481 -0.3988 0.6488
vn 0.4752 -0.7403 0.4757
vn -0.7019 -0.1168 -0.7026
vn -0.6481 -0.3988 -0.6488
vn -0.4752 -0.7403 -0.4757
vn 0.2524 0.8013 0.5424
vn -0.0000 0.8260 0.5636
vn -0.2524 0.8013 0.5424
vn 0.5420 0.8015 -0.2527
vn 0.5632 0.8263 -0.0000
vn 0.5420 0.8015 0.2527
vn -0.1415 -0.9415 0.3057
vn -0.0000 -0.9507 0.3101
vn 0.1415 -0.9415 0.3057
vn -0.5420 0.8015 0.2527
vn -0.5632 0.8263 -0.0000
vn -0.5420 0.8015 -0.2527
vn -0.2524 0.8013 -0.5424
vn -0.0000 0.8260 -0.5636
vn 0.2524 0.8013 -0.5424
vn 0.3054 -0.9416 0.1417
vn 0.3098 -0.9508 -0.0000
vn 0.3054 -0.9416 -0.1417
vn 0.6090 0.5075 -0.6096
vn 0.6833 0.2553 -0.6840
vn 0.7045 0.0798 -0.7052
vn -0.4752 -0.7403 0.4757
vn -0.6481 -0.3988 0.6488
vn -0.7019 -0.1168 0.7026
vn 0.6090 0.5075 0.6096
vn 0.6833 0.2553 0.6840
vn 0.7045 0.0798 0.7052
vn -0.6090 0.5075 -0.6096
vn -0.6833 0.2553 -0.6840
vn -0.7045 0.0798 -0.7052
vn -0.3546 -0.0018 -0.9350
vn -0.0000 -0.0018 -1.0000
vn 0.3546 -0.0018 -0.9350
vn 0.9348 -0.0018 -0.3553
vn 1.0000 -0.0018 -0.0000
vn 0.9348 -0.0018 0.3553
vn -0.9348 -0.0018 0.3553
vn -1.0000 -0.0018 -0.0000
vn -0.9348 -0.0018 -0.3553
vn 0.3546 -0.0018 0.9350
vn -0.0000 -0.0018 1.0000
vn -0.3546 -0.0018 0.9350
vn 0.2366 0.9423 -0.2369
vn -0.0000 0.9697 -0.2443
vn -0.2366 0.9423 -0.2369
vn 0.2440 0.9698 -0.0000
vn -0.0000 1.0000 -0.0000
vn -0.2440 0.9698 -0.0000
vn 0.2366 0.9423 0.2369
vn -0.0000 0.9697 0.2443
vn -0.2366 0.9423 0.2369
vn 0.3543 0.0780 0.9319
vn 0.3451 0.2533 0.9038
vn 0.3054 0.5223 0.7962
vn -0.0000 0.0764 0.9971
vn -0.0000 0.2518 0.9678
vn -0.0000 0.5361 0.8442
vn -0.3543 0.0780 0.9319
vn -0.3451 0.2533 0.9038
vn -0.3054 0.5223 0.7962
vn -0.9316 0.0781 0.3549
vn -0.9035 0.2534 0.3457
vn -0.7958 0.5226 0.3058
vn -0.9971 0.0765 -0.0000
vn -0.9677 0.2520 -0.0000
vn -0.8439 0.5364 -0.0000
vn -0.9316 0.0781 -0.3549
vn -0.9035 0.2534 -0.3457
vn -0.7958 0.5226 -0.3058
vn -0.1128 -0.9872 -0.1130
vn -0.0000 -0.9935 -0.1138
vn 0.1128 -0.9872 -0.1130
vn -0.1137 -0.9935 -0.0000
vn -0.0000 -1.0000 -0.0000
vn 0.1137 -0.9935 -0.0000
vn -0.1128 -0.9872 0.1130
vn -0.0000 -0.9935 0.1138
vn 0.1128 -0.9872 0.1130
vn 0.9316 0.0781 -0.3549
vn 0.9035 0.2534 -0.3457
vn 0.7958 0.5226 -0.3058
vn 0.9971 0.0765 -0.0000
vn 0.9677 0.2520 -0.0000
vn 0.8439 0.5364 -0.0000
vn 0.9316 0.0781 0.3549
vn 0.9035 0.2534 0.3457
vn 0.7958 0.5226 0.3058
vn -0.3543 0.0780 -0.9319
vn -0.3451 0.2533 -0.9038
vn -0.3054 0.5223 -0.7962
vn -0.0000 0.0764 -0.9971
vn -0.0000 0.2518 -0.9678
vn -0.0000 0.5361 -0.8442
vn 0.3543 0.0780 -0.9319
vn 0.3451 0.2533 -0.9038
vn 0.3054 0.5223 -0.7962
vn -0.2360 -0.7505 -0.6173
vn -0.3260 -0.3973 -0.8578
vn -0.3531 -0.1145 -0.9286
vn -0.0000 -0.7591 -0.6509
vn -0.0000 -0.3962 -0.9182
vn -0.0000 -0.1125 -0.9937
vn 0.2360 -0.7505 -0.6173
vn 0.3260 -0.3973 -0.8578
vn 0.3531 -0.1145 -0.9286
vn 0.6169 -0.7507 -0.2363
vn 0.8575 -0.3975 -0.3266
vn 0.9283 -0.1146 -0.3537
vn 0.6506 -0.7595 -0.0000
vn 0.9180 -0.3965 -0.0000
vn 0.9936 -0.1126 -0.0000
vn 0.6169 -0.7507 0.2363
vn 0.8575 -0.3975 0.3266
vn 0.9283 -0.1146 0.3537
vn -0.6169 -0.7507 0.2363
vn -0.8575 -0.3975 0.3266
vn -0.9283 -0.1146 0.3537
vn -0.6506 -0.7595 -0.0000
vn -0.9180 -0.3965 -0.0000
vn -0.9936 -0.1126 -0.0000
vn -0.6169 -0.7507 -0.2363
vn -0.8575 -0.3975 -0.3266
vn -0.9283 -0.1146 -0.3537
vn 0.2360 -0.7505 0.6173
vn 0.3260 -0.3973 0.8578
vn 0.3531 -0.1145 0.9286
vn -0.0000 -0.7591 0.6509
vn -0.0000 -0.3962 0.9182
vn -0.0000 -0.1125 0.9937
vn -0.2360 -0.7505 0.6173
vn -0.3260 -0.3973 0.8578
vn -0.3531 -0.1145 0.9286
vt 0.687581 0.562500
vt 0.750021 0.562500
vt 0.750031 0.625000
vt 0.687613 0.625000
vt 0.812503 0.562500
vt 0.812504 0.625000
vt 0.750021 0.687500
vt 0.687581 0.687500
vt 0.812503 0.687500
vt 0.625000 0.500000
vt 0.687500 0.500000
vt 0.625258 0.562500
vt 0.750000 0.500000
vt 0.812500 0.500000
vt 0.875000 0.500000
vt 0.875000 0.562500
vt 0.875000 0.625000
vt 0.875000 0.687500
vt 0.875000 0.750000
vt 0.812500 0.750000
vt 0.750000 0.750000
vt 0.687500 0.750000
vt 0.625258 0.687500
vt 0.625000 0.750000
vt 0.625312 0.625000
vt 0.456141 0.812500
vt 0.506133 0.812500
vt 0.505386 0.875000
vt 0.453997 0.875000
vt 0.563690 0.812500
vt 0.563595 0.875000
vt 0.503574 0.937500
vt 0.448362 0.937500
vt 0.563368 0.937500
vt 0.418165 0.750000
vt 0.456448 0.750000
vt 0.417739 0.812500
vt 0.506246 0.750000
vt 0.563725 0.750000
vt 0.625000 0.812500
vt 0.625000 0.875000
vt 0.625000 0.937500
vt 0.625000 1.000000
vt 0.563062 1.000000
vt 0.501124 1.000000
vt 0.439185 1.000000
vt 0.405804 0.937500
vt 0.377247 1.000000
vt 0.414755 0.875000
vt 0.448362 0.062500
vt 0.503574 0.062500
vt 0.505386 0.125000
vt 0.453997 0.125000
vt 0.563368 0.062500
vt 0.563595 0.125000
vt 0.506132 0.187500
vt 0.456141 0.187500
vt 0.563688 0.187500
vt 0.377247 0.000000
vt 0.439185 0.000000
vt 0.405804 0.062500
vt 0.501124 0.000000
vt 0.563062 0.000000
vt 0.625000 0.000000
vt 0.625000 0.062500
vt 0.625000 0.125000
vt 0.625000 0.187500
vt 0.625000 0.250000
vt 0.563701 0.250000
vt 0.506238 0.250000
vt 0.456447 0.250000
vt 0.417739 0.187500
vt 0.418165 0.250000
vt 0.414755 0.125000
vt 0.187204 0.562500
vt 0.247634 0.562500
vt 0.246559 0.625000
vt 0.187070 0.625000
vt 0.303548 0.562500
vt 0.300026 0.625000
vt 0.247634 0.687500
vt 0.187204 0.687500
vt 0.303548 0.687500
vt 0.125000 0.500000
vt 0.187500 0.500000
vt 0.125000 0.562500
vt 0.250000 0.500000
vt 0.312500 0.500000
vt 0.375000 0.500000
vt 0.346558 0.562500
vt 0.340590 0.625000
vt 0.346558 0.687500
vt 0.375000 0.750000
vt 0.312500 0.750000
vt 0.250000 0.750000
vt 0.187500 0.750000
vt 0.125000 0.687500
vt 0.125000 0.750000
vt 0.125000 0.625000
vt 0.456450 0.562500
vt 0.506261 0.562500
vt 0.506269 0.625000
vt 0.456451 0.625000
vt 0.563784 0.562500
vt 0.563814 0.625000
vt 0.506261 0.687500
vt 0.456450 0.687500
vt 0.563784 0.687500
vt 0.418165 0.500000
vt 0.456448 0.500000
vt 0.418165 0.562500
vt 0.506246 0.500000
vt 0.563725 0.500000
vt 0.418165 0.687500
vt 0.418165 0.625000
vt 0.456447 0.312500
vt 0.506238 0.312500
vt 0.506238 0.375000
vt 0.456447 0.375000
vt 0.563701 0.312500
vt 0.563701 0.375000
vt 0.506239 0.437500
vt 0.456448 0.437500
vt 0.563703 0.437500
vt 0.418165 0.312500
vt 0.625000 0.312500
vt 0.625000 0.375000
vt 0.625000 0.437500
vt 0.418165 0.437500
vt 0.418165 0.375000
vt 0.376201 0.312500
vt 0.381238 0.312500
vt 0.381238 0.375000
vt 0.376201 0.375000
vt 0.393947 0.312500
vt 0.393947 0.375000
vt 0.381131 0.437500
vt 0.375973 0.437500
vt 0.393934 0.437500
vt 0.375000 0.250000
vt 0.376201 0.250000
vt 0.375000 0.312500
vt 0.381238 0.250000
vt 0.393947 0.250000
vt 0.393840 0.500000
vt 0.380378 0.500000
vt 0.373620 0.500000
vt 0.375000 0.437500
vt 0.375000 0.375000
vt 0.367021 0.562500
vt 0.378765 0.562500
vt 0.377797 0.625000
vt 0.363727 0.625000
vt 0.393638 0.562500
vt 0.393517 0.625000
vt 0.378765 0.687500
vt 0.367021 0.687500
vt 0.393638 0.687500
vt 0.393840 0.750000
vt 0.380378 0.750000
vt 0.373620 0.750000
vt 0.375868 0.062500
vt 0.378574 0.062500
vt 0.380386 0.125000
vt 0.376095 0.125000
vt 0.385862 0.062500
vt 0.391497 0.125000
vt 0.381132 0.187500
vt 0.376188 0.187500
vt 0.393641 0.187500
vt 0.375000 0.000000
vt 0.375562 0.000000
vt 0.375000 0.062500
vt 0.376124 0.000000
vt 0.376685 0.000000
vt 0.375000 0.187500
vt 0.375000 0.125000
vt 0.375959 0.812500
vt 0.381024 0.812500
vt 0.380386 0.875000
vt 0.376095 0.875000
vt 0.393628 0.812500
vt 0.391497 0.875000
vt 0.378574 0.937500
vt 0.375868 0.937500
vt 0.385862 0.937500
vt 0.375000 0.812500
vt 0.376685 1.000000
vt 0.376124 1.000000
vt 0.375562 1.000000
vt 0.375000 0.937500
vt 0.375000 1.000000
vt 0.375000 0.875000
s 1
usemtl Material
f 397/387/397 398/388/398 401/389/401 400/390/400
f 398/388/398 399/391/399 402/392/402 401/389/401
f 400/390/400 401/389/401 404/393/404 403/394/403
f 401/389/401 402/392/402 405/395/405 404/393/404
f 325/396/325 369/397/369 397/387/397 358/398/358
f 369/397/369 368/399/368 398/388/398 397/387/397
f 368/399/368 367/400/367 399/391/399 398/388/398
f 367/400/367 329/401/329 366/402/366 399/391/399
f 399/391/399 366/402/366 365/403/365 402/392/402
f 402/392/402 365/403/365 364/404/364 405/395/405
f 405/395/405 364/404/364 331/405/331 357/406/357
f 404/393/404 405/395/405 357/406/357 356/407/356
f 403/394/403 404/393/404 356/407/356 355/408/355
f 360/409/360 403/394/403 355/408/355 327/410/327
f 359/411/359 400/390/400 403/394/403 360/409/360
f 358/398/358 397/387/397 400/390/400 359/411/359
f 406/412/406 407/413/407 410/414/410 409/415/409
f 407/413/407 408/416/408 411/417/411 410/414/410
f 409/415/409 410/414/410 413/418/413 412/419/412
f 410/414/410 411/417/411 414/420/414 413/418/413
f 335/421/335 381/422/381 406/412/406 394/423/394
f 381/422/381 380/424/380 407/413/407 406/412/406
f 380/424/380 379/425/379 408/416/408 407/413/407
f 379/425/379 327/410/327 355/426/355 408/416/408
f 408/416/408 355/426/355 356/427/356 411/417/411
f 411/417/411 356/427/356 357/428/357 414/420/414
f 414/420/414 357/428/357 331/429/331 348/430/348
f 413/418/413 414/420/414 348/430/348 347/431/347
f 412/419/412 413/418/413 347/431/347 346/432/346
f 396/433/396 412/419/412 346/432/346 334/434/334
f 395/435/395 409/415/409 412/419/412 396/433/396
f 394/423/394 406/412/406 409/415/409 395/435/395
f 415/436/415 416/437/416 419/438/419 418/439/418
f 416/437/416 417/440/417 420/441/420 419/438/419
f 418/439/418 419/438/419 422/442/422 421/443/421
f 419/438/419 420/441/420 423/444/423 422/442/422
f 334/445/334 346/446/346 415/436/415 391/447/391
f 346/446/346 347/448/347 416/437/416 415/436/415
f 347/448/347 348/449/348 417/440/417 416/437/416
f 348/449/348 331/450/331 364/451/364 417/440/417
f 417/440/417 364/451/364 365/452/365 420/441/420
f 420/441/420 365/452/365 366/453/366 423/444/423
f 423/444/423 366/453/366 329/454/329 382/455/382
f 422/442/422 423/444/423 382/455/382 383/456/383
f 421/443/421 422/442/422 383/456/383 384/457/384
f 393/458/393 421/443/421 384/457/384 336/459/336
f 392/460/392 418/439/418 421/443/421 393/458/393
f 391/447/391 415/436/415 418/439/418 392/460/392
f 424/461/424 425/462/425 428/463/428 427/464/427
f 425/462/425 426/465/426 429/466/429 428/463/428
f 427/464/427 428/463/428 431/467/431 430/468/430
f 428/463/428 429/466/429 432/469/432 431/467/431
f 330/470/330 342/471/342 424/461/424 337/472/337
f 342/471/342 341/473/341 425/462/425 424/461/424
f 341/473/341 340/474/340 426/465/426 425/462/425
f 340/474/340 326/475/326 372/476/372 426/465/426
f 426/465/426 372/476/372 371/477/371 429/466/429
f 429/466/429 371/477/371 370/478/370 432/469/432
f 432/469/432 370/478/370 328/479/328 363/480/363
f 431/467/431 432/469/432 363/480/363 362/481/362
f 430/468/430 431/467/431 362/481/362 361/482/361
f 339/483/339 430/468/430 361/482/361 332/484/332
f 338/485/338 427/464/427 430/468/430 339/483/339
f 337/472/337 424/461/424 427/464/427 338/485/338
f 433/486/433 434/487/434 437/488/437 436/489/436
f 434/487/434 435/490/435 438/491/438 437/488/437
f 436/489/436 437/488/437 440/492/440 439/493/439
f 437/488/437 438/491/438 441/494/441 440/492/440
f 333/495/333 375/496/375 433/486/433 388/497/388
f 375/496/375 374/498/374 434/487/434 433/486/433
f 374/498/374 373/499/373 435/490/435 434/487/434
f 373/499/373 325/396/325 358/398/358 435/490/435
f 435/490/435 358/398/358 359/411/359 438/491/438
f 438/491/438 359/411/359 360/409/360 441/494/441
f 441/494/441 360/409/360 327/410/327 379/425/379
f 440/492/440 441/494/441 379/425/379 380/424/380
f 439/493/439 440/492/440 380/424/380 381/422/381
f 390/500/390 439/493/439 381/422/381 335/421/335
f 389/501/389 436/489/436 439/493/439 390/500/390
f 388/497/388 433/486/433 436/489/436 389/501/389
f 442/502/442 443/503/443 446/504/446 445/505/445
f 443/503/443 444/506/444 447/507/447 446/504/446
f 445/505/445 446/504/446 449/508/449 448/509/448
f 446/504/446 447/507/447 450/510/450 449/508/449
f 336/459/336 384/457/384 442/502/442 385/511/385
f 384/457/384 383/456/383 443/503/443 442/502/442
f 383/456/383 382/455/382 444/506/444 443/503/443
f 382/455/382 329/454/329 367/512/367 444/506/444
f 444/506/444 367/512/367 368/513/368 447/507/447
f 447/507/447 368/513/368 369/514/369 450/510/450
f 450/510/450 369/514/369 325/396/325 373/499/373
f 449/508/449 450/510/450 373/499/373 374/498/374
f 448/509/448 449/508/449 374/498/374 375/496/375
f 387/515/387 448/509/448 375/496/375 333/495/333
f 386/516/386 445/505/445 448/509/448 387/515/387
f 385/511/385 442/502/442 445/505/445 386/516/386
f 451/517/451 452/518/452 455/519/455 454/520/454
f 452/518/452 453/521/453 456/522/456 455/519/455
f 454/520/454 455/519/455 458/523/458 457/524/457
f 455/519/455 456/522/456 459/525/459 458/523/458
f 330/526/330 354/527/354 451/517/451 342/528/342
f 354/527/354 353/529/353 452/518/452 451/517/451
f 353/529/353 352/530/352 453/521/453 452/518/452
f 352/530/352 336/459/336 385/511/385 453/521/453
f 453/521/453 385/511/385 386/516/386 456/522/456
f 456/522/456 386/516/386 387/515/387 459/525/459
f 459/525/459 387/515/387 333/495/333 343/531/343
f 458/523/458 459/525/459 343/531/343 344/532/344
f 457/524/457 458/523/458 344/532/344 345/533/345
f 340/534/340 457/524/457 345/533/345 326/475/326
f 341/535/341 454/520/454 457/524/457 340/534/340
f 342/528/342 451/517/451 454/520/454 341/535/341
f 460/536/460 461/537/461 464/538/464 463/539/463
f 461/537/461 462/540/462 465/541/465 464/538/464
f 463/539/463 464/538/464 467/542/467 466/543/466
f 464/538/464 465/541/465 468/544/468 467/542/467
f 326/475/326 345/533/345 460/536/460 372/476/372
f 345/533/345 344/532/344 461/537/461 460/536/460
f 344/532/344 343/531/343 462/540/462 461/537/461
f 343/531/343 333/495/333 388/497/388 462/540/462
f 462/540/462 388/497/388 389/501/389 465/541/465
f 465/541/465 389/501/389 390/500/390 468/544/468
f 468/544/468 390/500/390 335/421/335 349/545/349
f 467/542/467 468/544/468 349/545/349 350/546/350
f 466/543/466 467/542/467 350/546/350 351/547/351
f 370/478/370 466/543/466 351/547/351 328/479/328
f 371/477/371 463/539/463 466/543/466 370/478/370
f 372/476/372 460/536/460 463/539/463 371/477/371
f 469/548/469 470/549/470 473/550/473 472/551/472
f 470/549/470 471/552/471 474/553/474 473/550/473
f 472/551/472 473/550/473 476/554/476 475/555/475
f 473/550/473 474/553/474 477/556/477 476/554/476
f 332/557/332 376/558/376 469/548/469 339/559/339
f 376/558/376 377/560/377 470/549/470 469/548/469
f 377/560/377 378/561/378 471/552/471 470/549/470
f 378/561/378 334/445/334 391/447/391 471/552/471
f 471/552/471 391/447/391 392/460/392 474/553/474
f 474/553/474 392/460/392 393/458/393 477/556/477
f 477/556/477 393/458/393 336/459/336 352/530/352
f 476/554/476 477/556/477 352/530/352 353/529/353
f 475/555/475 476/554/476 353/529/353 354/527/354
f 337/562/337 475/555/475 354/527/354 330/526/330
f 338/563/338 472/551/472 475/555/475 337/562/337
f 339/559/339 469/548/469 472/551/472 338/563/338
f 478/564/478 479/565/479 482/566/482 481/567/481
f 479/565/479 480/568/480 483/569/483 482/566/482
f 481/567/481 482/566/482 485/570/485 484/571/484
f 482/566/482 483/569/483 486/572/486 485/570/485
f 328/479/328 351/547/351 478/564/478 363/573/363
f 351/547/351 350/546/350 479/565/479 478/564/478
f 350/546/350 349/545/349 480/568/480 479/565/479
f 349/545/349 335/421/335 394/423/394 480/568/480
f 480/568/480 394/423/394 395/435/395 483/569/483
f 483/569/483 395/435/395 396/433/396 486/572/486
f 486/572/486 396/433/396 334/434/334 378/574/378
f 485/570/485 486/572/486 378/574/378 377/575/377
f 484/571/484 485/570/485 377/575/377 376/576/376
f 361/577/361 484/571/484 376/576/376 332/578/332
f 362/579/362 481/567/481 484/571/484 361/577/361
f 363/573/363 478/564/478 481/567/481 362/579/362
o Cube.007
v -1.989449 1.809874 -0.173827
v -1.989449 0.742436 -0.173827
v -1.989449 1.809874 0.605911
v -1.989449 0.742436 0.605911
v -2.769977 1.809874 -0.173827
v -2.769977 0.742436 -0.173827
v -2.769977 1.809874 0.605911
v -2.769977 0.742436 0.605911
v -1.859360 1.163348 -0.303784
v -2.900065 1.163348 0.735867
v -1.859360 1.163348 0.735867
v -2.900065 1.163348 -0.303784
v -2.826903 0.726358 -0.015267
v -2.855498 0.718282 0.216042
v -2.826903 0.726358 0.447351
v -2.148169 0.726358 -0.230696
v -2.379713 0.718282 -0.259261
v -2.611257 0.726358 -0.230696
v -1.862146 1.002696 -0.301001
v -1.881644 0.877887 -0.281523
v -1.929737 0.790417 -0.233478
v -2.897280 1.352881 0.733085
v -2.877781 1.544486 0.713606
v -2.829689 1.707518 0.665562
v -1.862146 1.002696 0.733084
v -1.881644 0.877887 0.713606
v -1.929737 0.790417 0.665562
v -2.897280 1.002696 -0.301001
v -2.877781 0.877887 -0.281523
v -2.829689 0.790417 -0.233478
v -2.148169 1.845697 0.662779
v -2.379713 1.863692 0.691345
v -2.611257 1.845697 0.662779
v -1.932523 1.845697 -0.015267
v -1.903928 1.863692 0.216042
v -1.932523 1.845697 0.447351
v -2.611257 0.726358 0.662779
v -2.379713 0.718282 0.691345
v -2.148169 0.726358 0.662779
v -2.826903 1.845697 0.447351
v -2.855498 1.863692 0.216042
v -2.826903 1.845697 -0.015267
v -2.611257 1.845697 -0.230696
v -2.379713 1.863692 -0.259261
v -2.148169 1.845697 -0.230696
v -1.932523 0.726358 0.447351
v -1.903928 0.718282 0.216042
v -1.932522 0.726358 -0.015267
v -1.929737 1.707518 -0.233478
v -1.881644 1.544486 -0.281523
v -1.862146 1.352880 -0.301001
v -2.829689 0.790417 0.665562
v -2.877782 0.877887 0.713606
v -2.897280 1.002696 0.733085
v -1.929737 1.707518 0.665562
v -1.881644 1.544486 0.713606
v -1.862146 1.352880 0.733085
v -2.829689 1.707518 -0.233478
v -2.877781 1.544486 -0.281523
v -2.897280 1.352880 -0.301001
v -2.664280 1.163348 -0.449985
v -2.379713 1.163348 -0.498718
v -2.095145 1.163348 -0.449984
v -1.713011 1.163348 -0.068238
v -1.664228 1.163348 0.216042
v -1.713012 1.163348 0.500321
v -3.046414 1.163348 0.500321
v -3.095197 1.163348 0.216042
v -3.046414 1.163348 -0.068238
v -2.095145 1.163348 0.882068
v -2.379713 1.163348 0.930802
v -2.664280 1.163348 0.882068
v -2.132943 1.922350 -0.030478
v -2.379713 1.948303 -0.043721
v -2.626482 1.922350 -0.030478
v -2.119687 1.948303 0.216042
v -2.379713 1.976633 0.216042
v -2.639739 1.948303 0.216042
v -2.132943 1.922350 0.462562
v -2.379713 1.948303 0.475804
v -2.626482 1.922350 0.462562
v -2.096679 1.353212 0.878543
v -2.107416 1.547139 0.853866
v -2.131409 1.717431 0.787988
v -2.379713 1.353544 0.927041
v -2.379713 1.549792 0.900719
v -2.379713 1.726104 0.829424
v -2.662747 1.353212 0.878543
v -2.652009 1.547139 0.853866
v -2.628016 1.717431 0.787988
v -3.042885 1.353212 0.498789
v -3.018183 1.547139 0.488063
v -2.952239 1.717431 0.464094
v -3.091433 1.353544 0.216042
v -3.065084 1.549792 0.216042
v -2.993716 1.726104 0.216042
v -3.042885 1.353212 -0.066705
v -3.018183 1.547139 -0.055979
v -2.952239 1.717431 -0.032010
v -2.626482 0.691956 -0.030478
v -2.379713 0.680308 -0.043721
v -2.132943 0.691956 -0.030478
v -2.639739 0.680308 0.216042
v -2.379713 0.667594 0.216042
v -2.119687 0.680308 0.216042
v -2.626482 0.691956 0.462562
v -2.379713 0.680308 0.475804
v -2.132943 0.691956 0.462562
v -1.716540 1.353212 -0.066705
v -1.741242 1.547139 -0.055979
v -1.807187 1.717431 -0.032010
v -1.667993 1.353544 0.216042
v -1.694341 1.549792 0.216042
v -1.765709 1.726104 0.216042
v -1.716540 1.353212 0.498789
v -1.741242 1.547139 0.488063
v -1.807187 1.717431 0.464094
v -2.662747 1.353212 -0.446459
v -2.652009 1.547139 -0.421782
v -2.628016 1.717431 -0.355905
v -2.379713 1.353544 -0.494958
v -2.379713 1.549792 -0.468636
v -2.379713 1.726104 -0.397340
v -2.096679 1.353212 -0.446459
v -2.107416 1.547139 -0.421782
v -2.131409 1.717431 -0.355905
v -2.628016 0.785968 -0.355905
v -2.652009 0.876696 -0.421782
v -2.662747 1.002547 -0.446459
v -2.379713 0.782075 -0.397340
v -2.379713 0.875505 -0.468636
v -2.379713 1.002398 -0.494958
v -2.131409 0.785968 -0.355905
v -2.107416 0.876696 -0.421782
v -2.096679 1.002547 -0.446459
v -1.807187 0.785968 -0.032010
v -1.741242 0.876696 -0.055979
v -1.716540 1.002547 -0.066705
v -1.765709 0.782075 0.216042
v -1.694341 0.875505 0.216042
v -1.667993 1.002398 0.216042
v -1.807187 0.785968 0.464094
v -1.741242 0.876696 0.488063
v -1.716540 1.002547 0.498789
v -2.952239 0.785968 0.464094
v -3.018183 0.876696 0.488063
v -3.042885 1.002547 0.498789
v -2.993716 0.782075 0.216042
v -3.065084 0.875505 0.216042
v -3.091433 1.002398 0.216042
v -2.952239 0.785968 -0.032010
v -3.018183 0.876696 -0.055979
v -3.042885 1.002547 -0.066705
v -2.131409 0.785968 0.787988
v -2.107416 0.876696 0.853866
v -2.096679 1.002547 0.878543
v -2.379713 0.782075 0.829424
v -2.379713 0.875505 0.900719
v -2.379713 1.002398 0.927041
v -2.628016 0.785968 0.787988
v -2.652009 0.876696 0.853866
v -2.662747 1.002547 0.878543
vn 0.4736 0.7423 -0.4740
vn 0.2766 -0.9202 -0.2769
vn 0.4736 0.7423 0.4740
vn 0.2766 -0.9202 0.2769
vn -0.4736 0.7423 -0.4740
vn -0.2766 -0.9202 -0.2769
vn -0.4736 0.7423 0.4740
vn -0.2766 -0.9202 0.2769
vn 0.7067 -0.0019 -0.7075
vn -0.7067 -0.0019 0.7075
vn 0.7067 -0.0019 0.7075
vn -0.7067 -0.0019 -0.7075
vn -0.3054 -0.9416 -0.1417
vn -0.3098 -0.9508 -0.0000
vn -0.3054 -0.9416 0.1417
vn 0.1415 -0.9415 -0.3057
vn -0.0000 -0.9507 -0.3101
vn -0.1415 -0.9415 -0.3057
vn 0.7019 -0.1168 -0.7026
vn 0.6481 -0.3988 -0.6488
vn 0.4752 -0.7403 -0.4757
vn -0.7045 0.0798 0.7052
vn -0.6833 0.2553 0.6840
vn -0.6090 0.5075 0.6096
vn 0.7019 -0.1168 0.7026
vn 0.6481 -0.3988 0.6488
vn 0.4752 -0.7403 0.4757
vn -0.7019 -0.1168 -0.7026
vn -0.6481 -0.3988 -0.6488
vn -0.4752 -0.7403 -0.4757
vn 0.2524 0.8013 0.5424
vn -0.0000 0.8260 0.5636
vn -0.2524 0.8013 0.5424
vn 0.5420 0.8015 -0.2527
vn 0.5632 0.8263 -0.0000
vn 0.5420 0.8015 0.2527
vn -0.1415 -0.9415 0.3057
vn -0.0000 -0.9507 0.3101
vn 0.1415 -0.9415 0.3057
vn -0.5420 0.8015 0.2527
vn -0.5632 0.8263 -0.0000
vn -0.5420 0.8015 -0.2527
vn -0.2524 0.8013 -0.5424
vn -0.0000 0.8260 -0.5636
vn 0.2524 0.8013 -0.5424
vn 0.3054 -0.9416 0.1417
vn 0.3098 -0.9508 -0.0000
vn 0.3054 -0.9416 -0.1417
vn 0.6090 0.5075 -0.6096
vn 0.6833 0.2553 -0.6840
vn 0.7045 0.0798 -0.7052
vn -0.4752 -0.7403 0.4757
vn -0.6481 -0.3988 0.6488
vn -0.7019 -0.1168 0.7026
vn 0.6090 0.5075 0.6096
vn 0.6833 0.2553 0.6840
vn 0.7045 0.0798 0.7052
vn -0.6090 0.5075 -0.6096
vn -0.6833 0.2553 -0.6840
vn -0.7045 0.0798 -0.7052
vn -0.3546 -0.0018 -0.9350
vn -0.0000 -0.0018 -1.0000
vn 0.3546 -0.0018 -0.9350
vn 0.9348 -0.0018 -0.3553
vn 1.0000 -0.0018 -0.0000
vn 0.9348 -0.0018 0.3553
vn -0.9348 -0.0018 0.3553
vn -1.0000 -0.0018 -0.0000
vn -0.9348 -0.0018 -0.3553
vn 0.3546 -0.0018 0.9350
vn -0.0000 -0.0018 1.0000
vn -0.3546 -0.0018 0.9350
vn 0.2366 0.9423 -0.2369
vn -0.0000 0.9697 -0.2443
vn -0.2366 0.9423 -0.2369
vn 0.2440 0.9698 -0.0000
vn -0.0000 1.0000 -0.0000
vn -0.2440 0.9698 -0.0000
vn 0.2366 0.9423 0.2369
vn -0.0000 0.9697 0.2443
vn -0.2366 0.9423 0.2369
vn 0.3543 0.0780 0.9319
vn 0.3451 0.2533 0.9038
vn 0.3054 0.5223 0.7962
vn -0.0000 0.0764 0.9971
vn -0.0000 0.2518 0.9678
vn -0.0000 0.5361 0.8442
vn -0.3543 0.0780 0.9319
vn -0.3451 0.2533 0.9038
vn -0.3054 0.5223 0.7962
vn -0.9316 0.0781 0.3549
vn -0.9035 0.2534 0.3457
vn -0.7958 0.5226 0.3058
vn -0.9971 0.0765 -0.0000
vn -0.9677 0.2520 -0.0000
vn -0.8439 0.5364 -0.0000
vn -0.9316 0.0781 -0.3549
vn -0.9035 0.2534 -0.3457
vn -0.7958 0.5226 -0.3058
vn -0.1128 -0.9872 -0.1130
vn -0.0000 -0.9935 -0.1138
vn 0.1128 -0.9872 -0.1130
vn -0.1137 -0.9935 -0.0000
vn -0.0000 -1.0000 -0.0000
vn 0.1137 -0.9935 -0.0000
vn -0.1128 -0.9872 0.1130
vn -0.0000 -0.9935 0.1138
vn 0.1128 -0.9872 0.1130
vn 0.9316 0.0781 -0.3549
vn 0.9035 0.2534 -0.3457
vn 0.7958 0.5226 -0.3058
vn 0.9971 0.0765 -0.0000
vn 0.9677 0.2520 -0.0000
vn 0.8439 0.5364 -0.0000
vn 0.9316 0.0781 0.3549
vn 0.9035 0.2534 0.3457
vn 0.7958 0.5226 0.3058
vn -0.3543 0.0780 -0.9319
vn -0.3451 0.2533 -0.9038
vn -0.3054 0.5223 -0.7962
vn -0.0000 0.0764 -0.9971
vn -0.0000 0.2518 -0.9678
vn -0.0000 0.5361 -0.8442
vn 0.3543 0.0780 -0.9319
vn 0.3451 0.2533 -0.9038
vn 0.3054 0.5223 -0.7962
vn -0.2360 -0.7505 -0.6173
vn -0.3260 -0.3973 -0.8578
vn -0.3531 -0.1145 -0.9286
vn -0.0000 -0.7591 -0.6509
vn -0.0000 -0.3962 -0.9182
vn -0.0000 -0.1125 -0.9937
vn 0.2360 -0.7505 -0.6173
vn 0.3260 -0.3973 -0.8578
vn 0.3531 -0.1145 -0.9286
vn 0.6169 -0.7507 -0.2363
vn 0.8575 -0.3975 -0.3266
vn 0.9283 -0.1146 -0.3537
vn 0.6506 -0.7595 -0.0000
vn 0.9180 -0.3965 -0.0000
vn 0.9936 -0.1126 -0.0000
vn 0.6169 -0.7507 0.2363
vn 0.8575 -0.3975 0.3266
vn 0.9283 -0.1146 0.3537
vn -0.6169 -0.7507 0.2363
vn -0.8575 -0.3975 0.3266
vn -0.9283 -0.1146 0.3537
vn -0.6506 -0.7595 -0.0000
vn -0.9180 -0.3965 -0.0000
vn -0.9936 -0.1126 -0.0000
vn -0.6169 -0.7507 -0.2363
vn -0.8575 -0.3975 -0.3266
vn -0.9283 -0.1146 -0.3537
vn 0.2360 -0.7505 0.6173
vn 0.3260 -0.3973 0.8578
vn 0.3531 -0.1145 0.9286
vn -0.0000 -0.7591 0.6509
vn -0.0000 -0.3962 0.9182
vn -0.0000 -0.1125 0.9937
vn -0.2360 -0.7505 0.6173
vn -0.3260 -0.3973 0.8578
vn -0.3531 -0.1145 0.9286
vt 0.687581 0.562500
vt 0.750021 0.562500
vt 0.750031 0.625000
vt 0.687613 0.625000
vt 0.812503 0.562500
vt 0.812504 0.625000
vt 0.750021 0.687500
vt 0.687581 0.687500
vt 0.812503 0.687500
vt 0.625000 0.500000
vt 0.687500 0.500000
vt 0.625258 0.562500
vt 0.750000 0.500000
vt 0.812500 0.500000
vt 0.875000 0.500000
vt 0.875000 0.562500
vt 0.875000 0.625000
vt 0.875000 0.687500
vt 0.875000 0.750000
vt 0.812500 0.750000
vt 0.750000 0.750000
vt 0.687500 0.750000
vt 0.625258 0.687500
vt 0.625000 0.750000
vt 0.625312 0.625000
vt 0.456141 0.812500
vt 0.506133 0.812500
vt 0.505386 0.875000
vt 0.453997 0.875000
vt 0.563690 0.812500
vt 0.563595 0.875000
vt 0.503574 0.937500
vt 0.448362 0.937500
vt 0.563368 0.937500
vt 0.418165 0.750000
vt 0.456448 0.750000
vt 0.417739 0.812500
vt 0.506246 0.750000
vt 0.563725 0.750000
vt 0.625000 0.812500
vt 0.625000 0.875000
vt 0.625000 0.937500
vt 0.625000 1.000000
vt 0.563062 1.000000
vt 0.501124 1.000000
vt 0.439185 1.000000
vt 0.405804 0.937500
vt 0.377247 1.000000
vt 0.414755 0.875000
vt 0.448362 0.062500
vt 0.503574 0.062500
vt 0.505386 0.125000
vt 0.453997 0.125000
vt 0.563368 0.062500
vt 0.563595 0.125000
vt 0.506132 0.187500
vt 0.456141 0.187500
vt 0.563688 0.187500
vt 0.377247 0.000000
vt 0.439185 0.000000
vt 0.405804 0.062500
vt 0.501124 0.000000
vt 0.563062 0.000000
vt 0.625000 0.000000
vt 0.625000 0.062500
vt 0.625000 0.125000
vt 0.625000 0.187500
vt 0.625000 0.250000
vt 0.563701 0.250000
vt 0.506238 0.250000
vt 0.456447 0.250000
vt 0.417739 0.187500
vt 0.418165 0.250000
vt 0.414755 0.125000
vt 0.187204 0.562500
vt 0.247634 0.562500
vt 0.246559 0.625000
vt 0.187070 0.625000
vt 0.303548 0.562500
vt 0.300026 0.625000
vt 0.247634 0.687500
vt 0.187204 0.687500
vt 0.303548 0.687500
vt 0.125000 0.500000
vt 0.187500 0.500000
vt 0.125000 0.562500
vt 0.250000 0.500000
vt 0.312500 0.500000
vt 0.375000 0.500000
vt 0.346558 0.562500
vt 0.340590 0.625000
vt 0.346558 0.687500
vt 0.375000 0.750000
vt 0.312500 0.750000
vt 0.250000 0.750000
vt 0.187500 0.750000
vt 0.125000 0.687500
vt 0.125000 0.750000
vt 0.125000 0.625000
vt 0.456450 0.562500
vt 0.506261 0.562500
vt 0.506269 0.625000
vt 0.456451 0.625000
vt 0.563784 0.562500
vt 0.563814 0.625000
vt 0.506261 0.687500
vt 0.456450 0.687500
vt 0.563784 0.687500
vt 0.418165 0.500000
vt 0.456448 0.500000
vt 0.418165 0.562500
vt 0.506246 0.500000
vt 0.563725 0.500000
vt 0.418165 0.687500
vt 0.418165 0.625000
vt 0.456447 0.312500
vt 0.506238 0.312500
vt 0.506238 0.375000
vt 0.456447 0.375000
vt 0.563701 0.312500
vt 0.563701 0.375000
vt 0.506239 0.437500
vt 0.456448 0.437500
vt 0.563703 0.437500
vt 0.418165 0.312500
vt 0.625000 0.312500
vt 0.625000 0.375000
vt 0.625000 0.437500
vt 0.418165 0.437500
vt 0.418165 0.375000
vt 0.376201 0.312500
vt 0.381238 0.312500
vt 0.381238 0.375000
vt 0.376201 0.375000
vt 0.393947 0.312500
vt 0.393947 0.375000
vt 0.381131 0.437500
vt 0.375973 0.437500
vt 0.393934 0.437500
vt 0.375000 0.250000
vt 0.376201 0.250000
vt 0.375000 0.312500
vt 0.381238 0.250000
vt 0.393947 0.250000
vt 0.393840 0.500000
vt 0.380378 0.500000
vt 0.373620 0.500000
vt 0.375000 0.437500
vt 0.375000 0.375000
vt 0.367021 0.562500
vt 0.378765 0.562500
vt 0.377797 0.625000
vt 0.363727 0.625000
vt 0.393638 0.562500
vt 0.393517 0.625000
vt 0.378765 0.687500
vt 0.367021 0.687500
vt 0.393638 0.687500
vt 0.393840 0.750000
vt 0.380378 0.750000
vt 0.373620 0.750000
vt 0.375868 0.062500
vt 0.378574 0.062500
vt 0.380386 0.125000
vt 0.376095 0.125000
vt 0.385862 0.062500
vt 0.391497 0.125000
vt 0.381132 0.187500
vt 0.376188 0.187500
vt 0.393641 0.187500
vt 0.375000 0.000000
vt 0.375562 0.000000
vt 0.375000 0.062500
vt 0.376124 0.000000
vt 0.376685 0.000000
vt 0.375000 0.187500
vt 0.375000 0.125000
vt 0.375959 0.812500
vt 0.381024 0.812500
vt 0.380386 0.875000
vt 0.376095 0.875000
vt 0.393628 0.812500
vt 0.391497 0.875000
vt 0.378574 0.937500
vt 0.375868 0.937500
vt 0.385862 0.937500
vt 0.375000 0.812500
vt 0.376685 1.000000
vt 0.376124 1.000000
vt 0.375562 1.000000
vt 0.375000 0.937500
vt 0.375000 1.000000
vt 0.375000 0.875000
s 1
usemtl Material
f 559/580/559 560/581/560 563/582/563 562/583/562
f 560/581/560 561/584/561 564/585/564 563/582/563
f 562/583/562 563/582/563 566/586/566 565/587/565
f 563/582/563 564/585/564 567/588/567 566/586/566
f 487/589/487 531/590/531 559/580/559 520/591/520
f 531/590/531 530/592/530 560/581/560 559/580/559
f 530/592/530 529/593/529 561/584/561 560/581/560
f 529/593/529 491/594/491 528/595/528 561/584/561
f 561/584/561 528/595/528 527/596/527 564/585/564
f 564/585/564 527/596/527 526/597/526 567/588/567
f 567/588/567 526/597/526 493/598/493 519/599/519
f 566/586/566 567/588/567 519/599/519 518/600/518
f 565/587/565 566/586/566 518/600/518 517/601/517
f 522/602/522 565/587/565 517/601/517 489/603/489
f 521/604/521 562/583/562 565/587/565 522/602/522
f 520/591/520 559/580/559 562/583/562 521/604/521
f 568/605/568 569/606/569 572/607/572 571/608/571
f 569/606/569 570/609/570 573/610/573 572/607/572
f 571/608/571 572/607/572 575/611/575 574/612/574
f 572/607/572 573/610/573 576/613/576 575/611/575
f 497/614/497 543/615/543 568/605/568 556/616/556
f 543/615/543 542/617/542 569/606/569 568/605/568
f 542/617/542 541/618/541 570/609/570 569/606/569
f 541/618/541 489/603/489 517/619/517 570/609/570
f 570/609/570 517/619/517 518/620/518 573/610/573
f 573/610/573 518/620/518 519/621/519 576/613/576
f 576/613/576 519/621/519 493/622/493 510/623/510
f 575/611/575 576/613/576 510/623/510 509/624/509
f 574/612/574 575/611/575 509/624/509 508/625/508
f 558/626/558 574/612/574 508/625/508 496/627/496
f 557/628/557 571/608/571 574/612/574 558/626/558
f 556/616/556 568/605/568 571/608/571 557/628/557
f 577/629/577 578/630/578 581/631/581 580/632/580
f 578/630/578 579/633/579 582/634/582 581/631/581
f 580/632/580 581/631/581 584/635/584 583/636/583
f 581/631/581 582/634/582 585/637/585 584/635/584
f 496/638/496 508/639/508 577/629/577 553/640/553
f 508/639/508 509/641/509 578/630/578 577/629/577
f 509/641/509 510/642/510 579/633/579 578/630/578
f 510/642/510 493/643/493 526/644/526 579/633/579
f 579/633/579 526/644/526 527/645/527 582/634/582
f 582/634/582 527/645/527 528/646/528 585/637/585
f 585/637/585 528/646/528 491/647/491 544/648/544
f 584/635/584 585/637/585 544/648/544 545/649/545
f 583/636/583 584/635/584 545/649/545 546/650/546
f 555/651/555 583/636/583 546/650/546 498/652/498
f 554/653/554 580/632/580 583/636/583 555/651/555
f 553/640/553 577/629/577 580/632/580 554/653/554
f 586/654/586 587/655/587 590/656/590 589/657/589
f 587/655/587 588/658/588 591/659/591 590/656/590
f 589/657/589 590/656/590 593/660/593 592/661/592
f 590/656/590 591/659/591 594/662/594 593/660/593
f 492/663/492 504/664/504 586/654/586 499/665/499
f 504/664/504 503/666/503 587/655/587 586/654/586
f 503/666/503 502/667/502 588/658/588 587/655/587
f 502/667/502 488/668/488 534/669/534 588/658/588
f 588/658/588 534/669/534 533/670/533 591/659/591
f 591/659/591 533/670/533 532/671/532 594/662/594
f 594/662/594 532/671/532 490/672/490 525/673/525
f 593/660/593 594/662/594 525/673/525 524/674/524
f 592/661/592 593/660/593 524/674/524 523/675/523
f 501/676/501 592/661/592 523/675/523 494/677/494
f 500/678/500 589/657/589 592/661/592 501/676/501
f 499/665/499 586/654/586 589/657/589 500/678/500
f 595/679/595 596/680/596 599/681/599 598/682/598
f 596/680/596 597/683/597 600/684/600 599/681/599
f 598/682/598 599/681/599 602/685/602 601/686/601
f 599/681/599 600/684/600 603/687/603 602/685/602
f 495/688/495 537/689/537 595/679/595 550/690/550
f 537/689/537 536/691/536 596/680/596 595/679/595
f 536/691/536 535/692/535 597/683/597 596/680/596
f 535/692/535 487/589/487 520/591/520 597/683/597
f 597/683/597 520/591/520 521/604/521 600/684/600
f 600/684/600 521/604/521 522/602/522 603/687/603
f 603/687/603 522/602/522 489/603/489 541/618/541
f 602/685/602 603/687/603 541/618/541 542/617/542
f 601/686/601 602/685/602 542/617/542 543/615/543
f 552/693/552 601/686/601 543/615/543 497/614/497
f 551/694/551 598/682/598 601/686/601 552/693/552
f 550/690/550 595/679/595 598/682/598 551/694/551
f 604/695/604 605/696/605 608/697/608 607/698/607
f 605/696/605 606/699/606 609/700/609 608/697/608
f 607/698/607 608/697/608 611/701/611 610/702/610
f 608/697/608 609/700/609 612/703/612 611/701/611
f 498/652/498 546/650/546 604/695/604 547/704/547
f 546/650/546 545/649/545 605/696/605 604/695/604
f 545/649/545 544/648/544 606/699/606 605/696/605
f 544/648/544 491/647/491 529/705/529 606/699/606
f 606/699/606 529/705/529 530/706/530 609/700/609
f 609/700/609 530/706/530 531/707/531 612/703/612
f 612/703/612 531/707/531 487/589/487 535/692/535
f 611/701/611 612/703/612 535/692/535 536/691/536
f 610/702/610 611/701/611 536/691/536 537/689/537
f 549/708/549 610/702/610 537/689/537 495/688/495
f 548/709/548 607/698/607 610/702/610 549/708/549
f 547/704/547 604/695/604 607/698/607 548/709/548
f 613/710/613 614/711/614 617/712/617 616/713/616
f 614/711/614 615/714/615 618/715/618 617/712/617
f 616/713/616 617/712/617 620/716/620 619/717/619
f 617/712/617 618/715/618 621/718/621 620/716/620
f 492/719/492 516/720/516 613/710/613 504/721/504
f 516/720/516 515/722/515 614/711/614 613/710/613
f 515/722/515 514/723/514 615/714/615 614/711/614
f 514/723/514 498/652/498 547/704/547 615/714/615
f 615/714/615 547/704/547 548/709/548 618/715/618
f 618/715/618 548/709/548 549/708/549 621/718/621
f 621/718/621 549/708/549 495/688/495 505/724/505
f 620/716/620 621/718/621 505/724/505 506/725/506
f 619/717/619 620/716/620 506/725/506 507/726/507
f 502/727/502 619/717/619 507/726/507 488/668/488
f 503/728/503 616/713/616 619/717/619 502/727/502
f 504/721/504 613/710/613 616/713/616 503/728/503
f 622/729/622 623/730/623 626/731/626 625/732/625
f 623/730/623 624/733/624 627/734/627 626/731/626
f 625/732/625 626/731/626 629/735/629 628/736/628
f 626/731/626 627/734/627 630/737/630 629/735/629
f 488/668/488 507/726/507 622/729/622 534/669/534
f 507/726/507 506/725/506 623/730/623 622/729/622
f 506/725/506 505/724/505 624/733/624 623/730/623
f 505/724/505 495/688/495 550/690/550 624/733/624
f 624/733/624 550/690/550 551/694/551 627/734/627
f 627/734/627 551/694/551 552/693/552 630/737/630
f 630/737/630 552/693/552 497/614/497 511/738/511
f 629/735/629 630/737/630 511/738/511 512/739/512
f 628/736/628 629/735/629 512/739/512 513/740/513
f 532/671/532 628/736/628 513/740/513 490/672/490
f 533/670/533 625/732/625 628/736/628 532/671/532
f 534/669/534 622/729/622 625/732/625 533/670/533
f 631/741/631 632/742/632 635/743/635 634/744/634
f 632/742/632 633/745/633 636/746/636 635/743/635
f 634/744/634 635/743/635 638/747/638 637/748/637
f 635/743/635 636/746/636 639/749/639 638/747/638
f 494/750/494 538/751/538 631/741/631 501/752/501
f 538/751/538 539/753/539 632/742/632 631/741/631
f 539/753/539 540/754/540 633/745/633 632/742/632
f 540/754/540 496/638/496 553/640/553 633/745/633
f 633/745/633 553/640/553 554/653/554 636/746/636
f 636/746/636 554/653/554 555/651/555 639/749/639
f 639/749/639 555/651/555 498/652/498 514/723/514
f 638/747/638 639/749/639 514/723/514 515/722/515
f 637/748/637 638/747/638 515/722/515 516/720/516
f 499/755/499 637/748/637 516/720/516 492/719/492
f 500/756/500 634/744/634 637/748/637 499/755/499
f 501/752/501 631/741/631 634/744/634 500/756/500
f 640/757/640 641/758/641 644/759/644 643/760/643
f 641/758/641 642/761/642 645/762/645 644/759/644
f 643/760/643 644/759/644 647/763/647 646/764/646
f 644/759/644 645/762/645 648/765/648 647/763/647
f 490/672/490 513/740/513 640/757/640 525/766/525
f 513/740/513 512/739/512 641/758/641 640/757/640
f 512/739/512 511/738/511 642/761/642 641/758/641
f 511/738/511 497/614/497 556/616/556 642/761/642
f 642/761/642 556/616/556 557/628/557 645/762/645
f 645/762/645 557/628/557 558/626/558 648/765/648
f 648/765/648 558/626/558 496/627/496 540/767/540
f 647/763/647 648/765/648 540/767/540 539/768/539
f 646/764/646 647/763/647 539/768/539 538/769/538
f 523/770/523 646/764/646 538/769/538 494/771/494
f 524/772/524 643/760/643 646/764/646 523/770/523
f 525/766/525 640/757/640 643/760/643 524/772/524
o Cube.003
v -2.421871 1.170200 -0.471394
v -2.421871 -0.060960 -0.471394
v -2.421871 1.170200 0.341514
v -2.421871 -0.060960 0.341514
v -3.307524 1.170200 -0.471394
v -3.307524 -0.060960 -0.471394
v -3.307524 1.170200 0.341514
v -3.307524 -0.060960 0.341514
v -2.274262 0.424511 -0.606879
v -3.455133 0.424511 0.476999
v -2.274262 0.424511 0.476999
v -3.455133 0.424511 -0.606879
v -3.372117 -0.079503 -0.306089
v -3.404563 -0.088818 -0.064940
v -3.372117 -0.079504 0.176209
v -2.601969 -0.079504 -0.530682
v -2.864697 -0.088818 -0.560463
v -3.127426 -0.079503 -0.530681
v -2.277422 0.239218 -0.603978
v -2.299547 0.095266 -0.583671
v -2.354117 -0.005620 -0.533583
v -3.451972 0.643113 0.474098
v -3.429848 0.864107 0.453790
v -3.375278 1.052144 0.403703
v -2.277422 0.239218 0.474097
v -2.299547 0.095266 0.453791
v -2.354117 -0.005620 0.403702
v -3.451972 0.239218 -0.603978
v -3.429848 0.095266 -0.583671
v -3.375278 -0.005620 -0.533583
v -2.601969 1.211517 0.400802
v -2.864697 1.232272 0.430582
v -3.127426 1.211517 0.400802
v -2.357278 1.211517 -0.306089
v -2.324832 1.232272 -0.064940
v -2.357278 1.211517 0.176209
v -3.127426 -0.079503 0.400802
v -2.864697 -0.088818 0.430582
v -2.601969 -0.079504 0.400802
v -3.372117 1.211517 0.176209
v -3.404563 1.232272 -0.064940
v -3.372117 1.211517 -0.306089
v -3.127426 1.211517 -0.530682
v -2.864697 1.232272 -0.560463
v -2.601969 1.211517 -0.530682
v -2.357278 -0.079504 0.176209
v -2.324832 -0.088818 -0.064940
v -2.357278 -0.079503 -0.306089
v -2.354117 1.052144 -0.533583
v -2.299547 0.864107 -0.583671
v -2.277422 0.643113 -0.603978
v -3.375278 -0.005620 0.403702
v -3.429848 0.095266 0.453790
v -3.451972 0.239218 0.474098
v -2.354117 1.052144 0.403703
v -2.299547 0.864107 0.453790
v -2.277422 0.643113 0.474098
v -3.375278 1.052144 -0.533583
v -3.429848 0.864107 -0.583671
v -3.451972 0.643113 -0.603978
v -3.187592 0.424511 -0.759299
v -2.864697 0.424511 -0.810106
v -2.541803 0.424511 -0.759299
v -2.108202 0.424511 -0.361313
v -2.052849 0.424511 -0.064940
v -2.108202 0.424511 0.231433
v -3.621193 0.424511 0.231433
v -3.676546 0.424511 -0.064940
v -3.621193 0.424511 -0.361313
v -2.541803 0.424511 0.629419
v -2.864697 0.424511 0.680226
v -3.187592 0.424511 0.629419
v -2.584692 1.299926 -0.321947
v -2.864697 1.329860 -0.335753
v -3.144703 1.299926 -0.321947
v -2.569650 1.329860 -0.064940
v -2.864697 1.362536 -0.064940
v -3.159745 1.329860 -0.064940
v -2.584692 1.299926 0.192067
v -2.864697 1.329860 0.205872
v -3.144703 1.299926 0.192067
v -2.543544 0.643496 0.625744
v -2.555727 0.867167 0.600017
v -2.582951 1.063578 0.531337
v -2.864697 0.643879 0.676305
v -2.864697 0.870227 0.648863
v -2.864697 1.073582 0.574535
v -3.185851 0.643496 0.625744
v -3.173668 0.867167 0.600017
v -3.146444 1.063578 0.531337
v -3.617189 0.643496 0.229835
v -3.589160 0.867167 0.218653
v -3.514334 1.063578 0.193664
v -3.672275 0.643879 -0.064940
v -3.642378 0.870227 -0.064940
v -3.561398 1.073582 -0.064940
v -3.617189 0.643496 -0.359715
v -3.589160 0.867167 -0.348533
v -3.514334 1.063578 -0.323544
v -3.144703 -0.119182 -0.321947
v -2.864697 -0.132616 -0.335753
v -2.584692 -0.119182 -0.321947
v -3.159745 -0.132616 -0.064940
v -2.864697 -0.147281 -0.064940
v -2.569650 -0.132616 -0.064940
v -3.144703 -0.119182 0.192067
v -2.864697 -0.132616 0.205872
v -2.584692 -0.119182 0.192067
v -2.112206 0.643496 -0.359715
v -2.140235 0.867167 -0.348533
v -2.215061 1.063578 -0.323544
v -2.057120 0.643879 -0.064940
v -2.087017 0.870227 -0.064940
v -2.167997 1.073582 -0.064940
v -2.112206 0.643496 0.229835
v -2.140235 0.867167 0.218653
v -2.215061 1.063578 0.193664
v -3.185851 0.643496 -0.755624
v -3.173668 0.867167 -0.729897
v -3.146443 1.063578 -0.661217
v -2.864697 0.643879 -0.806185
v -2.864697 0.870227 -0.778743
v -2.864697 1.073582 -0.704415
v -2.543543 0.643496 -0.755624
v -2.555727 0.867167 -0.729897
v -2.582951 1.063578 -0.661217
v -3.146444 -0.010751 -0.661217
v -3.173668 0.093893 -0.729897
v -3.185851 0.239047 -0.755624
v -2.864697 -0.015241 -0.704415
v -2.864697 0.092519 -0.778743
v -2.864697 0.238875 -0.806185
v -2.582951 -0.010751 -0.661217
v -2.555727 0.093893 -0.729897
v -2.543543 0.239047 -0.755624
v -2.215061 -0.010751 -0.323544
v -2.140235 0.093893 -0.348533
v -2.112206 0.239047 -0.359715
v -2.167997 -0.015241 -0.064940
v -2.087017 0.092519 -0.064940
v -2.057120 0.238875 -0.064940
v -2.215061 -0.010751 0.193664
v -2.140235 0.093893 0.218653
v -2.112206 0.239047 0.229835
v -3.514334 -0.010751 0.193664
v -3.589160 0.093893 0.218653
v -3.617189 0.239047 0.229835
v -3.561398 -0.015241 -0.064940
v -3.642378 0.092519 -0.064940
v -3.672275 0.238875 -0.064940
v -3.514334 -0.010751 -0.323544
v -3.589160 0.093893 -0.348533
v -3.617189 0.239047 -0.359715
v -2.582951 -0.010751 0.531337
v -2.555727 0.093893 0.600017
v -2.543544 0.239047 0.625744
v -2.864697 -0.015241 0.574535
v -2.864697 0.092519 0.648863
v -2.864697 0.238875 0.676305
v -3.146444 -0.010751 0.531337
v -3.173668 0.093893 0.600017
v -3.185851 0.239047 0.625744
vn 0.4680 0.7218 -0.5099
vn 0.2784 -0.9113 -0.3034
vn 0.4680 0.7218 0.5099
vn 0.2784 -0.9113 0.3034
vn -0.4680 0.7218 -0.5099
vn -0.2784 -0.9113 -0.3034
vn -0.4680 0.7218 0.5099
vn -0.2784 -0.9113 0.3034
vn 0.6762 -0.0017 -0.7367
vn -0.6762 -0.0017 0.7367
vn 0.6762 -0.0017 0.7367
vn -0.6762 -0.0017 -0.7367
vn -0.3093 -0.9381 -0.1561
vn -0.3144 -0.9493 -0.0000
vn -0.3093 -0.9381 0.1561
vn 0.1423 -0.9315 -0.3346
vn -0.0000 -0.9406 -0.3394
vn -0.1423 -0.9315 -0.3346
vn 0.6721 -0.1101 -0.7322
vn 0.6258 -0.3788 -0.6818
vn 0.4695 -0.7196 -0.5116
vn -0.6743 0.0752 0.7346
vn -0.6562 0.2412 0.7150
vn -0.5914 0.4849 0.6443
vn 0.6721 -0.1101 0.7322
vn 0.6258 -0.3788 0.6818
vn 0.4695 -0.7196 0.5116
vn -0.6721 -0.1101 -0.7322
vn -0.6258 -0.3788 -0.6818
vn -0.4695 -0.7196 -0.5116
vn 0.2483 0.7754 0.5806
vn -0.0000 0.7981 0.6025
vn -0.2483 0.7754 0.5806
vn 0.5444 0.7920 -0.2763
vn 0.5695 0.8220 -0.0000
vn 0.5444 0.7920 0.2763
vn -0.1423 -0.9315 0.3346
vn -0.0000 -0.9406 0.3394
vn 0.1423 -0.9315 0.3346
vn -0.5444 0.7920 0.2763
vn -0.5695 0.8220 -0.0000
vn -0.5444 0.7920 -0.2763
vn -0.2483 0.7754 -0.5806
vn -0.0000 0.7981 -0.6025
vn 0.2483 0.7754 -0.5806
vn 0.3093 -0.9381 0.1561
vn 0.3144 -0.9493 -0.0000
vn 0.3093 -0.9381 -0.1561
vn 0.5914 0.4849 -0.6443
vn 0.6562 0.2412 -0.7150
vn 0.6743 0.0752 -0.7346
vn -0.4695 -0.7196 0.5116
vn -0.6258 -0.3788 0.6818
vn -0.6721 -0.1101 0.7322
vn 0.5914 0.4849 0.6443
vn 0.6562 0.2412 0.7150
vn 0.6743 0.0752 0.7346
vn -0.5914 0.4849 -0.6443
vn -0.6562 0.2412 -0.7150
vn -0.6743 0.0752 -0.7346
vn -0.3291 -0.0017 -0.9443
vn -0.0000 -0.0016 -1.0000
vn 0.3291 -0.0017 -0.9443
vn 0.9241 -0.0018 -0.3822
vn 1.0000 -0.0018 -0.0000
vn 0.9241 -0.0018 0.3822
vn -0.9241 -0.0018 0.3822
vn -1.0000 -0.0018 -0.0000
vn -0.9241 -0.0018 -0.3822
vn 0.3291 -0.0017 0.9443
vn -0.0000 -0.0016 1.0000
vn -0.3291 -0.0017 0.9443
vn 0.2388 0.9356 -0.2602
vn -0.0000 0.9633 -0.2684
vn -0.2388 0.9356 -0.2602
vn 0.2478 0.9688 -0.0000
vn -0.0000 1.0000 -0.0000
vn -0.2478 0.9688 -0.0000
vn 0.2388 0.9356 0.2602
vn -0.0000 0.9633 0.2684
vn -0.2388 0.9356 0.2602
vn 0.3289 0.0712 0.9417
vn 0.3220 0.2325 0.9178
vn 0.2901 0.4881 0.8232
vn -0.0000 0.0691 0.9976
vn -0.0000 0.2289 0.9734
vn -0.0000 0.4978 0.8673
vn -0.3289 0.0712 0.9417
vn -0.3220 0.2325 0.9178
vn -0.2901 0.4881 0.8232
vn -0.9211 0.0759 0.3819
vn -0.8946 0.2469 0.3725
vn -0.7925 0.5120 0.3315
vn -0.9972 0.0752 -0.0000
vn -0.9687 0.2482 -0.0000
vn -0.8479 0.5302 -0.0000
vn -0.9211 0.0759 -0.3819
vn -0.8946 0.2469 -0.3725
vn -0.7925 0.5120 -0.3315
vn -0.1145 -0.9856 -0.1248
vn -0.0000 -0.9921 -0.1257
vn 0.1145 -0.9856 -0.1248
vn -0.1155 -0.9933 -0.0000
vn -0.0000 -1.0000 -0.0000
vn 0.1155 -0.9933 -0.0000
vn -0.1145 -0.9856 0.1248
vn -0.0000 -0.9921 0.1257
vn 0.1145 -0.9856 0.1248
vn 0.9211 0.0759 -0.3819
vn 0.8946 0.2469 -0.3725
vn 0.7925 0.5120 -0.3315
vn 0.9972 0.0752 -0.0000
vn 0.9687 0.2482 -0.0000
vn 0.8479 0.5302 -0.0000
vn 0.9211 0.0759 0.3819
vn 0.8946 0.2469 0.3725
vn 0.7925 0.5120 0.3315
vn -0.3289 0.0712 -0.9417
vn -0.3220 0.2325 -0.9178
vn -0.2901 0.4881 -0.8232
vn -0.0000 0.0691 -0.9976
vn -0.0000 0.2289 -0.9734
vn -0.0000 0.4978 -0.8673
vn 0.3289 0.0712 -0.9417
vn 0.3220 0.2325 -0.9178
vn 0.2901 0.4881 -0.8232
vn -0.2301 -0.7197 -0.6550
vn -0.3066 -0.3675 -0.8780
vn -0.3280 -0.1047 -0.9389
vn -0.0000 -0.7255 -0.6882
vn -0.0000 -0.3633 -0.9317
vn -0.0000 -0.1018 -0.9948
vn 0.2301 -0.7197 -0.6550
vn 0.3066 -0.3675 -0.8780
vn 0.3280 -0.1047 -0.9389
vn 0.6193 -0.7415 -0.2582
vn 0.8513 -0.3883 -0.3528
vn 0.9180 -0.1115 -0.3807
vn 0.6567 -0.7542 -0.0000
vn 0.9204 -0.3911 -0.0000
vn 0.9938 -0.1108 -0.0000
vn 0.6193 -0.7415 0.2582
vn 0.8513 -0.3883 0.3528
vn 0.9180 -0.1115 0.3807
vn -0.6193 -0.7415 0.2582
vn -0.8513 -0.3883 0.3528
vn -0.9180 -0.1115 0.3807
vn -0.6567 -0.7542 -0.0000
vn -0.9204 -0.3911 -0.0000
vn -0.9938 -0.1108 -0.0000
vn -0.6193 -0.7415 -0.2582
vn -0.8513 -0.3883 -0.3528
vn -0.9180 -0.1115 -0.3807
vn 0.2301 -0.7197 0.6550
vn 0.3066 -0.3675 0.8780
vn 0.3280 -0.1047 0.9389
vn -0.0000 -0.7255 0.6882
vn -0.0000 -0.3633 0.9317
vn -0.0000 -0.1018 0.9948
vn -0.2301 -0.7197 0.6550
vn -0.3066 -0.3675 0.8780
vn -0.3280 -0.1047 0.9389
vt 0.687581 0.562500
vt 0.750021 0.562500
vt 0.750031 0.625000
vt 0.687613 0.625000
vt 0.812503 0.562500
vt 0.812504 0.625000
vt 0.750021 0.687500
vt 0.687581 0.687500
vt 0.812503 0.687500
vt 0.625000 0.500000
vt 0.687500 0.500000
vt 0.625258 0.562500
vt 0.750000 0.500000
vt 0.812500 0.500000
vt 0.875000 0.500000
vt 0.875000 0.562500
vt 0.875000 0.625000
vt 0.875000 0.687500
vt 0.875000 0.750000
vt 0.812500 0.750000
vt 0.750000 0.750000
vt 0.687500 0.750000
vt 0.625258 0.687500
vt 0.625000 0.750000
vt 0.625312 0.625000
vt 0.456141 0.812500
vt 0.506133 0.812500
vt 0.505386 0.875000
vt 0.453997 0.875000
vt 0.563690 0.812500
vt 0.563595 0.875000
vt 0.503574 0.937500
vt 0.448362 0.937500
vt 0.563368 0.937500
vt 0.418165 0.750000
vt 0.456448 0.750000
vt 0.417739 0.812500
vt 0.506246 0.750000
vt 0.563725 0.750000
vt 0.625000 0.812500
vt 0.625000 0.875000
vt 0.625000 0.937500
vt 0.625000 1.000000
vt 0.563062 1.000000
vt 0.501124 1.000000
vt 0.439185 1.000000
vt 0.405804 0.937500
vt 0.377247 1.000000
vt 0.414755 0.875000
vt 0.448362 0.062500
vt 0.503574 0.062500
vt 0.505386 0.125000
vt 0.453997 0.125000
vt 0.563368 0.062500
vt 0.563595 0.125000
vt 0.506132 0.187500
vt 0.456141 0.187500
vt 0.563688 0.187500
vt 0.377247 0.000000
vt 0.439185 0.000000
vt 0.405804 0.062500
vt 0.501124 0.000000
vt 0.563062 0.000000
vt 0.625000 0.000000
vt 0.625000 0.062500
vt 0.625000 0.125000
vt 0.625000 0.187500
vt 0.625000 0.250000
vt 0.563701 0.250000
vt 0.506238 0.250000
vt 0.456447 0.250000
vt 0.417739 0.187500
vt 0.418165 0.250000
vt 0.414755 0.125000
vt 0.187204 0.562500
vt 0.247634 0.562500
vt 0.246559 0.625000
vt 0.187070 0.625000
vt 0.303548 0.562500
vt 0.300026 0.625000
vt 0.247634 0.687500
vt 0.187204 0.687500
vt 0.303548 0.687500
vt 0.125000 0.500000
vt 0.187500 0.500000
vt 0.125000 0.562500
vt 0.250000 0.500000
vt 0.312500 0.500000
vt 0.375000 0.500000
vt 0.346558 0.562500
vt 0.340590 0.625000
vt 0.346558 0.687500
vt 0.375000 0.750000
vt 0.312500 0.750000
vt 0.250000 0.750000
vt 0.187500 0.750000
vt 0.125000 0.687500
vt 0.125000 0.750000
vt 0.125000 0.625000
vt 0.456450 0.562500
vt 0.506261 0.562500
vt 0.506269 0.625000
vt 0.456451 0.625000
vt 0.563784 0.562500
vt 0.563814 0.625000
vt 0.506261 0.687500
vt 0.456450 0.687500
vt 0.563784 0.687500
vt 0.418165 0.500000
vt 0.456448 0.500000
vt 0.418165 0.562500
vt 0.506246 0.500000
vt 0.563725 0.500000
vt 0.418165 0.687500
vt 0.418165 0.625000
vt 0.456447 0.312500
vt 0.506238 0.312500
vt 0.506238 0.375000
vt 0.456447 0.375000
vt 0.563701 0.312500
vt 0.563701 0.375000
vt 0.506239 0.437500
vt 0.456448 0.437500
vt 0.563703 0.437500
vt 0.418165 0.312500
vt 0.625000 0.312500
vt 0.625000 0.375000
vt 0.625000 0.437500
vt 0.418165 0.437500
vt 0.418165 0.375000
vt 0.376201 0.312500
vt 0.381238 0.312500
vt 0.381238 0.375000
vt 0.376201 0.375000
vt 0.393947 0.312500
vt 0.393947 0.375000
vt 0.381131 0.437500
vt 0.375973 0.437500
vt 0.393934 0.437500
vt 0.375000 0.250000
vt 0.376201 0.250000
vt 0.375000 0.312500
vt 0.381238 0.250000
vt 0.393947 0.250000
vt 0.393840 0.500000
vt 0.380378 0.500000
vt 0.373620 0.500000
vt 0.375000 0.437500
vt 0.375000 0.375000
vt 0.367021 0.562500
vt 0.378765 0.562500
vt 0.377797 0.625000
vt 0.363727 0.625000
vt 0.393638 0.562500
vt 0.393517 0.625000
vt 0.378765 0.687500
vt 0.367021 0.687500
vt 0.393638 0.687500
vt 0.393840 0.750000
vt 0.380378 0.750000
vt 0.373620 0.750000
vt 0.375868 0.062500
vt 0.378574 0.062500
vt 0.380386 0.125000
vt 0.376095 0.125000
vt 0.385862 0.062500
vt 0.391497 0.125000
vt 0.381132 0.187500
vt 0.376188 0.187500
vt 0.393641 0.187500
vt 0.375000 0.000000
vt 0.375562 0.000000
vt 0.375000 0.062500
vt 0.376124 0.000000
vt 0.376685 0.000000
vt 0.375000 0.187500
vt 0.375000 0.125000
vt 0.375959 0.812500
vt 0.381024 0.812500
vt 0.380386 0.875000
vt 0.376095 0.875000
vt 0.393628 0.812500
vt 0.391497 0.875000
vt 0.378574 0.937500
vt 0.375868 0.937500
vt 0.385862 0.937500
vt 0.375000 0.812500
vt 0.376685 1.000000
vt 0.376124 1.000000
vt 0.375562 1.000000
vt 0.375000 0.937500
vt 0.375000 1.000000
vt 0.375000 0.875000
s 1
usemtl Material
f 721/773/721 722/774/722 725/775/725 724/776/724
f 722/774/722 723/777/723 726/778/726 725/775/725
f 724/776/724 725/775/725 728/779/728 727/780/727
f 725/775/725 726/778/726 729/781/729 728/779/728
f 649/782/649 693/783/693 721/773/721 682/784/682
f 693/783/693 692/785/692 722/774/722 721/773/721
f 692/785/692 691/786/691 723/777/723 722/774/722
f 691/786/691 653/787/653 690/788/690 723/777/723
f 723/777/723 690/788/690 689/789/689 726/778/726
f 726/778/726 689/789/689 688/790/688 729/781/729
f 729/781/729 688/790/688 655/791/655 681/792/681
f 728/779/728 729/781/729 681/792/681 680/793/680
f 727/780/727 728/779/728 680/793/680 679/794/679
f 684/795/684 727/780/727 679/794/679 651/796/651
f 683/797/683 724/776/724 727/780/727 684/795/684
f 682/784/682 721/773/721 724/776/724 683/797/683
f 730/798/730 731/799/731 734/800/734 733/801/733
f 731/799/731 732/802/732 735/803/735 734/800/734
f 733/801/733 734/800/734 737/804/737 736/805/736
f 734/800/734 735/803/735 738/806/738 737/804/737
f 659/807/659 705/808/705 730/798/730 718/809/718
f 705/808/705 704/810/704 731/799/731 730/798/730
f 704/810/704 703/811/703 732/802/732 731/799/731
f 703/811/703 651/796/651 679/812/679 732/802/732
f 732/802/732 679/812/679 680/813/680 735/803/735
f 735/803/735 680/813/680 681/814/681 738/806/738
f 738/806/738 681/814/681 655/815/655 672/816/672
f 737/804/737 738/806/738 672/816/672 671/817/671
f 736/805/736 737/804/737 671/817/671 670/818/670
f 720/819/720 736/805/736 670/818/670 658/820/658
f 719/821/719 733/801/733 736/805/736 720/819/720
f 718/809/718 730/798/730 733/801/733 719/821/719
f 739/822/739 740/823/740 743/824/743 742/825/742
f 740/823/740 741/826/741 744/827/744 743/824/743
f 742/825/742 743/824/743 746/828/746 745/829/745
f 743/824/743 744/827/744 747/830/747 746/828/746
f 658/831/658 670/832/670 739/822/739 715/833/715
f 670/832/670 671/834/671 740/823/740 739/822/739
f 671/834/671 672/835/672 741/826/741 740/823/740
f 672/835/672 655/836/655 688/837/688 741/826/741
f 741/826/741 688/837/688 689/838/689 744/827/744
f 744/827/744 689/838/689 690/839/690 747/830/747
f 747/830/747 690/839/690 653/840/653 706/841/706
f 746/828/746 747/830/747 706/841/706 707/842/707
f 745/829/745 746/828/746 707/842/707 708/843/708
f 717/844/717 745/829/745 708/843/708 660/845/660
f 716/846/716 742/825/742 745/829/745 717/844/717
f 715/833/715 739/822/739 742/825/742 716/846/716
f 748/847/748 749/848/749 752/849/752 751/850/751
f 749/848/749 750/851/750 753/852/753 752/849/752
f 751/850/751 752/849/752 755/853/755 754/854/754
f 752/849/752 753/852/753 756/855/756 755/853/755
f 654/856/654 666/857/666 748/847/748 661/858/661
f 666/857/666 665/859/665 749/848/749 748/847/748
f 665/859/665 664/860/664 750/851/750 749/848/749
f 664/860/664 650/861/650 696/862/696 750/851/750
f 750/851/750 696/862/696 695/863/695 753/852/753
f 753/852/753 695/863/695 694/864/694 756/855/756
f 756/855/756 694/864/694 652/865/652 687/866/687
f 755/853/755 756/855/756 687/866/687 686/867/686
f 754/854/754 755/853/755 686/867/686 685/868/685
f 663/869/663 754/854/754 685/868/685 656/870/656
f 662/871/662 751/850/751 754/854/754 663/869/663
f 661/858/661 748/847/748 751/850/751 662/871/662
f 757/872/757 758/873/758 761/874/761 760/875/760
f 758/873/758 759/876/759 762/877/762 761/874/761
f 760/875/760 761/874/761 764/878/764 763/879/763
f 761/874/761 762/877/762 765/880/765 764/878/764
f 657/881/657 699/882/699 757/872/757 712/883/712
f 699/882/699 698/884/698 758/873/758 757/872/757
f 698/884/698 697/885/697 759/876/759 758/873/758
f 697/885/697 649/782/649 682/784/682 759/876/759
f 759/876/759 682/784/682 683/797/683 762/877/762
f 762/877/762 683/797/683 684/795/684 765/880/765
f 765/880/765 684/795/684 651/796/651 703/811/703
f 764/878/764 765/880/765 703/811/703 704/810/704
f 763/879/763 764/878/764 704/810/704 705/808/705
f 714/886/714 763/879/763 705/808/705 659/807/659
f 713/887/713 760/875/760 763/879/763 714/886/714
f 712/883/712 757/872/757 760/875/760 713/887/713
f 766/888/766 767/889/767 770/890/770 769/891/769
f 767/889/767 768/892/768 771/893/771 770/890/770
f 769/891/769 770/890/770 773/894/773 772/895/772
f 770/890/770 771/893/771 774/896/774 773/894/773
f 660/845/660 708/843/708 766/888/766 709/897/709
f 708/843/708 707/842/707 767/889/767 766/888/766
f 707/842/707 706/841/706 768/892/768 767/889/767
f 706/841/706 653/840/653 691/898/691 768/892/768
f 768/892/768 691/898/691 692/899/692 771/893/771
f 771/893/771 692/899/692 693/900/693 774/896/774
f 774/896/774 693/900/693 649/782/649 697/885/697
f 773/894/773 774/896/774 697/885/697 698/884/698
f 772/895/772 773/894/773 698/884/698 699/882/699
f 711/901/711 772/895/772 699/882/699 657/881/657
f 710/902/710 769/891/769 772/895/772 711/901/711
f 709/897/709 766/888/766 769/891/769 710/902/710
f 775/903/775 776/904/776 779/905/779 778/906/778
f 776/904/776 777/907/777 780/908/780 779/905/779
f 778/906/778 779/905/779 782/909/782 781/910/781
f 779/905/779 780/908/780 783/911/783 782/909/782
f 654/912/654 678/913/678 775/903/775 666/914/666
f 678/913/678 677/915/677 776/904/776 775/903/775
f 677/915/677 676/916/676 777/907/777 776/904/776
f 676/916/676 660/845/660 709/897/709 777/907/777
f 777/907/777 709/897/709 710/902/710 780/908/780
f 780/908/780 710/902/710 711/901/711 783/911/783
f 783/911/783 711/901/711 657/881/657 667/917/667
f 782/909/782 783/911/783 667/917/667 668/918/668
f 781/910/781 782/909/782 668/918/668 669/919/669
f 664/920/664 781/910/781 669/919/669 650/861/650
f 665/921/665 778/906/778 781/910/781 664/920/664
f 666/914/666 775/903/775 778/906/778 665/921/665
f 784/922/784 785/923/785 788/924/788 787/925/787
f 785/923/785 786/926/786 789/927/789 788/924/788
f 787/925/787 788/924/788 791/928/791 790/929/790
f 788/924/788 789/927/789 792/930/792 791/928/791
f 650/861/650 669/919/669 784/922/784 696/862/696
f 669/919/669 668/918/668 785/923/785 784/922/784
f 668/918/668 667/917/667 786/926/786 785/923/785
f 667/917/667 657/881/657 712/883/712 786/926/786
f 786/926/786 712/883/712 713/887/713 789/927/789
f 789/927/789 713/887/713 714/886/714 792/930/792
f 792/930/792 714/886/714 659/807/659 673/931/673
f 791/928/791 792/930/792 673/931/673 674/932/674
f 790/929/790 791/928/791 674/932/674 675/933/675
f 694/864/694 790/929/790 675/933/675 652/865/652
f 695/863/695 787/925/787 790/929/790 694/864/694
f 696/862/696 784/922/784 787/925/787 695/863/695
f 793/934/793 794/935/794 797/936/797 796/937/796
f 794/935/794 795/938/795 798/939/798 797/936/797
f 796/937/796 797/936/797 800/940/800 799/941/799
f 797/936/797 798/939/798 801/942/801 800/940/800
f 656/943/656 700/944/700 793/934/793 663/945/663
f 700/944/700 701/946/701 794/935/794 793/934/793
f 701/946/701 702/947/702 795/938/795 794/935/794
f 702/947/702 658/831/658 715/833/715 795/938/795
f 795/938/795 715/833/715 716/846/716 798/939/798
f 798/939/798 716/846/716 717/844/717 801/942/801
f 801/942/801 717/844/717 660/845/660 676/916/676
f 800/940/800 801/942/801 676/916/676 677/915/677
f 799/941/799 800/940/800 677/915/677 678/913/678
f 661/948/661 799/941/799 678/913/678 654/912/654
f 662/949/662 796/937/796 799/941/799 661/948/661
f 663/945/663 793/934/793 796/937/796 662/949/662
f 802/950/802 803/951/803 806/952/806 805/953/805
f 803/951/803 804/954/804 807/955/807 806/952/806
f 805/953/805 806/952/806 809/956/809 808/957/808
f 806/952/806 807/955/807 810/958/810 809/956/809
f 652/865/652 675/933/675 802/950/802 687/959/687
f 675/933/675 674/932/674 803/951/803 802/950/802
f 674/932/674 673/931/673 804/954/804 803/951/803
f 673/931/673 659/807/659 718/809/718 804/954/804
f 804/954/804 718/809/718 719/821/719 807/955/807
f 807/955/807 719/821/719 720/819/720 810/958/810
f 810/958/810 720/819/720 658/820/658 702/960/702
f 809/956/809 810/958/810 702/960/702 701/961/701
f 808/957/808 809/956/809 701/961/701 700/962/700
f 685/963/685 808/957/808 700/962/700 656/964/656
f 686/965/686 805/953/805 808/957/808 685/963/685
f 687/959/687 802/950/802 805/953/805 686/965/686
o Cube.002
v -1.918049 1.072077 -0.475950
v -1.918049 0.004639 -0.475950
v -1.918049 1.072077 0.303788
v -1.918049 0.004639 0.303788
v -2.698577 1.072077 -0.475950
v -2.698577 0.004639 -0.475950
v -2.698577 1.072077 0.303788
v -2.698577 0.004639 0.303788
v -1.787961 0.425551 -0.605906
v -2.828665 0.425551 0.433744
v -1.787961 0.425551 0.433744
v -2.828665 0.425551 -0.605906
v -2.755503 -0.011439 -0.317390
v -2.784098 -0.019515 -0.086081
v -2.755503 -0.011439 0.145228
v -2.076769 -0.011439 -0.532818
v -2.308313 -0.019515 -0.561384
v -2.539857 -0.011439 -0.532818
v -1.790746 0.264899 -0.603124
v -1.810244 0.140090 -0.583645
v -1.858337 0.052620 -0.535601
v -2.825880 0.615084 0.430962
v -2.806382 0.806689 0.411483
v -2.758289 0.969721 0.363439
v -1.790746 0.264899 0.430962
v -1.810244 0.140090 0.411483
v -1.858337 0.052620 0.363439
v -2.825880 0.264899 -0.603124
v -2.806382 0.140090 -0.583645
v -2.758289 0.052620 -0.535601
v -2.076769 1.107900 0.360657
v -2.308313 1.125895 0.389222
v -2.539857 1.107900 0.360657
v -1.861123 1.107900 -0.317390
v -1.832528 1.125895 -0.086081
v -1.861123 1.107900 0.145228
v -2.539857 -0.011439 0.360657
v -2.308313 -0.019515 0.389222
v -2.076769 -0.011439 0.360657
v -2.755503 1.107900 0.145228
v -2.784098 1.125895 -0.086081
v -2.755503 1.107900 -0.317390
v -2.539857 1.107900 -0.532818
v -2.308313 1.125895 -0.561384
v -2.076769 1.107900 -0.532818
v -1.861123 -0.011439 0.145228
v -1.832528 -0.019515 -0.086081
v -1.861123 -0.011439 -0.317390
v -1.858337 0.969721 -0.535601
v -1.810244 0.806689 -0.583645
v -1.790746 0.615084 -0.603124
v -2.758289 0.052620 0.363439
v -2.806382 0.140090 0.411483
v -2.825880 0.264899 0.430962
v -1.858337 0.969721 0.363439
v -1.810244 0.806689 0.411483
v -1.790746 0.615084 0.430962
v -2.758289 0.969721 -0.535601
v -2.806382 0.806689 -0.583645
v -2.825880 0.615084 -0.603124
v -2.592881 0.425551 -0.752107
v -2.308313 0.425551 -0.800841
v -2.023746 0.425551 -0.752107
v -1.641612 0.425551 -0.370360
v -1.592829 0.425551 -0.086081
v -1.641612 0.425551 0.198199
v -2.975015 0.425551 0.198199
v -3.023798 0.425551 -0.086081
v -2.975014 0.425551 -0.370360
v -2.023746 0.425551 0.579945
v -2.308313 0.425551 0.628679
v -2.592881 0.425551 0.579945
v -2.061543 1.184553 -0.332601
v -2.308313 1.210506 -0.345843
v -2.555083 1.184553 -0.332601
v -2.048287 1.210506 -0.086081
v -2.308313 1.238836 -0.086081
v -2.568339 1.210506 -0.086081
v -2.061543 1.184553 0.160439
v -2.308313 1.210506 0.173681
v -2.555083 1.184553 0.160439
v -2.025279 0.615415 0.576420
v -2.036016 0.809342 0.551743
v -2.060010 0.979634 0.485866
v -2.308313 0.615747 0.624919
v -2.308313 0.811995 0.598597
v -2.308313 0.988307 0.527301
v -2.591347 0.615415 0.576420
v -2.580610 0.809342 0.551743
v -2.556617 0.979634 0.485866
v -2.971486 0.615415 0.196666
v -2.946784 0.809342 0.185940
v -2.880839 0.979634 0.161971
v -3.020033 0.615747 -0.086081
v -2.993685 0.811995 -0.086081
v -2.922317 0.988307 -0.086081
v -2.971486 0.615415 -0.368828
v -2.946784 0.809342 -0.358102
v -2.880839 0.979634 -0.334133
v -2.555083 -0.045841 -0.332601
v -2.308313 -0.057489 -0.345843
v -2.061543 -0.045841 -0.332601
v -2.568339 -0.057489 -0.086081
v -2.308313 -0.070203 -0.086081
v -2.048287 -0.057489 -0.086081
v -2.555083 -0.045841 0.160439
v -2.308313 -0.057489 0.173681
v -2.061543 -0.045841 0.160439
v -1.645141 0.615415 -0.368828
v -1.669843 0.809342 -0.358102
v -1.735787 0.979634 -0.334133
v -1.596593 0.615747 -0.086081
v -1.622942 0.811995 -0.086081
v -1.694309 0.988307 -0.086081
v -1.645141 0.615415 0.196666
v -1.669843 0.809342 0.185940
v -1.735787 0.979634 0.161971
v -2.591347 0.615415 -0.748582
v -2.580610 0.809342 -0.723905
v -2.556617 0.979634 -0.658027
v -2.308313 0.615747 -0.797080
v -2.308313 0.811995 -0.770758
v -2.308313 0.988307 -0.699463
v -2.025279 0.615415 -0.748582
v -2.036016 0.809342 -0.723905
v -2.060010 0.979634 -0.658027
v -2.556617 0.048171 -0.658027
v -2.580610 0.138899 -0.723905
v -2.591347 0.264750 -0.748582
v -2.308313 0.044278 -0.699463
v -2.308313 0.137708 -0.770758
v -2.308313 0.264601 -0.797080
v -2.060010 0.048171 -0.658027
v -2.036016 0.138899 -0.723905
v -2.025279 0.264750 -0.748582
v -1.735787 0.048171 -0.334133
v -1.669843 0.138899 -0.358102
v -1.645141 0.264750 -0.368828
v -1.694309 0.044278 -0.086081
v -1.622942 0.137708 -0.086081
v -1.596593 0.264601 -0.086081
v -1.735787 0.048171 0.161971
v -1.669843 0.138899 0.185940
v -1.645141 0.264750 0.196666
v -2.880839 0.048171 0.161971
v -2.946784 0.138899 0.185940
v -2.971486 0.264750 0.196666
v -2.922317 0.044278 -0.086081
v -2.993685 0.137708 -0.086081
v -3.020033 0.264601 -0.086081
v -2.880839 0.048171 -0.334133
v -2.946784 0.138899 -0.358102
v -2.971486 0.264750 -0.368828
v -2.060010 0.048171 0.485866
v -2.036016 0.138899 0.551743
v -2.025279 0.264750 0.576420
v -2.308313 0.044278 0.527301
v -2.308313 0.137708 0.598597
v -2.308313 0.264601 0.624919
v -2.556617 0.048171 0.485866
v -2.580610 0.138899 0.551743
v -2.591347 0.264750 0.576420
vn 0.4736 0.7423 -0.4740
vn 0.2766 -0.9202 -0.2769
vn 0.4736 0.7423 0.4740
vn 0.2766 -0.9202 0.2769
vn -0.4736 0.7423 -0.4740
vn -0.2766 -0.9202 -0.2769
vn -0.4736 0.7423 0.4740
vn -0.2766 -0.9202 0.2769
vn 0.7067 -0.0019 -0.7075
vn -0.7067 -0.0019 0.7075
vn 0.7067 -0.0019 0.7075
vn -0.7067 -0.0019 -0.7075
vn -0.3054 -0.9416 -0.1417
vn -0.3098 -0.9508 -0.0000
vn -0.3054 -0.9416 0.1417
vn 0.1415 -0.9415 -0.3057
vn -0.0000 -0.9507 -0.3101
vn -0.1415 -0.9415 -0.3057
vn 0.7019 -0.1168 -0.7026
vn 0.6481 -0.3988 -0.6488
vn 0.4752 -0.7403 -0.4757
vn -0.7045 0.0798 0.7052
vn -0.6833 0.2553 0.6840
vn -0.6090 0.5075 0.6096
vn 0.7019 -0.1168 0.7026
vn 0.6481 -0.3988 0.6488
vn 0.4752 -0.7403 0.4757
vn -0.7019 -0.1168 -0.7026
vn -0.6481 -0.3988 -0.6488
vn -0.4752 -0.7403 -0.4757
vn 0.2524 0.8013 0.5424
vn -0.0000 0.8260 0.5636
vn -0.2524 0.8013 0.5424
vn 0.5420 0.8015 -0.2527
vn 0.5632 0.8263 -0.0000
vn 0.5420 0.8015 0.2527
vn -0.1415 -0.9415 0.3057
vn -0.0000 -0.9507 0.3101
vn 0.1415 -0.9415 0.3057
vn -0.5420 0.8015 0.2527
vn -0.5632 0.8263 -0.0000
vn -0.5420 0.8015 -0.2527
vn -0.2524 0.8013 -0.5424
vn -0.0000 0.8260 -0.5636
vn 0.2524 0.8013 -0.5424
vn 0.3054 -0.9416 0.1417
vn 0.3098 -0.9508 -0.0000
vn 0.3054 -0.9416 -0.1417
vn 0.6090 0.5075 -0.6096
vn 0.6833 0.2553 -0.6840
vn 0.7045 0.0798 -0.7052
vn -0.4752 -0.7403 0.4757
vn -0.6481 -0.3988 0.6488
vn -0.7019 -0.1168 0.7026
vn 0.6090 0.5075 0.6096
vn 0.6833 0.2553 0.6840
vn 0.7045 0.0798 0.7052
vn -0.6090 0.5075 -0.6096
vn -0.6833 0.2553 -0.6840
vn -0.7045 0.0798 -0.7052
vn -0.3546 -0.0018 -0.9350
vn -0.0000 -0.0018 -1.0000
vn 0.3546 -0.0018 -0.9350
vn 0.9348 -0.0018 -0.3553
vn 1.0000 -0.0018 -0.0000
vn 0.9348 -0.0018 0.3553
vn -0.9348 -0.0018 0.3553
vn -1.0000 -0.0018 -0.0000
vn -0.9348 -0.0018 -0.3553
vn 0.3546 -0.0018 0.9350
vn -0.0000 -0.0018 1.0000
vn -0.3546 -0.0018 0.9350
vn 0.2366 0.9423 -0.2369
vn -0.0000 0.9697 -0.2443
vn -0.2366 0.9423 -0.2369
vn 0.2440 0.9698 -0.0000
vn -0.0000 1.0000 -0.0000
vn -0.2440 0.9698 -0.0000
vn 0.2366 0.9423 0.2369
vn -0.0000 0.9697 0.2443
vn -0.2366 0.9423 0.2369
vn 0.3543 0.0780 0.9319
vn 0.3451 0.2533 0.9038
vn 0.3054 0.5223 0.7962
vn -0.0000 0.0764 0.9971
vn -0.0000 0.2518 0.9678
vn -0.0000 0.5361 0.8442
vn -0.3543 0.0780 0.9319
vn -0.3451 0.2533 0.9038
vn -0.3054 0.5223 0.7962
vn -0.9316 0.0781 0.3549
vn -0.9035 0.2534 0.3457
vn -0.7958 0.5226 0.3058
vn -0.9971 0.0765 -0.0000
vn -0.9677 0.2520 -0.0000
vn -0.8439 0.5364 -0.0000
vn -0.9316 0.0781 -0.3549
vn -0.9035 0.2534 -0.3457
vn -0.7958 0.5226 -0.3058
vn -0.1128 -0.9872 -0.1130
vn -0.0000 -0.9935 -0.1138
vn 0.1128 -0.9872 -0.1130
vn -0.1137 -0.9935 -0.0000
vn -0.0000 -1.0000 -0.0000
vn 0.1137 -0.9935 -0.0000
vn -0.1128 -0.9872 0.1130
vn -0.0000 -0.9935 0.1138
vn 0.1128 -0.9872 0.1130
vn 0.9316 0.0781 -0.3549
vn 0.9035 0.2534 -0.3457
vn 0.7958 0.5226 -0.3058
vn 0.9971 0.0765 -0.0000
vn 0.9677 0.2520 -0.0000
vn 0.8439 0.5364 -0.0000
vn 0.9316 0.0781 0.3549
vn 0.9035 0.2534 0.3457
vn 0.7958 0.5226 0.3058
vn -0.3543 0.0780 -0.9319
vn -0.3451 0.2533 -0.9038
vn -0.3054 0.5223 -0.7962
vn -0.0000 0.0764 -0.9971
vn -0.0000 0.2518 -0.9678
vn -0.0000 0.5361 -0.8442
vn 0.3543 0.0780 -0.9319
vn 0.3451 0.2533 -0.9038
vn 0.3054 0.5223 -0.7962
vn -0.2360 -0.7505 -0.6173
vn -0.3260 -0.3973 -0.8578
vn -0.3531 -0.1145 -0.9286
vn -0.0000 -0.7591 -0.6509
vn -0.0000 -0.3962 -0.9182
vn -0.0000 -0.1125 -0.9937
vn 0.2360 -0.7505 -0.6173
vn 0.3260 -0.3973 -0.8578
vn 0.3531 -0.1145 -0.9286
vn 0.6169 -0.7507 -0.2363
vn 0.8575 -0.3975 -0.3266
vn 0.9283 -0.1146 -0.3537
vn 0.6506 -0.7595 -0.0000
vn 0.9180 -0.3965 -0.0000
vn 0.9936 -0.1126 -0.0000
vn 0.6169 -0.7507 0.2363
vn 0.8575 -0.3975 0.3266
vn 0.9283 -0.1146 0.3537
vn -0.6169 -0.7507 0.2363
vn -0.8575 -0.3975 0.3266
vn -0.9283 -0.1146 0.3537
vn -0.6506 -0.7595 -0.0000
vn -0.9180 -0.3965 -0.0000
vn -0.9936 -0.1126 -0.0000
vn -0.6169 -0.7507 -0.2363
vn -0.8575 -0.3975 -0.3266
vn -0.9283 -0.1146 -0.3537
vn 0.2360 -0.7505 0.6173
vn 0.3260 -0.3973 0.8578
vn 0.3531 -0.1145 0.9286
vn -0.0000 -0.7591 0.6509
vn -0.0000 -0.3962 0.9182
vn -0.0000 -0.1125 0.9937
vn -0.2360 -0.7505 0.6173
vn -0.3260 -0.3973 0.8578
vn -0.3531 -0.1145 0.9286
vt 0.687581 0.562500
vt 0.750021 0.562500
vt 0.750031 0.625000
vt 0.687613 0.625000
vt 0.812503 0.562500
vt 0.812504 0.625000
vt 0.750021 0.687500
vt 0.687581 0.687500
vt 0.812503 0.687500
vt 0.625000 0.500000
vt 0.687500 0.500000
vt 0.625258 0.562500
vt 0.750000 0.500000
vt 0.812500 0.500000
vt 0.875000 0.500000
vt 0.875000 0.562500
vt 0.875000 0.625000
vt 0.875000 0.687500
vt 0.875000 0.750000
vt 0.812500 0.750000
vt 0.750000 0.750000
vt 0.687500 0.750000
vt 0.625258 0.687500
vt 0.625000 0.750000
vt 0.625312 0.625000
vt 0.456141 0.812500
vt 0.506133 0.812500
vt 0.505386 0.875000
vt 0.453997 0.875000
vt 0.563690 0.812500
vt 0.563595 0.875000
vt 0.503574 0.937500
vt 0.448362 0.937500
vt 0.563368 0.937500
vt 0.418165 0.750000
vt 0.456448 0.750000
vt 0.417739 0.812500
vt 0.506246 0.750000
vt 0.563725 0.750000
vt 0.625000 0.812500
vt 0.625000 0.875000
vt 0.625000 0.937500
vt 0.625000 1.000000
vt 0.563062 1.000000
vt 0.501124 1.000000
vt 0.439185 1.000000
vt 0.405804 0.937500
vt 0.377247 1.000000
vt 0.414755 0.875000
vt 0.448362 0.062500
vt 0.503574 0.062500
vt 0.505386 0.125000
vt 0.453997 0.125000
vt 0.563368 0.062500
vt 0.563595 0.125000
vt 0.506132 0.187500
vt 0.456141 0.187500
vt 0.563688 0.187500
vt 0.377247 0.000000
vt 0.439185 0.000000
vt 0.405804 0.062500
vt 0.501124 0.000000
vt 0.563062 0.000000
vt 0.625000 0.000000
vt 0.625000 0.062500
vt 0.625000 0.125000
vt 0.625000 0.187500
vt 0.625000 0.250000
vt 0.563701 0.250000
vt 0.506238 0.250000
vt 0.456447 0.250000
vt 0.417739 0.187500
vt 0.418165 0.250000
vt 0.414755 0.125000
vt 0.187204 0.562500
vt 0.247634 0.562500
vt 0.246559 0.625000
vt 0.187070 0.625000
vt 0.303548 0.562500
vt 0.300026 0.625000
vt 0.247634 0.687500
vt 0.187204 0.687500
vt 0.303548 0.687500
vt 0.125000 0.500000
vt 0.187500 0.500000
vt 0.125000 0.562500
vt 0.250000 0.500000
vt 0.312500 0.500000
vt 0.375000 0.500000
vt 0.346558 0.562500
vt 0.340590 0.625000
vt 0.346558 0.687500
vt 0.375000 0.750000
vt 0.312500 0.750000
vt 0.250000 0.750000
vt 0.187500 0.750000
vt 0.125000 0.687500
vt 0.125000 0.750000
vt 0.125000 0.625000
vt 0.456450 0.562500
vt 0.506261 0.562500
vt 0.506269 0.625000
vt 0.456451 0.625000
vt 0.563784 0.562500
vt 0.563814 0.625000
vt 0.506261 0.687500
vt 0.456450 0.687500
vt 0.563784 0.687500
vt 0.418165 0.500000
vt 0.456448 0.500000
vt 0.418165 0.562500
vt 0.506246 0.500000
vt 0.563725 0.500000
vt 0.418165 0.687500
vt 0.418165 0.625000
vt 0.456447 0.312500
vt 0.506238 0.312500
vt 0.506238 0.375000
vt 0.456447 0.375000
vt 0.563701 0.312500
vt 0.563701 0.375000
vt 0.506239 0.437500
vt 0.456448 0.437500
vt 0.563703 0.437500
vt 0.418165 0.312500
vt 0.625000 0.312500
vt 0.625000 0.375000
vt 0.625000 0.437500
vt 0.418165 0.437500
vt 0.418165 0.375000
vt 0.376201 0.312500
vt 0.381238 0.312500
vt 0.381238 0.375000
vt 0.376201 0.375000
vt 0.393947 0.312500
vt 0.393947 0.375000
vt 0.381131 0.437500
vt 0.375973 0.437500
vt 0.393934 0.437500
vt 0.375000 0.250000
vt 0.376201 0.250000
vt 0.375000 0.312500
vt 0.381238 0.250000
vt 0.393947 0.250000
vt 0.393840 0.500000
vt 0.380378 0.500000
vt 0.373620 0.500000
vt 0.375000 0.437500
vt 0.375000 0.375000
vt 0.367021 0.562500
vt 0.378765 0.562500
vt 0.377797 0.625000
vt 0.363727 0.625000
vt 0.393638 0.562500
vt 0.393517 0.625000
vt 0.378765 0.687500
vt 0.367021 0.687500
vt 0.393638 0.687500
vt 0.393840 0.750000
vt 0.380378 0.750000
vt 0.373620 0.750000
vt 0.375868 0.062500
vt 0.378574 0.062500
vt 0.380386 0.125000
vt 0.376095 0.125000
vt 0.385862 0.062500
vt 0.391497 0.125000
vt 0.381132 0.187500
vt 0.376188 0.187500
vt 0.393641 0.187500
vt 0.375000 0.000000
vt 0.375562 0.000000
vt 0.375000 0.062500
vt 0.376124 0.000000
vt 0.376685 0.000000
vt 0.375000 0.187500
vt 0.375000 0.125000
vt 0.375959 0.812500
vt 0.381024 0.812500
vt 0.380386 0.875000
vt 0.376095 0.875000
vt 0.393628 0.812500
vt 0.391497 0.875000
vt 0.378574 0.937500
vt 0.375868 0.937500
vt 0.385862 0.937500
vt 0.375000 0.812500
vt 0.376685 1.000000
vt 0.376124 1.000000
vt 0.375562 1.000000
vt 0.375000 0.937500
vt 0.375000 1.000000
vt 0.375000 0.875000
s 1
usemtl Material
f 883/966/883 884/967/884 887/968/887 886/969/886
f 884/967/884 885/970/885 888/971/888 887/968/887
f 886/969/886 887/968/887 890/972/890 889/973/889
f 887/968/887 888/971/888 891/974/891 890/972/890
f 811/975/811 855/976/855 883/966/883 844/977/844
f 855/976/855 854/978/854 884/967/884 883/966/883
f 854/978/854 853/979/853 885/970/885 884/967/884
f 853/979/853 815/980/815 852/981/852 885/970/885
f 885/970/885 852/981/852 851/982/851 888/971/888
f 888/971/888 851/982/851 850/983/850 891/974/891
f 891/974/891 850/983/850 817/984/817 843/985/843
f 890/972/890 891/974/891 843/985/843 842/986/842
f 889/973/889 890/972/890 842/986/842 841/987/841
f 846/988/846 889/973/889 841/987/841 813/989/813
f 845/990/845 886/969/886 889/973/889 846/988/846
f 844/977/844 883/966/883 886/969/886 845/990/845
f 892/991/892 893/992/893 896/993/896 895/994/895
f 893/992/893 894/995/894 897/996/897 896/993/896
f 895/994/895 896/993/896 899/997/899 898/998/898
f 896/993/896 897/996/897 900/999/900 899/997/899
f 821/1000/821 867/1001/867 892/991/892 880/1002/880
f 867/1001/867 866/1003/866 893/992/893 892/991/892
f 866/1003/866 865/1004/865 894/995/894 893/992/893
f 865/1004/865 813/989/813 841/1005/841 894/995/894
f 894/995/894 841/1005/841 842/1006/842 897/996/897
f 897/996/897 842/1006/842 843/1007/843 900/999/900
f 900/999/900 843/1007/843 817/1008/817 834/1009/834
f 899/997/899 900/999/900 834/1009/834 833/1010/833
f 898/998/898 899/997/899 833/1010/833 832/1011/832
f 882/1012/882 898/998/898 832/1011/832 820/1013/820
f 881/1014/881 895/994/895 898/998/898 882/1012/882
f 880/1002/880 892/991/892 895/994/895 881/1014/881
f 901/1015/901 902/1016/902 905/1017/905 904/1018/904
f 902/1016/902 903/1019/903 906/1020/906 905/1017/905
f 904/1018/904 905/1017/905 908/1021/908 907/1022/907
f 905/1017/905 906/1020/906 909/1023/909 908/1021/908
f 820/1024/820 832/1025/832 901/1015/901 877/1026/877
f 832/1025/832 833/1027/833 902/1016/902 901/1015/901
f 833/1027/833 834/1028/834 903/1019/903 902/1016/902
f 834/1028/834 817/1029/817 850/1030/850 903/1019/903
f 903/1019/903 850/1030/850 851/1031/851 906/1020/906
f 906/1020/906 851/1031/851 852/1032/852 909/1023/909
f 909/1023/909 852/1032/852 815/1033/815 868/1034/868
f 908/1021/908 909/1023/909 868/1034/868 869/1035/869
f 907/1022/907 908/1021/908 869/1035/869 870/1036/870
f 879/1037/879 907/1022/907 870/1036/870 822/1038/822
f 878/1039/878 904/1018/904 907/1022/907 879/1037/879
f 877/1026/877 901/1015/901 904/1018/904 878/1039/878
f 910/1040/910 911/1041/911 914/1042/914 913/1043/913
f 911/1041/911 912/1044/912 915/1045/915 914/1042/914
f 913/1043/913 914/1042/914 917/1046/917 916/1047/916
f 914/1042/914 915/1045/915 918/1048/918 917/1046/917
f 816/1049/816 828/1050/828 910/1040/910 823/1051/823
f 828/1050/828 827/1052/827 911/1041/911 910/1040/910
f 827/1052/827 826/1053/826 912/1044/912 911/1041/911
f 826/1053/826 812/1054/812 858/1055/858 912/1044/912
f 912/1044/912 858/1055/858 857/1056/857 915/1045/915
f 915/1045/915 857/1056/857 856/1057/856 918/1048/918
f 918/1048/918 856/1057/856 814/1058/814 849/1059/849
f 917/1046/917 918/1048/918 849/1059/849 848/1060/848
f 916/1047/916 917/1046/917 848/1060/848 847/1061/847
f 825/1062/825 916/1047/916 847/1061/847 818/1063/818
f 824/1064/824 913/1043/913 916/1047/916 825/1062/825
f 823/1051/823 910/1040/910 913/1043/913 824/1064/824
f 919/1065/919 920/1066/920 923/1067/923 922/1068/922
f 920/1066/920 921/1069/921 924/1070/924 923/1067/923
f 922/1068/922 923/1067/923 926/1071/926 925/1072/925
f 923/1067/923 924/1070/924 927/1073/927 926/1071/926
f 819/1074/819 861/1075/861 919/1065/919 874/1076/874
f 861/1075/861 860/1077/860 920/1066/920 919/1065/919
f 860/1077/860 859/1078/859 921/1069/921 920/1066/920
f 859/1078/859 811/975/811 844/977/844 921/1069/921
f 921/1069/921 844/977/844 845/990/845 924/1070/924
f 924/1070/924 845/990/845 846/988/846 927/1073/927
f 927/1073/927 846/988/846 813/989/813 865/1004/865
f 926/1071/926 927/1073/927 865/1004/865 866/1003/866
f 925/1072/925 926/1071/926 866/1003/866 867/1001/867
f 876/1079/876 925/1072/925 867/1001/867 821/1000/821
f 875/1080/875 922/1068/922 925/1072/925 876/1079/876
f 874/1076/874 919/1065/919 922/1068/922 875/1080/875
f 928/1081/928 929/1082/929 932/1083/932 931/1084/931
f 929/1082/929 930/1085/930 933/1086/933 932/1083/932
f 931/1084/931 932/1083/932 935/1087/935 934/1088/934
f 932/1083/932 933/1086/933 936/1089/936 935/1087/935
f 822/1038/822 870/1036/870 928/1081/928 871/1090/871
f 870/1036/870 869/1035/869 929/1082/929 928/1081/928
f 869/1035/869 868/1034/868 930/1085/930 929/1082/929
f 868/1034/868 815/1033/815 853/1091/853 930/1085/930
f 930/1085/930 853/1091/853 854/1092/854 933/1086/933
f 933/1086/933 854/1092/854 855/1093/855 936/1089/936
f 936/1089/936 855/1093/855 811/975/811 859/1078/859
f 935/1087/935 936/1089/936 859/1078/859 860/1077/860
f 934/1088/934 935/1087/935 860/1077/860 861/1075/861
f 873/1094/873 934/1088/934 861/1075/861 819/1074/819
f 872/1095/872 931/1084/931 934/1088/934 873/1094/873
f 871/1090/871 928/1081/928 931/1084/931 872/1095/872
f 937/1096/937 938/1097/938 941/1098/941 940/1099/940
f 938/1097/938 939/1100/939 942/1101/942 941/1098/941
f 940/1099/940 941/1098/941 944/1102/944 943/1103/943
f 941/1098/941 942/1101/942 945/1104/945 944/1102/944
f 816/1105/816 840/1106/840 937/1096/937 828/1107/828
f 840/1106/840 839/1108/839 938/1097/938 937/1096/937
f 839/1108/839 838/1109/838 939/1100/939 938/1097/938
f 838/1109/838 822/1038/822 871/1090/871 939/1100/939
f 939/1100/939 871/1090/871 872/1095/872 942/1101/942
f 942/1101/942 872/1095/872 873/1094/873 945/1104/945
f 945/1104/945 873/1094/873 819/1074/819 829/1110/829
f 944/1102/944 945/1104/945 829/1110/829 830/1111/830
f 943/1103/943 944/1102/944 830/1111/830 831/1112/831
f 826/1113/826 943/1103/943 831/1112/831 812/1054/812
f 827/1114/827 940/1099/940 943/1103/943 826/1113/826
f 828/1107/828 937/1096/937 940/1099/940 827/1114/827
f 946/1115/946 947/1116/947 950/1117/950 949/1118/949
f 947/1116/947 948/1119/948 951/1120/951 950/1117/950
f 949/1118/949 950/1117/950 953/1121/953 952/1122/952
f 950/1117/950 951/1120/951 954/1123/954 953/1121/953
f 812/1054/812 831/1112/831 946/1115/946 858/1055/858
f 831/1112/831 830/1111/830 947/1116/947 946/1115/946
f 830/1111/830 829/1110/829 948/1119/948 947/1116/947
f 829/1110/829 819/1074/819 874/1076/874 948/1119/948
f 948/1119/948 874/1076/874 875/1080/875 951/1120/951
f 951/1120/951 875/1080/875 876/1079/876 954/1123/954
f 954/1123/954 876/1079/876 821/1000/821 835/1124/835
f 953/1121/953 954/1123/954 835/1124/835 836/1125/836
f 952/1122/952 953/1121/953 836/1125/836 837/1126/837
f 856/1057/856 952/1122/952 837/1126/837 814/1058/814
f 857/1056/857 949/1118/949 952/1122/952 856/1057/856
f 858/1055/858 946/1115/946 949/1118/949 857/1056/857
f 955/1127/955 956/1128/956 959/1129/959 958/1130/958
f 956/1128/956 957/1131/957 960/1132/960 959/1129/959
f 958/1130/958 959/1129/959 962/1133/962 961/1134/961
f 959/1129/959 960/1132/960 963/1135/963 962/1133/962
f 818/1136/818 862/1137/862 955/1127/955 825/1138/825
f 862/1137/862 863/1139/863 956/1128/956 955/1127/955
f 863/1139/863 864/1140/864 957/1131/957 956/1128/956
f 864/1140/864 820/1024/820 877/1026/877 957/1131/957
f 957/1131/957 877/1026/877 878/1039/878 960/1132/960
f 960/1132/960 878/1039/878 879/1037/879 963/1135/963
f 963/1135/963 879/1037/879 822/1038/822 838/1109/838
f 962/1133/962 963/1135/963 838/1109/838 839/1108/839
f 961/1134/961 962/1133/962 839/1108/839 840/1106/840
f 823/1141/823 961/1134/961 840/1106/840 816/1105/816
f 824/1142/824 958/1130/958 961/1134/961 823/1141/823
f 825/1138/825 955/1127/955 958/1130/958 824/1142/824
f 964/1143/964 965/1144/965 968/1145/968 967/1146/967
f 965/1144/965 966/1147/966 969/1148/969 968/1145/968
f 967/1146/967 968/1145/968 971/1149/971 970/1150/970
f 968/1145/968 969/1148/969 972/1151/972 971/1149/971
f 814/1058/814 837/1126/837 964/1143/964 849/1152/849
f 837/1126/837 836/1125/836 965/1144/965 964/1143/964
f 836/1125/836 835/1124/835 966/1147/966 965/1144/965
f 835/1124/835 821/1000/821 880/1002/880 966/1147/966
f 966/1147/966 880/1002/880 881/1014/881 969/1148/969
f 969/1148/969 881/1014/881 882/1012/882 972/1151/972
f 972/1151/972 882/1012/882 820/1013/820 864/1153/864
f 971/1149/971 972/1151/972 864/1153/864 863/1154/863
f 970/1150/970 971/1149/971 863/1154/863 862/1155/862
f 847/1156/847 970/1150/970 862/1155/862 818/1157/818
f 848/1158/848 967/1146/967 970/1150/970 847/1156/847
f 849/1152/849 964/1143/964 967/1146/967 848/1158/848
o Cube.009
v -1.159212 1.866942 0.111309
v -1.159212 0.799504 0.111309
v -1.159212 1.866942 0.891047
v -1.159212 0.799504 0.891047
v -1.939741 1.866942 0.111309
v -1.939741 0.799504 0.111309
v -1.939741 1.866942 0.891047
v -1.939741 0.799504 0.891047
v -1.029124 1.220416 -0.018647
v -2.069829 1.220416 1.021003
v -1.029124 1.220416 1.021003
v -2.069829 1.220416 -0.018647
v -1.996667 0.783426 0.269869
v -2.025262 0.775350 0.501178
v -1.996667 0.783426 0.732487
v -1.317933 0.783426 0.054440
v -1.549477 0.775350 0.025875
v -1.781020 0.783426 0.054440
v -1.031910 1.059764 -0.015865
v -1.051408 0.934955 0.003614
v -1.099501 0.847485 0.051658
v -2.067044 1.409949 1.018221
v -2.047545 1.601555 0.998742
v -1.999452 1.764586 0.950698
v -1.031910 1.059764 1.018221
v -1.051408 0.934955 0.998742
v -1.099501 0.847485 0.950698
v -2.067044 1.059764 -0.015865
v -2.047545 0.934955 0.003614
v -1.999452 0.847485 0.051658
v -1.317933 1.902766 0.947915
v -1.549477 1.920760 0.976481
v -1.781020 1.902766 0.947915
v -1.102286 1.902766 0.269869
v -1.073692 1.920760 0.501178
v -1.102286 1.902766 0.732487
v -1.781020 0.783426 0.947915
v -1.549477 0.775350 0.976481
v -1.317933 0.783426 0.947915
v -1.996667 1.902766 0.732487
v -2.025262 1.920760 0.501178
v -1.996667 1.902766 0.269869
v -1.781020 1.902766 0.054440
v -1.549477 1.920760 0.025875
v -1.317933 1.902766 0.054440
v -1.102286 0.783426 0.732487
v -1.073692 0.775350 0.501178
v -1.102286 0.783426 0.269869
v -1.099501 1.764586 0.051658
v -1.051408 1.601555 0.003614
v -1.031910 1.409949 -0.015865
v -1.999452 0.847485 0.950698
v -2.047545 0.934955 0.998742
v -2.067044 1.059764 1.018221
v -1.099501 1.764586 0.950698
v -1.051408 1.601555 0.998742
v -1.031910 1.409949 1.018221
v -1.999452 1.764586 0.051658
v -2.047545 1.601555 0.003614
v -2.067044 1.409949 -0.015865
v -1.834044 1.220416 -0.164848
v -1.549477 1.220416 -0.213582
v -1.264909 1.220416 -0.164848
v -0.882775 1.220416 0.216898
v -0.833992 1.220416 0.501178
v -0.882775 1.220416 0.785457
v -2.216178 1.220416 0.785457
v -2.264961 1.220416 0.501178
v -2.216178 1.220416 0.216898
v -1.264909 1.220416 1.167204
v -1.549477 1.220416 1.215938
v -1.834044 1.220416 1.167204
v -1.302707 1.979418 0.254658
v -1.549477 2.005371 0.241416
v -1.796246 1.979418 0.254658
v -1.289451 2.005371 0.501178
v -1.549477 2.033701 0.501178
v -1.809502 2.005371 0.501178
v -1.302707 1.979418 0.747698
v -1.549477 2.005371 0.760940
v -1.796246 1.979418 0.747698
v -1.266443 1.410280 1.163679
v -1.277180 1.604208 1.139002
v -1.301173 1.774499 1.073124
v -1.549477 1.410612 1.212178
v -1.549477 1.606861 1.185855
v -1.549477 1.783173 1.114560
v -1.832510 1.410280 1.163679
v -1.821773 1.604208 1.139002
v -1.797780 1.774499 1.073124
v -2.212649 1.410280 0.783925
v -2.187947 1.604208 0.773199
v -2.122003 1.774499 0.749230
v -2.261197 1.410612 0.501178
v -2.234848 1.606861 0.501178
v -2.163480 1.783173 0.501178
v -2.212649 1.410280 0.218431
v -2.187947 1.604208 0.229157
v -2.122003 1.774499 0.253126
v -1.796246 0.749024 0.254658
v -1.549477 0.737376 0.241416
v -1.302707 0.749024 0.254658
v -1.809502 0.737376 0.501178
v -1.549477 0.724662 0.501178
v -1.289451 0.737376 0.501178
v -1.796246 0.749024 0.747698
v -1.549477 0.737376 0.760940
v -1.302707 0.749024 0.747698
v -0.886304 1.410280 0.218431
v -0.911006 1.604208 0.229157
v -0.976950 1.774499 0.253126
v -0.837756 1.410612 0.501178
v -0.864105 1.606861 0.501178
v -0.935473 1.783173 0.501178
v -0.886304 1.410280 0.783925
v -0.911006 1.604208 0.773199
v -0.976950 1.774499 0.749230
v -1.832510 1.410280 -0.161323
v -1.821773 1.604208 -0.136646
v -1.797780 1.774499 -0.070769
v -1.549477 1.410612 -0.209822
v -1.549477 1.606861 -0.183500
v -1.549477 1.783173 -0.112204
v -1.266443 1.410280 -0.161323
v -1.277180 1.604208 -0.136646
v -1.301173 1.774499 -0.070769
v -1.797780 0.843036 -0.070769
v -1.821773 0.933764 -0.136646
v -1.832510 1.059615 -0.161323
v -1.549477 0.839143 -0.112204
v -1.549477 0.932573 -0.183500
v -1.549477 1.059467 -0.209822
v -1.301173 0.843036 -0.070769
v -1.277180 0.933764 -0.136646
v -1.266443 1.059615 -0.161323
v -0.976950 0.843036 0.253126
v -0.911006 0.933764 0.229157
v -0.886304 1.059615 0.218431
v -0.935473 0.839143 0.501178
v -0.864105 0.932573 0.501178
v -0.837756 1.059467 0.501178
v -0.976950 0.843036 0.749230
v -0.911006 0.933764 0.773199
v -0.886304 1.059615 0.783925
v -2.122003 0.843036 0.749230
v -2.187947 0.933764 0.773199
v -2.212649 1.059615 0.783925
v -2.163480 0.839143 0.501178
v -2.234848 0.932573 0.501178
v -2.261197 1.059467 0.501178
v -2.122003 0.843036 0.253126
v -2.187947 0.933764 0.229157
v -2.212649 1.059615 0.218431
v -1.301173 0.843036 1.073124
v -1.277180 0.933764 1.139002
v -1.266443 1.059615 1.163679
v -1.549477 0.839143 1.114560
v -1.549477 0.932573 1.185855
v -1.549477 1.059467 1.212178
v -1.797780 0.843036 1.073124
v -1.821773 0.933764 1.139002
v -1.832510 1.059615 1.163679
vn 0.4736 0.7423 -0.4740
vn 0.2766 -0.9202 -0.2769
vn 0.4736 0.7423 0.4740
vn 0.2766 -0.9202 0.2769
vn -0.4736 0.7423 -0.4740
vn -0.2766 -0.9202 -0.2769
vn -0.4736 0.7423 0.4740
vn -0.2766 -0.9202 0.2769
vn 0.7067 -0.0019 -0.7075
vn -0.7067 -0.0019 0.7075
vn 0.7067 -0.0019 0.7075
vn -0.7067 -0.0019 -0.7075
vn -0.3054 -0.9416 -0.1417
vn -0.3098 -0.9508 -0.0000
vn -0.3054 -0.9416 0.1417
vn 0.1415 -0.9415 -0.3057
vn -0.0000 -0.9507 -0.3101
vn -0.1415 -0.9415 -0.3057
vn 0.7019 -0.1168 -0.7026
vn 0.6481 -0.3988 -0.6488
vn 0.4752 -0.7403 -0.4757
vn -0.7045 0.0798 0.7052
vn -0.6833 0.2553 0.6840
vn -0.6090 0.5075 0.6096
vn 0.7019 -0.1168 0.7026
vn 0.6481 -0.3988 0.6488
vn 0.4752 -0.7403 0.4757
vn -0.7019 -0.1168 -0.7026
vn -0.6481 -0.3988 -0.6488
vn -0.4752 -0.7403 -0.4757
vn 0.2524 0.8013 0.5424
vn -0.0000 0.8260 0.5636
vn -0.2524 0.8013 0.5424
vn 0.5420 0.8015 -0.2527
vn 0.5632 0.8263 -0.0000
vn 0.5420 0.8015 0.2527
vn -0.1415 -0.9415 0.3057
vn -0.0000 -0.9507 0.3101
vn 0.1415 -0.9415 0.3057
vn -0.5420 0.8015 0.2527
vn -0.5632 0.8263 -0.0000
vn -0.5420 0.8015 -0.2527
vn -0.2524 0.8013 -0.5424
vn -0.0000 0.8260 -0.5636
vn 0.2524 0.8013 -0.5424
vn 0.3054 -0.9416 0.1417
vn 0.3098 -0.9508 -0.0000
vn 0.3054 -0.9416 -0.1417
vn 0.6090 0.5075 -0.6096
vn 0.6833 0.2553 -0.6840
vn 0.7045 0.0798 -0.7052
vn -0.4752 -0.7403 0.4757
vn -0.6481 -0.3988 0.6488
vn -0.7019 -0.1168 0.7026
vn 0.6090 0.5075 0.6096
vn 0.6833 0.2553 0.6840
vn 0.7045 0.0798 0.7052
vn -0.6090 0.5075 -0.6096
vn -0.6833 0.2553 -0.6840
vn -0.7045 0.0798 -0.7052
vn -0.3546 -0.0018 -0.9350
vn -0.0000 -0.0018 -1.0000
vn 0.3546 -0.0018 -0.9350
vn 0.9348 -0.0018 -0.3553
vn 1.0000 -0.0018 -0.0000
vn 0.9348 -0.0018 0.3553
vn -0.9348 -0.0018 0.3553
vn -1.0000 -0.0018 -0.0000
vn -0.9348 -0.0018 -0.3553
vn 0.3546 -0.0018 0.9350
vn -0.0000 -0.0018 1.0000
vn -0.3546 -0.0018 0.9350
vn 0.2366 0.9423 -0.2369
vn -0.0000 0.9697 -0.2443
vn -0.2366 0.9423 -0.2369
vn 0.2440 0.9698 -0.0000
vn -0.0000 1.0000 -0.0000
vn -0.2440 0.9698 -0.0000
vn 0.2366 0.9423 0.2369
vn -0.0000 0.9697 0.2443
vn -0.2366 0.9423 0.2369
vn 0.3543 0.0780 0.9319
vn 0.3451 0.2533 0.9038
vn 0.3054 0.5223 0.7962
vn -0.0000 0.0764 0.9971
vn -0.0000 0.2518 0.9678
vn -0.0000 0.5361 0.8442
vn -0.3543 0.0780 0.9319
vn -0.3451 0.2533 0.9038
vn -0.3054 0.5223 0.7962
vn -0.9316 0.0781 0.3549
vn -0.9035 0.2534 0.3457
vn -0.7958 0.5226 0.3058
vn -0.9971 0.0765 -0.0000
vn -0.9677 0.2520 -0.0000
vn -0.8439 0.5364 -0.0000
vn -0.9316 0.0781 -0.3549
vn -0.9035 0.2534 -0.3457
vn -0.7958 0.5226 -0.3058
vn -0.1128 -0.9872 -0.1130
vn -0.0000 -0.9935 -0.1138
vn 0.1128 -0.9872 -0.1130
vn -0.1137 -0.9935 -0.0000
vn -0.0000 -1.0000 -0.0000
vn 0.1137 -0.9935 -0.0000
vn -0.1128 -0.9872 0.1130
vn -0.0000 -0.9935 0.1138
vn 0.1128 -0.9872 0.1130
vn 0.9316 0.0781 -0.3549
vn 0.9035 0.2534 -0.3457
vn 0.7958 0.5226 -0.3058
vn 0.9971 0.0765 -0.0000
vn 0.9677 0.2520 -0.0000
vn 0.8439 0.5364 -0.0000
vn 0.9316 0.0781 0.3549
vn 0.9035 0.2534 0.3457
vn 0.7958 0.5226 0.3058
vn -0.3543 0.0780 -0.9319
vn -0.3451 0.2533 -0.9038
vn -0.3054 0.5223 -0.7962
vn -0.0000 0.0764 -0.9971
vn -0.0000 0.2518 -0.9678
vn -0.0000 0.5361 -0.8442
vn 0.3543 0.0780 -0.9319
vn 0.3451 0.2533 -0.9038
vn 0.3054 0.5223 -0.7962
vn -0.2360 -0.7505 -0.6173
vn -0.3260 -0.3973 -0.8578
vn -0.3531 -0.1145 -0.9286
vn -0.0000 -0.7591 -0.6509
vn -0.0000 -0.3962 -0.9182
vn -0.0000 -0.1125 -0.9937
vn 0.2360 -0.7505 -0.6173
vn 0.3260 -0.3973 -0.8578
vn 0.3531 -0.1145 -0.9286
vn 0.6169 -0.7507 -0.2363
vn 0.8575 -0.3975 -0.3266
vn 0.9283 -0.1146 -0.3537
vn 0.6506 -0.7595 -0.0000
vn 0.9180 -0.3965 -0.0000
vn 0.9936 -0.1126 -0.0000
vn 0.6169 -0.7507 0.2363
vn 0.8575 -0.3975 0.3266
vn 0.9283 -0.1146 0.3537
vn -0.6169 -0.7507 0.2363
vn -0.8575 -0.3975 0.3266
vn -0.9283 -0.1146 0.3537
vn -0.6506 -0.7595 -0.0000
vn -0.9180 -0.3965 -0.0000
vn -0.9936 -0.1126 -0.0000
vn -0.6169 -0.7507 -0.2363
vn -0.8575 -0.3975 -0.3266
vn -0.9283 -0.1146 -0.3537
vn 0.2360 -0.7505 0.6173
vn 0.3260 -0.3973 0.8578
vn 0.3531 -0.1145 0.9286
vn -0.0000 -0.7591 0.6509
vn -0.0000 -0.3962 0.9182
vn -0.0000 -0.1125 0.9937
vn -0.2360 -0.7505 0.6173
vn -0.3260 -0.3973 0.8578
vn -0.3531 -0.1145 0.9286
vt 0.687581 0.562500
vt 0.750021 0.562500
vt 0.750031 0.625000
vt 0.687613 0.625000
vt 0.812503 0.562500
vt 0.812504 0.625000
vt 0.750021 0.687500
vt 0.687581 0.687500
vt 0.812503 0.687500
vt 0.625000 0.500000
vt 0.687500 0.500000
vt 0.625258 0.562500
vt 0.750000 0.500000
vt 0.812500 0.500000
vt 0.875000 0.500000
vt 0.875000 0.562500
vt 0.875000 0.625000
vt 0.875000 0.687500
vt 0.875000 0.750000
vt 0.812500 0.750000
vt 0.750000 0.750000
vt 0.687500 0.750000
vt 0.625258 0.687500
vt 0.625000 0.750000
vt 0.625312 0.625000
vt 0.456141 0.812500
vt 0.506133 0.812500
vt 0.505386 0.875000
vt 0.453997 0.875000
vt 0.563690 0.812500
vt 0.563595 0.875000
vt 0.503574 0.937500
vt 0.448362 0.937500
vt 0.563368 0.937500
vt 0.418165 0.750000
vt 0.456448 0.750000
vt 0.417739 0.812500
vt 0.506246 0.750000
vt 0.563725 0.750000
vt 0.625000 0.812500
vt 0.625000 0.875000
vt 0.625000 0.937500
vt 0.625000 1.000000
vt 0.563062 1.000000
vt 0.501124 1.000000
vt 0.439185 1.000000
vt 0.405804 0.937500
vt 0.377247 1.000000
vt 0.414755 0.875000
vt 0.448362 0.062500
vt 0.503574 0.062500
vt 0.505386 0.125000
vt 0.453997 0.125000
vt 0.563368 0.062500
vt 0.563595 0.125000
vt 0.506132 0.187500
vt 0.456141 0.187500
vt 0.563688 0.187500
vt 0.377247 0.000000
vt 0.439185 0.000000
vt 0.405804 0.062500
vt 0.501124 0.000000
vt 0.563062 0.000000
vt 0.625000 0.000000
vt 0.625000 0.062500
vt 0.625000 0.125000
vt 0.625000 0.187500
vt 0.625000 0.250000
vt 0.563701 0.250000
vt 0.506238 0.250000
vt 0.456447 0.250000
vt 0.417739 0.187500
vt 0.418165 0.250000
vt 0.414755 0.125000
vt 0.187204 0.562500
vt 0.247634 0.562500
vt 0.246559 0.625000
vt 0.187070 0.625000
vt 0.303548 0.562500
vt 0.300026 0.625000
vt 0.247634 0.687500
vt 0.187204 0.687500
vt 0.303548 0.687500
vt 0.125000 0.500000
vt 0.187500 0.500000
vt 0.125000 0.562500
vt 0.250000 0.500000
vt 0.312500 0.500000
vt 0.375000 0.500000
vt 0.346558 0.562500
vt 0.340590 0.625000
vt 0.346558 0.687500
vt 0.375000 0.750000
vt 0.312500 0.750000
vt 0.250000 0.750000
vt 0.187500 0.750000
vt 0.125000 0.687500
vt 0.125000 0.750000
vt 0.125000 0.625000
vt 0.456450 0.562500
vt 0.506261 0.562500
vt 0.506269 0.625000
vt 0.456451 0.625000
vt 0.563784 0.562500
vt 0.563814 0.625000
vt 0.506261 0.687500
vt 0.456450 0.687500
vt 0.563784 0.687500
vt 0.418165 0.500000
vt 0.456448 0.500000
vt 0.418165 0.562500
vt 0.506246 0.500000
vt 0.563725 0.500000
vt 0.418165 0.687500
vt 0.418165 0.625000
vt 0.456447 0.312500
vt 0.506238 0.312500
vt 0.506238 0.375000
vt 0.456447 0.375000
vt 0.563701 0.312500
vt 0.563701 0.375000
vt 0.506239 0.437500
vt 0.456448 0.437500
vt 0.563703 0.437500
vt 0.418165 0.312500
vt 0.625000 0.312500
vt 0.625000 0.375000
vt 0.625000 0.437500
vt 0.418165 0.437500
vt 0.418165 0.375000
vt 0.376201 0.312500
vt 0.381238 0.312500
vt 0.381238 0.375000
vt 0.376201 0.375000
vt 0.393947 0.312500
vt 0.393947 0.375000
vt 0.381131 0.437500
vt 0.375973 0.437500
vt 0.393934 0.437500
vt 0.375000 0.250000
vt 0.376201 0.250000
vt 0.375000 0.312500
vt 0.381238 0.250000
vt 0.393947 0.250000
vt 0.393840 0.500000
vt 0.380378 0.500000
vt 0.373620 0.500000
vt 0.375000 0.437500
vt 0.375000 0.375000
vt 0.367021 0.562500
vt 0.378765 0.562500
vt 0.377797 0.625000
vt 0.363727 0.625000
vt 0.393638 0.562500
vt 0.393517 0.625000
vt 0.378765 0.687500
vt 0.367021 0.687500
vt 0.393638 0.687500
vt 0.393840 0.750000
vt 0.380378 0.750000
vt 0.373620 0.750000
vt 0.375868 0.062500
vt 0.378574 0.062500
vt 0.380386 0.125000
vt 0.376095 0.125000
vt 0.385862 0.062500
vt 0.391497 0.125000
vt 0.381132 0.187500
vt 0.376188 0.187500
vt 0.393641 0.187500
vt 0.375000 0.000000
vt 0.375562 0.000000
vt 0.375000 0.062500
vt 0.376124 0.000000
vt 0.376685 0.000000
vt 0.375000 0.187500
vt 0.375000 0.125000
vt 0.375959 0.812500
vt 0.381024 0.812500
vt 0.380386 0.875000
vt 0.376095 0.875000
vt 0.393628 0.812500
vt 0.391497 0.875000
vt 0.378574 0.937500
vt 0.375868 0.937500
vt 0.385862 0.937500
vt 0.375000 0.812500
vt 0.376685 1.000000
vt 0.376124 1.000000
vt 0.375562 1.000000
vt 0.375000 0.937500
vt 0.375000 1.000000
vt 0.375000 0.875000
s 1
usemtl Material
f 1045/1159/1045 1046/1160/1046 1049/1161/1049 1048/1162/1048
f 1046/1160/1046 1047/1163/1047 1050/1164/1050 1049/1161/1049
f 1048/1162/1048 1049/1161/1049 1052/1165/1052 1051/1166/1051
f 1049/1161/1049 1050/1164/1050 1053/1167/1053 1052/1165/1052
f 973/1168/973 1017/1169/1017 1045/1159/1045 1006/1170/1006
f 1017/1169/1017 1016/1171/1016 1046/1160/1046 1045/1159/1045
f 1016/1171/1016 1015/1172/1015 1047/1163/1047 1046/1160/1046
f 1015/1172/1015 977/1173/977 1014/1174/1014 1047/1163/1047
f 1047/1163/1047 1014/1174/1014 1013/1175/1013 1050/1164/1050
f 1050/1164/1050 1013/1175/1013 1012/1176/1012 1053/1167/1053
f 1053/1167/1053 1012/1176/1012 979/1177/979 1005/1178/1005
f 1052/1165/1052 1053/1167/1053 1005/1178/1005 1004/1179/1004
f 1051/1166/1051 1052/1165/1052 1004/1179/1004 1003/1180/1003
f 1008/1181/1008 1051/1166/1051 1003/1180/1003 975/1182/975
f 1007/1183/1007 1048/1162/1048 1051/1166/1051 1008/1181/1008
f 1006/1170/1006 1045/1159/1045 1048/1162/1048 1007/1183/1007
f 1054/1184/1054 1055/1185/1055 1058/1186/1058 1057/1187/1057
f 1055/1185/1055 1056/1188/1056 1059/1189/1059 1058/1186/1058
f 1057/1187/1057 1058/1186/1058 1061/1190/1061 1060/1191/1060
f 1058/1186/1058 1059/1189/1059 1062/1192/1062 1061/1190/1061
f 983/1193/983 1029/1194/1029 1054/1184/1054 1042/1195/1042
f 1029/1194/1029 1028/1196/1028 1055/1185/1055 1054/1184/1054
f 1028/1196/1028 1027/1197/1027 1056/1188/1056 1055/1185/1055
f 1027/1197/1027 975/1182/975 1003/1198/1003 1056/1188/1056
f 1056/1188/1056 1003/1198/1003 1004/1199/1004 1059/1189/1059
f 1059/1189/1059 1004/1199/1004 1005/1200/1005 1062/1192/1062
f 1062/1192/1062 1005/1200/1005 979/1201/979 996/1202/996
f 1061/1190/1061 1062/1192/1062 996/1202/996 995/1203/995
f 1060/1191/1060 1061/1190/1061 995/1203/995 994/1204/994
f 1044/1205/1044 1060/1191/1060 994/1204/994 982/1206/982
f 1043/1207/1043 1057/1187/1057 1060/1191/1060 1044/1205/1044
f 1042/1195/1042 1054/1184/1054 1057/1187/1057 1043/1207/1043
f 1063/1208/1063 1064/1209/1064 1067/1210/1067 1066/1211/1066
f 1064/1209/1064 1065/1212/1065 1068/1213/1068 1067/1210/1067
f 1066/1211/1066 1067/1210/1067 1070/1214/1070 1069/1215/1069
f 1067/1210/1067 1068/1213/1068 1071/1216/1071 1070/1214/1070
f 982/1217/982 994/1218/994 1063/1208/1063 1039/1219/1039
f 994/1218/994 995/1220/995 1064/1209/1064 1063/1208/1063
f 995/1220/995 996/1221/996 1065/1212/1065 1064/1209/1064
f 996/1221/996 979/1222/979 1012/1223/1012 1065/1212/1065
f 1065/1212/1065 1012/1223/1012 1013/1224/1013 1068/1213/1068
f 1068/1213/1068 1013/1224/1013 1014/1225/1014 1071/1216/1071
f 1071/1216/1071 1014/1225/1014 977/1226/977 1030/1227/1030
f 1070/1214/1070 1071/1216/1071 1030/1227/1030 1031/1228/1031
f 1069/1215/1069 1070/1214/1070 1031/1228/1031 1032/1229/1032
f 1041/1230/1041 1069/1215/1069 1032/1229/1032 984/1231/984
f 1040/1232/1040 1066/1211/1066 1069/1215/1069 1041/1230/1041
f 1039/1219/1039 1063/1208/1063 1066/1211/1066 1040/1232/1040
f 1072/1233/1072 1073/1234/1073 1076/1235/1076 1075/1236/1075
f 1073/1234/1073 1074/1237/1074 1077/1238/1077 1076/1235/1076
f 1075/1236/1075 1076/1235/1076 1079/1239/1079 1078/1240/1078
f 1076/1235/1076 1077/1238/1077 1080/1241/1080 1079/1239/1079
f 978/1242/978 990/1243/990 1072/1233/1072 985/1244/985
f 990/1243/990 989/1245/989 1073/1234/1073 1072/1233/1072
f 989/1245/989 988/1246/988 1074/1237/1074 1073/1234/1073
f 988/1246/988 974/1247/974 1020/1248/1020 1074/1237/1074
f 1074/1237/1074 1020/1248/1020 1019/1249/1019 1077/1238/1077
f 1077/1238/1077 1019/1249/1019 1018/1250/1018 1080/1241/1080
f 1080/1241/1080 1018/1250/1018 976/1251/976 1011/1252/1011
f 1079/1239/1079 1080/1241/1080 1011/1252/1011 1010/1253/1010
f 1078/1240/1078 1079/1239/1079 1010/1253/1010 1009/1254/1009
f 987/1255/987 1078/1240/1078 1009/1254/1009 980/1256/980
f 986/1257/986 1075/1236/1075 1078/1240/1078 987/1255/987
f 985/1244/985 1072/1233/1072 1075/1236/1075 986/1257/986
f 1081/1258/1081 1082/1259/1082 1085/1260/1085 1084/1261/1084
f 1082/1259/1082 1083/1262/1083 1086/1263/1086 1085/1260/1085
f 1084/1261/1084 1085/1260/1085 1088/1264/1088 1087/1265/1087
f 1085/1260/1085 1086/1263/1086 1089/1266/1089 1088/1264/1088
f 981/1267/981 1023/1268/1023 1081/1258/1081 1036/1269/1036
f 1023/1268/1023 1022/1270/1022 1082/1259/1082 1081/1258/1081
f 1022/1270/1022 1021/1271/1021 1083/1262/1083 1082/1259/1082
f 1021/1271/1021 973/1168/973 1006/1170/1006 1083/1262/1083
f 1083/1262/1083 1006/1170/1006 1007/1183/1007 1086/1263/1086
f 1086/1263/1086 1007/1183/1007 1008/1181/1008 1089/1266/1089
f 1089/1266/1089 1008/1181/1008 975/1182/975 1027/1197/1027
f 1088/1264/1088 1089/1266/1089 1027/1197/1027 1028/1196/1028
f 1087/1265/1087 1088/1264/1088 1028/1196/1028 1029/1194/1029
f 1038/1272/1038 1087/1265/1087 1029/1194/1029 983/1193/983
f 1037/1273/1037 1084/1261/1084 1087/1265/1087 1038/1272/1038
f 1036/1269/1036 1081/1258/1081 1084/1261/1084 1037/1273/1037
f 1090/1274/1090 1091/1275/1091 1094/1276/1094 1093/1277/1093
f 1091/1275/1091 1092/1278/1092 1095/1279/1095 1094/1276/1094
f 1093/1277/1093 1094/1276/1094 1097/1280/1097 1096/1281/1096
f 1094/1276/1094 1095/1279/1095 1098/1282/1098 1097/1280/1097
f 984/1231/984 1032/1229/1032 1090/1274/1090 1033/1283/1033
f 1032/1229/1032 1031/1228/1031 1091/1275/1091 1090/1274/1090
f 1031/1228/1031 1030/1227/1030 1092/1278/1092 1091/1275/1091
f 1030/1227/1030 977/1226/977 1015/1284/1015 1092/1278/1092
f 1092/1278/1092 1015/1284/1015 1016/1285/1016 1095/1279/1095
f 1095/1279/1095 1016/1285/1016 1017/1286/1017 1098/1282/1098
f 1098/1282/1098 1017/1286/1017 973/1168/973 1021/1271/1021
f 1097/1280/1097 1098/1282/1098 1021/1271/1021 1022/1270/1022
f 1096/1281/1096 1097/1280/1097 1022/1270/1022 1023/1268/1023
f 1035/1287/1035 1096/1281/1096 1023/1268/1023 981/1267/981
f 1034/1288/1034 1093/1277/1093 1096/1281/1096 1035/1287/1035
f 1033/1283/1033 1090/1274/1090 1093/1277/1093 1034/1288/1034
f 1099/1289/1099 1100/1290/1100 1103/1291/1103 1102/1292/1102
f 1100/1290/1100 1101/1293/1101 1104/1294/1104 1103/1291/1103
f 1102/1292/1102 1103/1291/1103 1106/1295/1106 1105/1296/1105
f 1103/1291/1103 1104/1294/1104 1107/1297/1107 1106/1295/1106
f 978/1298/978 1002/1299/1002 1099/1289/1099 990/1300/990
f 1002/1299/1002 1001/1301/1001 1100/1290/1100 1099/1289/1099
f 1001/1301/1001 1000/1302/1000 1101/1293/1101 1100/1290/1100
f 1000/1302/1000 984/1231/984 1033/1283/1033 1101/1293/1101
f 1101/1293/1101 1033/1283/1033 1034/1288/1034 1104/1294/1104
f 1104/1294/1104 1034/1288/1034 1035/1287/1035 1107/1297/1107
f 1107/1297/1107 1035/1287/1035 981/1267/981 991/1303/991
f 1106/1295/1106 1107/1297/1107 991/1303/991 992/1304/992
f 1105/1296/1105 1106/1295/1106 992/1304/992 993/1305/993
f 988/1306/988 1105/1296/1105 993/1305/993 974/1247/974
f 989/1307/989 1102/1292/1102 1105/1296/1105 988/1306/988
f 990/1300/990 1099/1289/1099 1102/1292/1102 989/1307/989
f 1108/1308/1108 1109/1309/1109 1112/1310/1112 1111/1311/1111
f 1109/1309/1109 1110/1312/1110 1113/1313/1113 1112/1310/1112
f 1111/1311/1111 1112/1310/1112 1115/1314/1115 1114/1315/1114
f 1112/1310/1112 1113/1313/1113 1116/1316/1116 1115/1314/1115
f 974/1247/974 993/1305/993 1108/1308/1108 1020/1248/1020
f 993/1305/993 992/1304/992 1109/1309/1109 1108/1308/1108
f 992/1304/992 991/1303/991 1110/1312/1110 1109/1309/1109
f 991/1303/991 981/1267/981 1036/1269/1036 1110/1312/1110
f 1110/1312/1110 1036/1269/1036 1037/1273/1037 1113/1313/1113
f 1113/1313/1113 1037/1273/1037 1038/1272/1038 1116/1316/1116
f 1116/1316/1116 1038/1272/1038 983/1193/983 997/1317/997
f 1115/1314/1115 1116/1316/1116 997/1317/997 998/1318/998
f 1114/1315/1114 1115/1314/1115 998/1318/998 999/1319/999
f 1018/1250/1018 1114/1315/1114 999/1319/999 976/1251/976
f 1019/1249/1019 1111/1311/1111 1114/1315/1114 1018/1250/1018
f 1020/1248/1020 1108/1308/1108 1111/1311/1111 1019/1249/1019
f 1117/1320/1117 1118/1321/1118 1121/1322/1121 1120/1323/1120
f 1118/1321/1118 1119/1324/1119 1122/1325/1122 1121/1322/1121
f 1120/1323/1120 1121/1322/1121 1124/1326/1124 1123/1327/1123
f 1121/1322/1121 1122/1325/1122 1125/1328/1125 1124/1326/1124
f 980/1329/980 1024/1330/1024 1117/1320/1117 987/1331/987
f 1024/1330/1024 1025/1332/1025 1118/1321/1118 1117/1320/1117
f 1025/1332/1025 1026/1333/1026 1119/1324/1119 1118/1321/1118
f 1026/1333/1026 982/1217/982 1039/1219/1039 1119/1324/1119
f 1119/1324/1119 1039/1219/1039 1040/1232/1040 1122/1325/1122
f 1122/1325/1122 1040/1232/1040 1041/1230/1041 1125/1328/1125
f 1125/1328/1125 1041/1230/1041 984/1231/984 1000/1302/1000
f 1124/1326/1124 1125/1328/1125 1000/1302/1000 1001/1301/1001
f 1123/1327/1123 1124/1326/1124 1001/1301/1001 1002/1299/1002
f 985/1334/985 1123/1327/1123 1002/1299/1002 978/1298/978
f 986/1335/986 1120/1323/1120 1123/1327/1123 985/1334/985
f 987/1331/987 1117/1320/1117 1120/1323/1120 986/1335/986
f 1126/1336/1126 1127/1337/1127 1130/1338/1130 1129/1339/1129
f 1127/1337/1127 1128/1340/1128 1131/1341/1131 1130/1338/1130
f 1129/1339/1129 1130/1338/1130 1133/1342/1133 1132/1343/1132
f 1130/1338/1130 1131/1341/1131 1134/1344/1134 1133/1342/1133
f 976/1251/976 999/1319/999 1126/1336/1126 1011/1345/1011
f 999/1319/999 998/1318/998 1127/1337/1127 1126/1336/1126
f 998/1318/998 997/1317/997 1128/1340/1128 1127/1337/1127
f 997/1317/997 983/1193/983 1042/1195/1042 1128/1340/1128
f 1128/1340/1128 1042/1195/1042 1043/1207/1043 1131/1341/1131
f 1131/1341/1131 1043/1207/1043 1044/1205/1044 1134/1344/1134
f 1134/1344/1134 1044/1205/1044 982/1206/982 1026/1346/1026
f 1133/1342/1133 1134/1344/1134 1026/1346/1026 1025/1347/1025
f 1132/1343/1132 1133/1342/1133 1025/1347/1025 1024/1348/1024
f 1009/1349/1009 1132/1343/1132 1024/1348/1024 980/1350/980
f 1010/1351/1010 1129/1339/1129 1132/1343/1132 1009/1349/1009
f 1011/1345/1011 1126/1336/1126 1129/1339/1129 1010/1351/1010
o Cube.001
v -1.172415 1.406496 -0.381024
v -1.172415 0.339058 -0.381024
v -1.172415 1.406496 0.398714
v -1.172415 0.339058 0.398714
v -1.952944 1.406496 -0.381024
v -1.952944 0.339058 -0.381024
v -1.952944 1.406496 0.398714
v -1.952944 0.339058 0.398714
v -1.042327 0.759970 -0.510980
v -2.083032 0.759970 0.528671
v -1.042327 0.759970 0.528671
v -2.083032 0.759970 -0.510980
v -2.009870 0.322980 -0.222464
v -2.038465 0.314904 0.008845
v -2.009870 0.322980 0.240154
v -1.331136 0.322980 -0.437892
v -1.562680 0.314904 -0.466458
v -1.794223 0.322980 -0.437892
v -1.045113 0.599318 -0.508198
v -1.064611 0.474509 -0.488719
v -1.112704 0.387039 -0.440675
v -2.080246 0.949503 0.525888
v -2.060748 1.141109 0.506410
v -2.012655 1.304140 0.458365
v -1.045113 0.599318 0.525888
v -1.064611 0.474509 0.506410
v -1.112704 0.387039 0.458365
v -2.080246 0.599318 -0.508197
v -2.060748 0.474509 -0.488719
v -2.012655 0.387039 -0.440675
v -1.331136 1.442319 0.455583
v -1.562680 1.460314 0.484149
v -1.794223 1.442319 0.455583
v -1.115489 1.442319 -0.222464
v -1.086895 1.460314 0.008845
v -1.115489 1.442319 0.240154
v -1.794223 0.322980 0.455583
v -1.562680 0.314904 0.484148
v -1.331136 0.322980 0.455583
v -2.009870 1.442319 0.240154
v -2.038465 1.460314 0.008845
v -2.009870 1.442319 -0.222464
v -1.794223 1.442319 -0.437892
v -1.562680 1.460314 -0.466458
v -1.331136 1.442319 -0.437892
v -1.115489 0.322980 0.240154
v -1.086895 0.314904 0.008845
v -1.115489 0.322980 -0.222464
v -1.112704 1.304140 -0.440675
v -1.064611 1.141109 -0.488719
v -1.045113 0.949503 -0.508198
v -2.012655 0.387039 0.458365
v -2.060748 0.474509 0.506410
v -2.080246 0.599318 0.525888
v -1.112704 1.304140 0.458365
v -1.064611 1.141109 0.506410
v -1.045113 0.949503 0.525888
v -2.012655 1.304140 -0.440675
v -2.060748 1.141109 -0.488719
v -2.080246 0.949503 -0.508198
v -1.847247 0.759970 -0.657181
v -1.562680 0.759970 -0.705915
v -1.278112 0.759970 -0.657181
v -0.895978 0.759970 -0.275434
v -0.847195 0.759970 0.008845
v -0.895978 0.759970 0.293125
v -2.229381 0.759970 0.293125
v -2.278164 0.759970 0.008845
v -2.229381 0.759970 -0.275434
v -1.278112 0.759970 0.674872
v -1.562680 0.759970 0.723605
v -1.847247 0.759970 0.674872
v -1.315910 1.518972 -0.237675
v -1.562680 1.544925 -0.250917
v -1.809449 1.518972 -0.237675
v -1.302654 1.544925 0.008845
v -1.562680 1.573255 0.008845
v -1.822705 1.544925 0.008845
v -1.315910 1.518972 0.255365
v -1.562680 1.544925 0.268608
v -1.809449 1.518972 0.255365
v -1.279646 0.949834 0.671346
v -1.290383 1.143762 0.646669
v -1.314376 1.314053 0.580792
v -1.562680 0.950166 0.719845
v -1.562680 1.146415 0.693523
v -1.562680 1.322726 0.622227
v -1.845713 0.949834 0.671346
v -1.834976 1.143762 0.646669
v -1.810983 1.314053 0.580792
v -2.225852 0.949834 0.291592
v -2.201150 1.143762 0.280866
v -2.135206 1.314053 0.256897
v -2.274400 0.950166 0.008845
v -2.248051 1.146415 0.008845
v -2.176683 1.322726 0.008845
v -2.225852 0.949834 -0.273902
v -2.201150 1.143762 -0.263176
v -2.135206 1.314053 -0.239207
v -1.809449 0.288578 -0.237675
v -1.562680 0.276930 -0.250917
v -1.315910 0.288578 -0.237675
v -1.822705 0.276930 0.008845
v -1.562680 0.264216 0.008845
v -1.302654 0.276930 0.008845
v -1.809449 0.288578 0.255365
v -1.562680 0.276930 0.268608
v -1.315910 0.288578 0.255365
v -0.899507 0.949834 -0.273902
v -0.924209 1.143762 -0.263176
v -0.990153 1.314053 -0.239207
v -0.850959 0.950166 0.008845
v -0.877308 1.146415 0.008845
v -0.948676 1.322726 0.008845
v -0.899507 0.949834 0.291592
v -0.924209 1.143762 0.280866
v -0.990153 1.314053 0.256897
v -1.845713 0.949834 -0.653656
v -1.834976 1.143762 -0.628979
v -1.810983 1.314053 -0.563101
v -1.562680 0.950166 -0.702154
v -1.562680 1.146415 -0.675832
v -1.562680 1.322726 -0.604537
v -1.279646 0.949834 -0.653656
v -1.290383 1.143762 -0.628979
v -1.314376 1.314053 -0.563101
v -1.810983 0.382590 -0.563101
v -1.834976 0.473318 -0.628979
v -1.845713 0.599169 -0.653656
v -1.562680 0.378697 -0.604537
v -1.562680 0.472127 -0.675832
v -1.562680 0.599020 -0.702154
v -1.314376 0.382590 -0.563101
v -1.290383 0.473318 -0.628979
v -1.279646 0.599169 -0.653656
v -0.990153 0.382590 -0.239207
v -0.924209 0.473318 -0.263176
v -0.899507 0.599169 -0.273902
v -0.948676 0.378697 0.008845
v -0.877308 0.472127 0.008845
v -0.850959 0.599020 0.008845
v -0.990153 0.382590 0.256897
v -0.924209 0.473318 0.280866
v -0.899507 0.599169 0.291592
v -2.135206 0.382590 0.256897
v -2.201150 0.473318 0.280866
v -2.225852 0.599169 0.291592
v -2.176683 0.378697 0.008845
v -2.248051 0.472127 0.008845
v -2.274400 0.599020 0.008845
v -2.135206 0.382590 -0.239207
v -2.201150 0.473318 -0.263176
v -2.225852 0.599169 -0.273902
v -1.314376 0.382590 0.580792
v -1.290383 0.473318 0.646669
v -1.279646 0.599169 0.671346
v -1.562680 0.378697 0.622227
v -1.562680 0.472127 0.693523
v -1.562680 0.599020 0.719845
v -1.810983 0.382590 0.580792
v -1.834976 0.473318 0.646669
v -1.845713 0.599169 0.671346
vn 0.4736 0.7423 -0.4740
vn 0.2766 -0.9202 -0.2769
vn 0.4736 0.7423 0.4740
vn 0.2766 -0.9202 0.2769
vn -0.4736 0.7423 -0.4740
vn -0.2766 -0.9202 -0.2769
vn -0.4736 0.7423 0.4740
vn -0.2766 -0.9202 0.2769
vn 0.7067 -0.0019 -0.7075
vn -0.7067 -0.0019 0.7075
vn 0.7067 -0.0019 0.7075
vn -0.7067 -0.0019 -0.7075
vn -0.3054 -0.9416 -0.1417
vn -0.3098 -0.9508 -0.0000
vn -0.3054 -0.9416 0.1417
vn 0.1415 -0.9415 -0.3057
vn -0.0000 -0.9507 -0.3101
vn -0.1415 -0.9415 -0.3057
vn 0.7019 -0.1168 -0.7026
vn 0.6481 -0.3988 -0.6488
vn 0.4752 -0.7403 -0.4757
vn -0.7045 0.0798 0.7052
vn -0.6833 0.2553 0.6840
vn -0.6090 0.5075 0.6096
vn 0.7019 -0.1168 0.7026
vn 0.6481 -0.3988 0.6488
vn 0.4752 -0.7403 0.4757
vn -0.7019 -0.1168 -0.7026
vn -0.6481 -0.3988 -0.6488
vn -0.4752 -0.7403 -0.4757
vn 0.2524 0.8013 0.5424
vn -0.0000 0.8260 0.5636
vn -0.2524 0.8013 0.5424
vn 0.5420 0.8015 -0.2527
vn 0.5632 0.8263 -0.0000
vn 0.5420 0.8015 0.2527
vn -0.1415 -0.9415 0.3057
vn -0.0000 -0.9507 0.3101
vn 0.1415 -0.9415 0.3057
vn -0.5420 0.8015 0.2527
vn -0.5632 0.8263 -0.0000
vn -0.5420 0.8015 -0.2527
vn -0.2524 0.8013 -0.5424
vn -0.0000 0.8260 -0.5636
vn 0.2524 0.8013 -0.5424
vn 0.3054 -0.9416 0.1417
vn 0.3098 -0.9508 -0.0000
vn 0.3054 -0.9416 -0.1417
vn 0.6090 0.5075 -0.6096
vn 0.6833 0.2553 -0.6840
vn 0.7045 0.0798 -0.7052
vn -0.4752 -0.7403 0.4757
vn -0.6481 -0.3988 0.6488
vn -0.7019 -0.1168 0.7026
vn 0.6090 0.5075 0.6096
vn 0.6833 0.2553 0.6840
vn 0.7045 0.0798 0.7052
vn -0.6090 0.5075 -0.6096
vn -0.6833 0.2553 -0.6840
vn -0.7045 0.0798 -0.7052
vn -0.3546 -0.0018 -0.9350
vn -0.0000 -0.0018 -1.0000
vn 0.3546 -0.0018 -0.9350
vn 0.9348 -0.0018 -0.3553
vn 1.0000 -0.0018 -0.0000
vn 0.9348 -0.0018 0.3553
vn -0.9348 -0.0018 0.3553
vn -1.0000 -0.0018 -0.0000
vn -0.9348 -0.0018 -0.3553
vn 0.3546 -0.0018 0.9350
vn -0.0000 -0.0018 1.0000
vn -0.3546 -0.0018 0.9350
vn 0.2366 0.9423 -0.2369
vn -0.0000 0.9697 -0.2443
vn -0.2366 0.9423 -0.2369
vn 0.2440 0.9698 -0.0000
vn -0.0000 1.0000 -0.0000
vn -0.2440 0.9698 -0.0000
vn 0.2366 0.9423 0.2369
vn -0.0000 0.9697 0.2443
vn -0.2366 0.9423 0.2369
vn 0.3543 0.0780 0.9319
vn 0.3451 0.2533 0.9038
vn 0.3054 0.5223 0.7962
vn -0.0000 0.0764 0.9971
vn -0.0000 0.2518 0.9678
vn -0.0000 0.5361 0.8442
vn -0.3543 0.0780 0.9319
vn -0.3451 0.2533 0.9038
vn -0.3054 0.5223 0.7962
vn -0.9316 0.0781 0.3549
vn -0.9035 0.2534 0.3457
vn -0.7958 0.5226 0.3058
vn -0.9971 0.0765 -0.0000
vn -0.9677 0.2520 -0.0000
vn -0.8439 0.5364 -0.0000
vn -0.9316 0.0781 -0.3549
vn -0.9035 0.2534 -0.3457
vn -0.7958 0.5226 -0.3058
vn -0.1128 -0.9872 -0.1130
vn -0.0000 -0.9935 -0.1138
vn 0.1128 -0.9872 -0.1130
vn -0.1137 -0.9935 -0.0000
vn -0.0000 -1.0000 -0.0000
vn 0.1137 -0.9935 -0.0000
vn -0.1128 -0.9872 0.1130
vn -0.0000 -0.9935 0.1138
vn 0.1128 -0.9872 0.1130
vn 0.9316 0.0781 -0.3549
vn 0.9035 0.2534 -0.3457
vn 0.7958 0.5226 -0.3058
vn 0.9971 0.0765 -0.0000
vn 0.9677 0.2520 -0.0000
vn 0.8439 0.5364 -0.0000
vn 0.9316 0.0781 0.3549
vn 0.9035 0.2534 0.3457
vn 0.7958 0.5226 0.3058
vn -0.3543 0.0780 -0.9319
vn -0.3451 0.2533 -0.9038
vn -0.3054 0.5223 -0.7962
vn -0.0000 0.0764 -0.9971
vn -0.0000 0.2518 -0.9678
vn -0.0000 0.5361 -0.8442
vn 0.3543 0.0780 -0.9319
vn 0.3451 0.2533 -0.9038
vn 0.3054 0.5223 -0.7962
vn -0.2360 -0.7505 -0.6173
vn -0.3260 -0.3973 -0.8578
vn -0.3531 -0.1145 -0.9286
vn -0.0000 -0.7591 -0.6509
vn -0.0000 -0.3962 -0.9182
vn -0.0000 -0.1125 -0.9937
vn 0.2360 -0.7505 -0.6173
vn 0.3260 -0.3973 -0.8578
vn 0.3531 -0.1145 -0.9286
vn 0.6169 -0.7507 -0.2363
vn 0.8575 -0.3975 -0.3266
vn 0.9283 -0.1146 -0.3537
vn 0.6506 -0.7595 -0.0000
vn 0.9180 -0.3965 -0.0000
vn 0.9936 -0.1126 -0.0000
vn 0.6169 -0.7507 0.2363
vn 0.8575 -0.3975 0.3266
vn 0.9283 -0.1146 0.3537
vn -0.6169 -0.7507 0.2363
vn -0.8575 -0.3975 0.3266
vn -0.9283 -0.1146 0.3537
vn -0.6506 -0.7595 -0.0000
vn -0.9180 -0.3965 -0.0000
vn -0.9936 -0.1126 -0.0000
vn -0.6169 -0.7507 -0.2363
vn -0.8575 -0.3975 -0.3266
vn -0.9283 -0.1146 -0.3537
vn 0.2360 -0.7505 0.6173
vn 0.3260 -0.3973 0.8578
vn 0.3531 -0.1145 0.9286
vn -0.0000 -0.7591 0.6509
vn -0.0000 -0.3962 0.9182
vn -0.0000 -0.1125 0.9937
vn -0.2360 -0.7505 0.6173
vn -0.3260 -0.3973 0.8578
vn -0.3531 -0.1145 0.9286
vt 0.687581 0.562500
vt 0.750021 0.562500
vt 0.750031 0.625000
vt 0.687613 0.625000
vt 0.812503 0.562500
vt 0.812504 0.625000
vt 0.750021 0.687500
vt 0.687581 0.687500
vt 0.812503 0.687500
vt 0.625000 0.500000
vt 0.687500 0.500000
vt 0.625258 0.562500
vt 0.750000 0.500000
vt 0.812500 0.500000
vt 0.875000 0.500000
vt 0.875000 0.562500
vt 0.875000 0.625000
vt 0.875000 0.687500
vt 0.875000 0.750000
vt 0.812500 0.750000
vt 0.750000 0.750000
vt 0.687500 0.750000
vt 0.625258 0.687500
vt 0.625000 0.750000
vt 0.625312 0.625000
vt 0.456141 0.812500
vt 0.506133 0.812500
vt 0.505386 0.875000
vt 0.453997 0.875000
vt 0.563690 0.812500
vt 0.563595 0.875000
vt 0.503574 0.937500
vt 0.448362 0.937500
vt 0.563368 0.937500
vt 0.418165 0.750000
vt 0.456448 0.750000
vt 0.417739 0.812500
vt 0.506246 0.750000
vt 0.563725 0.750000
vt 0.625000 0.812500
vt 0.625000 0.875000
vt 0.625000 0.937500
vt 0.625000 1.000000
vt 0.563062 1.000000
vt 0.501124 1.000000
vt 0.439185 1.000000
vt 0.405804 0.937500
vt 0.377247 1.000000
vt 0.414755 0.875000
vt 0.448362 0.062500
vt 0.503574 0.062500
vt 0.505386 0.125000
vt 0.453997 0.125000
vt 0.563368 0.062500
vt 0.563595 0.125000
vt 0.506132 0.187500
vt 0.456141 0.187500
vt 0.563688 0.187500
vt 0.377247 0.000000
vt 0.439185 0.000000
vt 0.405804 0.062500
vt 0.501124 0.000000
vt 0.563062 0.000000
vt 0.625000 0.000000
vt 0.625000 0.062500
vt 0.625000 0.125000
vt 0.625000 0.187500
vt 0.625000 0.250000
vt 0.563701 0.250000
vt 0.506238 0.250000
vt 0.456447 0.250000
vt 0.417739 0.187500
vt 0.418165 0.250000
vt 0.414755 0.125000
vt 0.187204 0.562500
vt 0.247634 0.562500
vt 0.246559 0.625000
vt 0.187070 0.625000
vt 0.303548 0.562500
vt 0.300026 0.625000
vt 0.247634 0.687500
vt 0.187204 0.687500
vt 0.303548 0.687500
vt 0.125000 0.500000
vt 0.187500 0.500000
vt 0.125000 0.562500
vt 0.250000 0.500000
vt 0.312500 0.500000
vt 0.375000 0.500000
vt 0.346558 0.562500
vt 0.340590 0.625000
vt 0.346558 0.687500
vt 0.375000 0.750000
vt 0.312500 0.750000
vt 0.250000 0.750000
vt 0.187500 0.750000
vt 0.125000 0.687500
vt 0.125000 0.750000
vt 0.125000 0.625000
vt 0.456450 0.562500
vt 0.506261 0.562500
vt 0.506269 0.625000
vt 0.456451 0.625000
vt 0.563784 0.562500
vt 0.563814 0.625000
vt 0.506261 0.687500
vt 0.456450 0.687500
vt 0.563784 0.687500
vt 0.418165 0.500000
vt 0.456448 0.500000
vt 0.418165 0.562500
vt 0.506246 0.500000
vt 0.563725 0.500000
vt 0.418165 0.687500
vt 0.418165 0.625000
vt 0.456447 0.312500
vt 0.506238 0.312500
vt 0.506238 0.375000
vt 0.456447 0.375000
vt 0.563701 0.312500
vt 0.563701 0.375000
vt 0.506239 0.437500
vt 0.456448 0.437500
vt 0.563703 0.437500
vt 0.418165 0.312500
vt 0.625000 0.312500
vt 0.625000 0.375000
vt 0.625000 0.437500
vt 0.418165 0.437500
vt 0.418165 0.375000
vt 0.376201 0.312500
vt 0.381238 0.312500
vt 0.381238 0.375000
vt 0.376201 0.375000
vt 0.393947 0.312500
vt 0.393947 0.375000
vt 0.381131 0.437500
vt 0.375973 0.437500
vt 0.393934 0.437500
vt 0.375000 0.250000
vt 0.376201 0.250000
vt 0.375000 0.312500
vt 0.381238 0.250000
vt 0.393947 0.250000
vt 0.393840 0.500000
vt 0.380378 0.500000
vt 0.373620 0.500000
vt 0.375000 0.437500
vt 0.375000 0.375000
vt 0.367021 0.562500
vt 0.378765 0.562500
vt 0.377797 0.625000
vt 0.363727 0.625000
vt 0.393638 0.562500
vt 0.393517 0.625000
vt 0.378765 0.687500
vt 0.367021 0.687500
vt 0.393638 0.687500
vt 0.393840 0.750000
vt 0.380378 0.750000
vt 0.373620 0.750000
vt 0.375868 0.062500
vt 0.378574 0.062500
vt 0.380386 0.125000
vt 0.376095 0.125000
vt 0.385862 0.062500
vt 0.391497 0.125000
vt 0.381132 0.187500
vt 0.376188 0.187500
vt 0.393641 0.187500
vt 0.375000 0.000000
vt 0.375562 0.000000
vt 0.375000 0.062500
vt 0.376124 0.000000
vt 0.376685 0.000000
vt 0.375000 0.187500
vt 0.375000 0.125000
vt 0.375959 0.812500
vt 0.381024 0.812500
vt 0.380386 0.875000
vt 0.376095 0.875000
vt 0.393628 0.812500
vt 0.391497 0.875000
vt 0.378574 0.937500
vt 0.375868 0.937500
vt 0.385862 0.937500
vt 0.375000 0.812500
vt 0.376685 1.000000
vt 0.376124 1.000000
vt 0.375562 1.000000
vt 0.375000 0.937500
vt 0.375000 1.000000
vt 0.375000 0.875000
s 1
usemtl Material
f 1207/1352/1207 1208/1353/1208 1211/1354/1211 1210/1355/1210
f 1208/1353/1208 1209/1356/1209 1212/1357/1212 1211/1354/1211
f 1210/1355/1210 1211/1354/1211 1214/1358/1214 1213/1359/1213
f 1211/1354/1211 1212/1357/1212 1215/1360/1215 1214/1358/1214
f 1135/1361/1135 1179/1362/1179 1207/1352/1207 1168/1363/1168
f 1179/1362/1179 1178/1364/1178 1208/1353/1208 1207/1352/1207
f 1178/1364/1178 1177/1365/1177 1209/1356/1209 1208/1353/1208
f 1177/1365/1177 1139/1366/1139 1176/1367/1176 1209/1356/1209
f 1209/1356/1209 1176/1367/1176 1175/1368/1175 1212/1357/1212
f 1212/1357/1212 1175/1368/1175 1174/1369/1174 1215/1360/1215
f 1215/1360/1215 1174/1369/1174 1141/1370/1141 1167/1371/1167
f 1214/1358/1214 1215/1360/1215 1167/1371/1167 1166/1372/1166
f 1213/1359/1213 1214/1358/1214 1166/1372/1166 1165/1373/1165
f 1170/1374/1170 1213/1359/1213 1165/1373/1165 1137/1375/1137
f 1169/1376/1169 1210/1355/1210 1213/1359/1213 1170/1374/1170
f 1168/1363/1168 1207/1352/1207 1210/1355/1210 1169/1376/1169
f 1216/1377/1216 1217/1378/1217 1220/1379/1220 1219/1380/1219
f 1217/1378/1217 1218/1381/1218 1221/1382/1221 1220/1379/1220
f 1219/1380/1219 1220/1379/1220 1223/1383/1223 1222/1384/1222
f 1220/1379/1220 1221/1382/1221 1224/1385/1224 1223/1383/1223
f 1145/1386/1145 1191/1387/1191 1216/1377/1216 1204/1388/1204
f 1191/1387/1191 1190/1389/1190 1217/1378/1217 1216/1377/1216
f 1190/1389/1190 1189/1390/1189 1218/1381/1218 1217/1378/1217
f 1189/1390/1189 1137/1375/1137 1165/1391/1165 1218/1381/1218
f 1218/1381/1218 1165/1391/1165 1166/1392/1166 1221/1382/1221
f 1221/1382/1221 1166/1392/1166 1167/1393/1167 1224/1385/1224
f 1224/1385/1224 1167/1393/1167 1141/1394/1141 1158/1395/1158
f 1223/1383/1223 1224/1385/1224 1158/1395/1158 1157/1396/1157
f 1222/1384/1222 1223/1383/1223 1157/1396/1157 1156/1397/1156
f 1206/1398/1206 1222/1384/1222 1156/1397/1156 1144/1399/1144
f 1205/1400/1205 1219/1380/1219 1222/1384/1222 1206/1398/1206
f 1204/1388/1204 1216/1377/1216 1219/1380/1219 1205/1400/1205
f 1225/1401/1225 1226/1402/1226 1229/1403/1229 1228/1404/1228
f 1226/1402/1226 1227/1405/1227 1230/1406/1230 1229/1403/1229
f 1228/1404/1228 1229/1403/1229 1232/1407/1232 1231/1408/1231
f 1229/1403/1229 1230/1406/1230 1233/1409/1233 1232/1407/1232
f 1144/1410/1144 1156/1411/1156 1225/1401/1225 1201/1412/1201
f 1156/1411/1156 1157/1413/1157 1226/1402/1226 1225/1401/1225
f 1157/1413/1157 1158/1414/1158 1227/1405/1227 1226/1402/1226
f 1158/1414/1158 1141/1415/1141 1174/1416/1174 1227/1405/1227
f 1227/1405/1227 1174/1416/1174 1175/1417/1175 1230/1406/1230
f 1230/1406/1230 1175/1417/1175 1176/1418/1176 1233/1409/1233
f 1233/1409/1233 1176/1418/1176 1139/1419/1139 1192/1420/1192
f 1232/1407/1232 1233/1409/1233 1192/1420/1192 1193/1421/1193
f 1231/1408/1231 1232/1407/1232 1193/1421/1193 1194/1422/1194
f 1203/1423/1203 1231/1408/1231 1194/1422/1194 1146/1424/1146
f 1202/1425/1202 1228/1404/1228 1231/1408/1231 1203/1423/1203
f 1201/1412/1201 1225/1401/1225 1228/1404/1228 1202/1425/1202
f 1234/1426/1234 1235/1427/1235 1238/1428/1238 1237/1429/1237
f 1235/1427/1235 1236/1430/1236 1239/1431/1239 1238/1428/1238
f 1237/1429/1237 1238/1428/1238 1241/1432/1241 1240/1433/1240
f 1238/1428/1238 1239/1431/1239 1242/1434/1242 1241/1432/1241
f 1140/1435/1140 1152/1436/1152 1234/1426/1234 1147/1437/1147
f 1152/1436/1152 1151/1438/1151 1235/1427/1235 1234/1426/1234
f 1151/1438/1151 1150/1439/1150 1236/1430/1236 1235/1427/1235
f 1150/1439/1150 1136/1440/1136 1182/1441/1182 1236/1430/1236
f 1236/1430/1236 1182/1441/1182 1181/1442/1181 1239/1431/1239
f 1239/1431/1239 1181/1442/1181 1180/1443/1180 1242/1434/1242
f 1242/1434/1242 1180/1443/1180 1138/1444/1138 1173/1445/1173
f 1241/1432/1241 1242/1434/1242 1173/1445/1173 1172/1446/1172
f 1240/1433/1240 1241/1432/1241 1172/1446/1172 1171/1447/1171
f 1149/1448/1149 1240/1433/1240 1171/1447/1171 1142/1449/1142
f 1148/1450/1148 1237/1429/1237 1240/1433/1240 1149/1448/1149
f 1147/1437/1147 1234/1426/1234 1237/1429/1237 1148/1450/1148
f 1243/1451/1243 1244/1452/1244 1247/1453/1247 1246/1454/1246
f 1244/1452/1244 1245/1455/1245 1248/1456/1248 1247/1453/1247
f 1246/1454/1246 1247/1453/1247 1250/1457/1250 1249/1458/1249
f 1247/1453/1247 1248/1456/1248 1251/1459/1251 1250/1457/1250
f 1143/1460/1143 1185/1461/1185 1243/1451/1243 1198/1462/1198
f 1185/1461/1185 1184/1463/1184 1244/1452/1244 1243/1451/1243
f 1184/1463/1184 1183/1464/1183 1245/1455/1245 1244/1452/1244
f 1183/1464/1183 1135/1361/1135 1168/1363/1168 1245/1455/1245
f 1245/1455/1245 1168/1363/1168 1169/1376/1169 1248/1456/1248
f 1248/1456/1248 1169/1376/1169 1170/1374/1170 1251/1459/1251
f 1251/1459/1251 1170/1374/1170 1137/1375/1137 1189/1390/1189
f 1250/1457/1250 1251/1459/1251 1189/1390/1189 1190/1389/1190
f 1249/1458/1249 1250/1457/1250 1190/1389/1190 1191/1387/1191
f 1200/1465/1200 1249/1458/1249 1191/1387/1191 1145/1386/1145
f 1199/1466/1199 1246/1454/1246 1249/1458/1249 1200/1465/1200
f 1198/1462/1198 1243/1451/1243 1246/1454/1246 1199/1466/1199
f 1252/1467/1252 1253/1468/1253 1256/1469/1256 1255/1470/1255
f 1253/1468/1253 1254/1471/1254 1257/1472/1257 1256/1469/1256
f 1255/1470/1255 1256/1469/1256 1259/1473/1259 1258/1474/1258
f 1256/1469/1256 1257/1472/1257 1260/1475/1260 1259/1473/1259
f 1146/1424/1146 1194/1422/1194 1252/1467/1252 1195/1476/1195
f 1194/1422/1194 1193/1421/1193 1253/1468/1253 1252/1467/1252
f 1193/1421/1193 1192/1420/1192 1254/1471/1254 1253/1468/1253
f 1192/1420/1192 1139/1419/1139 1177/1477/1177 1254/1471/1254
f 1254/1471/1254 1177/1477/1177 1178/1478/1178 1257/1472/1257
f 1257/1472/1257 1178/1478/1178 1179/1479/1179 1260/1475/1260
f 1260/1475/1260 1179/1479/1179 1135/1361/1135 1183/1464/1183
f 1259/1473/1259 1260/1475/1260 1183/1464/1183 1184/1463/1184
f 1258/1474/1258 1259/1473/1259 1184/1463/1184 1185/1461/1185
f 1197/1480/1197 1258/1474/1258 1185/1461/1185 1143/1460/1143
f 1196/1481/1196 1255/1470/1255 1258/1474/1258 1197/1480/1197
f 1195/1476/1195 1252/1467/1252 1255/1470/1255 1196/1481/1196
f 1261/1482/1261 1262/1483/1262 1265/1484/1265 1264/1485/1264
f 1262/1483/1262 1263/1486/1263 1266/1487/1266 1265/1484/1265
f 1264/1485/1264 1265/1484/1265 1268/1488/1268 1267/1489/1267
f 1265/1484/1265 1266/1487/1266 1269/1490/1269 1268/1488/1268
f 1140/1491/1140 1164/1492/1164 1261/1482/1261 1152/1493/1152
f 1164/1492/1164 1163/1494/1163 1262/1483/1262 1261/1482/1261
f 1163/1494/1163 1162/1495/1162 1263/1486/1263 1262/1483/1262
f 1162/1495/1162 1146/1424/1146 1195/1476/1195 1263/1486/1263
f 1263/1486/1263 1195/1476/1195 1196/1481/1196 1266/1487/1266
f 1266/1487/1266 1196/1481/1196 1197/1480/1197 1269/1490/1269
f 1269/1490/1269 1197/1480/1197 1143/1460/1143 1153/1496/1153
f 1268/1488/1268 1269/1490/1269 1153/1496/1153 1154/1497/1154
f 1267/1489/1267 1268/1488/1268 1154/1497/1154 1155/1498/1155
f 1150/1499/1150 1267/1489/1267 1155/1498/1155 1136/1440/1136
f 1151/1500/1151 1264/1485/1264 1267/1489/1267 1150/1499/1150
f 1152/1493/1152 1261/1482/1261 1264/1485/1264 1151/1500/1151
f 1270/1501/1270 1271/1502/1271 1274/1503/1274 1273/1504/1273
f 1271/1502/1271 1272/1505/1272 1275/1506/1275 1274/1503/1274
f 1273/1504/1273 1274/1503/1274 1277/1507/1277 1276/1508/1276
f 1274/1503/1274 1275/1506/1275 1278/1509/1278 1277/1507/1277
f 1136/1440/1136 1155/1498/1155 1270/1501/1270 1182/1441/1182
f 1155/1498/1155 1154/1497/1154 1271/1502/1271 1270/1501/1270
f 1154/1497/1154 1153/1496/1153 1272/1505/1272 1271/1502/1271
f 1153/1496/1153 1143/1460/1143 1198/1462/1198 1272/1505/1272
f 1272/1505/1272 1198/1462/1198 1199/1466/1199 1275/1506/1275
f 1275/1506/1275 1199/1466/1199 1200/1465/1200 1278/1509/1278
f 1278/1509/1278 1200/1465/1200 1145/1386/1145 1159/1510/1159
f 1277/1507/1277 1278/1509/1278 1159/1510/1159 1160/1511/1160
f 1276/1508/1276 1277/1507/1277 1160/1511/1160 1161/1512/1161
f 1180/1443/1180 1276/1508/1276 1161/1512/1161 1138/1444/1138
f 1181/1442/1181 1273/1504/1273 1276/1508/1276 1180/1443/1180
f 1182/1441/1182 1270/1501/1270 1273/1504/1273 1181/1442/1181
f 1279/1513/1279 1280/1514/1280 1283/1515/1283 1282/1516/1282
f 1280/1514/1280 1281/1517/1281 1284/1518/1284 1283/1515/1283
f 1282/1516/1282 1283/1515/1283 1286/1519/1286 1285/1520/1285
f 1283/1515/1283 1284/1518/1284 1287/1521/1287 1286/1519/1286
f 1142/1522/1142 1186/1523/1186 1279/1513/1279 1149/1524/1149
f 1186/1523/1186 1187/1525/1187 1280/1514/1280 1279/1513/1279
f 1187/1525/1187 1188/1526/1188 1281/1517/1281 1280/1514/1280
f 1188/1526/1188 1144/1410/1144 1201/1412/1201 1281/1517/1281
f 1281/1517/1281 1201/1412/1201 1202/1425/1202 1284/1518/1284
f 1284/1518/1284 1202/1425/1202 1203/1423/1203 1287/1521/1287
f 1287/1521/1287 1203/1423/1203 1146/1424/1146 1162/1495/1162
f 1286/1519/1286 1287/1521/1287 1162/1495/1162 1163/1494/1163
f 1285/1520/1285 1286/1519/1286 1163/1494/1163 1164/1492/1164
f 1147/1527/1147 1285/1520/1285 1164/1492/1164 1140/1491/1140
f 1148/1528/1148 1282/1516/1282 1285/1520/1285 1147/1527/1147
f 1149/1524/1149 1279/1513/1279 1282/1516/1282 1148/1528/1148
f 1288/1529/1288 1289/1530/1289 1292/1531/1292 1291/1532/1291
f 1289/1530/1289 1290/1533/1290 1293/1534/1293 1292/1531/1292
f 1291/1532/1291 1292/1531/1292 1295/1535/1295 1294/1536/1294
f 1292/1531/1292 1293/1534/1293 1296/1537/1296 1295/1535/1295
f 1138/1444/1138 1161/1512/1161 1288/1529/1288 1173/1538/1173
f 1161/1512/1161 1160/1511/1160 1289/1530/1289 1288/1529/1288
f 1160/1511/1160 1159/1510/1159 1290/1533/1290 1289/1530/1289
f 1159/1510/1159 1145/1386/1145 1204/1388/1204 1290/1533/1290
f 1290/1533/1290 1204/1388/1204 1205/1400/1205 1293/1534/1293
f 1293/1534/1293 1205/1400/1205 1206/1398/1206 1296/1537/1296
f 1296/1537/1296 1206/1398/1206 1144/1399/1144 1188/1539/1188
f 1295/1535/1295 1296/1537/1296 1188/1539/1188 1187/1540/1187
f 1294/1536/1294 1295/1535/1295 1187/1540/1187 1186/1541/1186
f 1171/1542/1171 1294/1536/1294 1186/1541/1186 1142/1543/1142
f 1172/1544/1172 1291/1532/1291 1294/1536/1294 1171/1542/1171
f 1173/1538/1173 1288/1529/1288 1291/1532/1291 1172/1544/1172
o Cube.010
v -0.570792 1.287424 -0.226915
v -0.570792 -0.092790 -0.226915
v -0.570793 1.287424 0.781298
v -0.570793 -0.092789 0.781298
v -1.580027 1.287424 -0.226915
v -1.580027 -0.092789 -0.226915
v -1.580027 1.287424 0.781298
v -1.580027 -0.092789 0.781298
v -0.402587 0.451456 -0.394951
v -1.748233 0.451456 0.949333
v -0.402587 0.451456 0.949333
v -1.748233 0.451456 -0.394951
v -1.653634 -0.113578 -0.021895
v -1.690607 -0.124020 0.277191
v -1.653634 -0.113578 0.576277
v -0.776020 -0.113578 -0.300447
v -1.075410 -0.124020 -0.337383
v -1.374799 -0.113578 -0.300447
v -0.406188 0.243731 -0.391353
v -0.431400 0.082350 -0.366167
v -0.493585 -0.030749 -0.304045
v -1.744631 0.696525 0.945735
v -1.719420 0.944274 0.920549
v -1.657235 1.155076 0.858427
v -0.406188 0.243731 0.945735
v -0.431400 0.082350 0.920549
v -0.493585 -0.030749 0.858427
v -1.744632 0.243731 -0.391353
v -1.719420 0.082350 -0.366167
v -1.657235 -0.030749 -0.304045
v -0.776020 1.333744 0.854829
v -1.075410 1.357011 0.891765
v -1.374799 1.333744 0.854829
v -0.497186 1.333744 -0.021895
v -0.460213 1.357011 0.277191
v -0.497186 1.333744 0.576277
v -1.374799 -0.113578 0.854829
v -1.075410 -0.124021 0.891765
v -0.776020 -0.113578 0.854829
v -1.653634 1.333744 0.576277
v -1.690607 1.357011 0.277191
v -1.653634 1.333744 -0.021895
v -1.374799 1.333744 -0.300447
v -1.075410 1.357011 -0.337383
v -0.776020 1.333744 -0.300447
v -0.497186 -0.113578 0.576277
v -0.460213 -0.124020 0.277191
v -0.497186 -0.113578 -0.021895
v -0.493585 1.155076 -0.304045
v -0.431400 0.944274 -0.366167
v -0.406188 0.696525 -0.391353
v -1.657235 -0.030749 0.858427
v -1.719420 0.082350 0.920549
v -1.744631 0.243731 0.945735
v -0.493585 1.155076 0.858427
v -0.431400 0.944274 0.920549
v -0.406188 0.696525 0.945735
v -1.657235 1.155076 -0.304045
v -1.719420 0.944274 -0.366167
v -1.744632 0.696525 -0.391353
v -1.443360 0.451456 -0.583991
v -1.075410 0.451456 -0.647004
v -0.707460 0.451456 -0.583991
v -0.213355 0.451456 -0.090387
v -0.150278 0.451456 0.277191
v -0.213355 0.451456 0.644769
v -1.937465 0.451456 0.644769
v -2.000542 0.451456 0.277191
v -1.937464 0.451456 -0.090386
v -0.707460 0.451456 1.138373
v -1.075410 0.451456 1.201386
v -1.443360 0.451456 1.138373
v -0.756333 1.432857 -0.041563
v -1.075410 1.466415 -0.058685
v -1.394487 1.432857 -0.041562
v -0.739193 1.466415 0.277191
v -1.075410 1.503046 0.277191
v -1.411627 1.466415 0.277191
v -0.756333 1.432857 0.595945
v -1.075410 1.466415 0.613068
v -1.394487 1.432857 0.595945
v -0.709443 0.696954 1.133815
v -0.723326 0.947704 1.101907
v -0.754350 1.167894 1.016726
v -1.075410 0.697382 1.196524
v -1.075410 0.951135 1.162489
v -1.075410 1.179109 1.070303
v -1.441377 0.696954 1.133815
v -1.427493 0.947704 1.101907
v -1.396470 1.167894 1.016726
v -1.932902 0.696953 0.642787
v -1.900962 0.947704 0.628918
v -1.815695 1.167894 0.597926
v -1.995675 0.697382 0.277191
v -1.961605 0.951135 0.277191
v -1.869326 1.179109 0.277191
v -1.932902 0.696954 -0.088405
v -1.900962 0.947704 -0.074536
v -1.815695 1.167894 -0.043544
v -1.394487 -0.158060 -0.041563
v -1.075410 -0.173121 -0.058685
v -0.756333 -0.158060 -0.041562
v -1.411627 -0.173121 0.277191
v -1.075410 -0.189561 0.277191
v -0.739193 -0.173121 0.277191
v -1.394487 -0.158060 0.595945
v -1.075410 -0.173121 0.613068
v -0.756333 -0.158060 0.595945
v -0.217918 0.696954 -0.088405
v -0.249858 0.947704 -0.074536
v -0.335125 1.167894 -0.043544
v -0.155145 0.697382 0.277191
v -0.189215 0.951135 0.277191
v -0.281494 1.179109 0.277191
v -0.217918 0.696954 0.642787
v -0.249858 0.947704 0.628918
v -0.335125 1.167894 0.597926
v -1.441377 0.696954 -0.579432
v -1.427493 0.947704 -0.547525
v -1.396470 1.167894 -0.462344
v -1.075410 0.697382 -0.642142
v -1.075410 0.951135 -0.608107
v -1.075410 1.179109 -0.515921
v -0.709443 0.696954 -0.579432
v -0.723326 0.947704 -0.547525
v -0.754350 1.167894 -0.462344
v -1.396470 -0.036502 -0.462344
v -1.427493 0.080811 -0.547525
v -1.441377 0.243538 -0.579432
v -1.075410 -0.041535 -0.515921
v -1.075410 0.079271 -0.608107
v -1.075410 0.243346 -0.642142
v -0.754350 -0.036502 -0.462344
v -0.723326 0.080811 -0.547525
v -0.709443 0.243538 -0.579432
v -0.335125 -0.036502 -0.043544
v -0.249858 0.080811 -0.074536
v -0.217918 0.243538 -0.088405
v -0.281494 -0.041535 0.277191
v -0.189215 0.079271 0.277191
v -0.155145 0.243346 0.277191
v -0.335125 -0.036502 0.597926
v -0.249858 0.080811 0.628918
v -0.217918 0.243538 0.642787
v -1.815695 -0.036502 0.597926
v -1.900962 0.080811 0.628918
v -1.932902 0.243538 0.642787
v -1.869326 -0.041535 0.277191
v -1.961605 0.079271 0.277191
v -1.995675 0.243346 0.277191
v -1.815695 -0.036502 -0.043544
v -1.900962 0.080811 -0.074536
v -1.932902 0.243538 -0.088405
v -0.754350 -0.036502 1.016726
v -0.723326 0.080811 1.101907
v -0.709443 0.243538 1.133815
v -1.075410 -0.041535 1.070303
v -1.075410 0.079271 1.162489
v -1.075410 0.243346 1.196524
v -1.396470 -0.036502 1.016726
v -1.427493 0.080811 1.101907
v -1.441377 0.243538 1.133815
vn 0.4736 0.7423 -0.4740
vn 0.2766 -0.9202 -0.2769
vn 0.4736 0.7423 0.4740
vn 0.2766 -0.9202 0.2769
vn -0.4736 0.7423 -0.4740
vn -0.2766 -0.9202 -0.2769
vn -0.4736 0.7423 0.4740
vn -0.2766 -0.9202 0.2769
vn 0.7067 -0.0019 -0.7075
vn -0.7067 -0.0019 0.7075
vn 0.7067 -0.0019 0.7075
vn -0.7067 -0.0019 -0.7075
vn -0.3054 -0.9416 -0.1417
vn -0.3098 -0.9508 -0.0000
vn -0.3054 -0.9416 0.1417
vn 0.1415 -0.9415 -0.3057
vn -0.0000 -0.9507 -0.3101
vn -0.1415 -0.9415 -0.3057
vn 0.7019 -0.1168 -0.7026
vn 0.6481 -0.3988 -0.6488
vn 0.4752 -0.7403 -0.4757
vn -0.7045 0.0798 0.7052
vn -0.6833 0.2553 0.6840
vn -0.6090 0.5075 0.6096
vn 0.7019 -0.1168 0.7026
vn 0.6481 -0.3988 0.6488
vn 0.4752 -0.7403 0.4757
vn -0.7019 -0.1168 -0.7026
vn -0.6481 -0.3988 -0.6488
vn -0.4752 -0.7403 -0.4757
vn 0.2524 0.8013 0.5424
vn -0.0000 0.8260 0.5636
vn -0.2524 0.8013 0.5424
vn 0.5420 0.8015 -0.2527
vn 0.5632 0.8263 -0.0000
vn 0.5420 0.8015 0.2527
vn -0.1415 -0.9415 0.3057
vn -0.0000 -0.9507 0.3101
vn 0.1415 -0.9415 0.3057
vn -0.5420 0.8015 0.2527
vn -0.5632 0.8263 -0.0000
vn -0.5420 0.8015 -0.2527
vn -0.2524 0.8013 -0.5424
vn -0.0000 0.8260 -0.5636
vn 0.2524 0.8013 -0.5424
vn 0.3054 -0.9416 0.1417
vn 0.3098 -0.9508 -0.0000
vn 0.3054 -0.9416 -0.1417
vn 0.6090 0.5075 -0.6096
vn 0.6833 0.2553 -0.6840
vn 0.7045 0.0798 -0.7052
vn -0.4752 -0.7403 0.4757
vn -0.6481 -0.3988 0.6488
vn -0.7019 -0.1168 0.7026
vn 0.6090 0.5075 0.6096
vn 0.6833 0.2553 0.6840
vn 0.7045 0.0798 0.7052
vn -0.6090 0.5075 -0.6096
vn -0.6833 0.2553 -0.6840
vn -0.7045 0.0798 -0.7052
vn -0.3546 -0.0018 -0.9350
vn -0.0000 -0.0018 -1.0000
vn 0.3546 -0.0018 -0.9350
vn 0.9348 -0.0018 -0.3553
vn 1.0000 -0.0018 -0.0000
vn 0.9348 -0.0018 0.3553
vn -0.9348 -0.0018 0.3553
vn -1.0000 -0.0018 -0.0000
vn -0.9348 -0.0018 -0.3553
vn 0.3546 -0.0018 0.9350
vn -0.0000 -0.0018 1.0000
vn -0.3546 -0.0018 0.9350
vn 0.2366 0.9423 -0.2369
vn -0.0000 0.9697 -0.2443
vn -0.2366 0.9423 -0.2369
vn 0.2440 0.9698 -0.0000
vn -0.0000 1.0000 -0.0000
vn -0.2440 0.9698 -0.0000
vn 0.2366 0.9423 0.2369
vn -0.0000 0.9697 0.2443
vn -0.2366 0.9423 0.2369
vn 0.3543 0.0780 0.9319
vn 0.3451 0.2533 0.9038
vn 0.3054 0.5223 0.7962
vn -0.0000 0.0764 0.9971
vn -0.0000 0.2518 0.9678
vn -0.0000 0.5361 0.8442
vn -0.3543 0.0780 0.9319
vn -0.3451 0.2533 0.9038
vn -0.3054 0.5223 0.7962
vn -0.9316 0.0781 0.3549
vn -0.9035 0.2534 0.3457
vn -0.7958 0.5226 0.3058
vn -0.9971 0.0765 -0.0000
vn -0.9677 0.2520 -0.0000
vn -0.8439 0.5364 -0.0000
vn -0.9316 0.0781 -0.3549
vn -0.9035 0.2534 -0.3457
vn -0.7958 0.5226 -0.3058
vn -0.1128 -0.9872 -0.1130
vn -0.0000 -0.9935 -0.1138
vn 0.1128 -0.9872 -0.1130
vn -0.1137 -0.9935 -0.0000
vn -0.0000 -1.0000 -0.0000
vn 0.1137 -0.9935 -0.0000
vn -0.1128 -0.9872 0.1130
vn -0.0000 -0.9935 0.1138
vn 0.1128 -0.9872 0.1130
vn 0.9316 0.0781 -0.3549
vn 0.9035 0.2534 -0.3457
vn 0.7958 0.5226 -0.3058
vn 0.9971 0.0765 -0.0000
vn 0.9677 0.2520 -0.0000
vn 0.8439 0.5364 -0.0000
vn 0.9316 0.0781 0.3549
vn 0.9035 0.2534 0.3457
vn 0.7958 0.5226 0.3058
vn -0.3543 0.0780 -0.9319
vn -0.3451 0.2533 -0.9038
vn -0.3054 0.5223 -0.7962
vn -0.0000 0.0764 -0.9971
vn -0.0000 0.2518 -0.9678
vn -0.0000 0.5361 -0.8442
vn 0.3543 0.0780 -0.9319
vn 0.3451 0.2533 -0.9038
vn 0.3054 0.5223 -0.7962
vn -0.2360 -0.7505 -0.6173
vn -0.3260 -0.3973 -0.8578
vn -0.3531 -0.1145 -0.9286
vn -0.0000 -0.7591 -0.6509
vn -0.0000 -0.3962 -0.9182
vn -0.0000 -0.1125 -0.9937
vn 0.2360 -0.7505 -0.6173
vn 0.3260 -0.3973 -0.8578
vn 0.3531 -0.1145 -0.9286
vn 0.6169 -0.7507 -0.2363
vn 0.8575 -0.3975 -0.3266
vn 0.9283 -0.1146 -0.3537
vn 0.6506 -0.7595 -0.0000
vn 0.9180 -0.3965 -0.0000
vn 0.9936 -0.1126 -0.0000
vn 0.6169 -0.7507 0.2363
vn 0.8575 -0.3975 0.3266
vn 0.9283 -0.1146 0.3537
vn -0.6169 -0.7507 0.2363
vn -0.8575 -0.3975 0.3266
vn -0.9283 -0.1146 0.3537
vn -0.6506 -0.7595 -0.0000
vn -0.9180 -0.3965 -0.0000
vn -0.9936 -0.1126 -0.0000
vn -0.6169 -0.7507 -0.2363
vn -0.8575 -0.3975 -0.3266
vn -0.9283 -0.1146 -0.3537
vn 0.2360 -0.7505 0.6173
vn 0.3260 -0.3973 0.8578
vn 0.3531 -0.1145 0.9286
vn -0.0000 -0.7591 0.6509
vn -0.0000 -0.3962 0.9182
vn -0.0000 -0.1125 0.9937
vn -0.2360 -0.7505 0.6173
vn -0.3260 -0.3973 0.8578
vn -0.3531 -0.1145 0.9286
vt 0.687581 0.562500
vt 0.750021 0.562500
vt 0.750031 0.625000
vt 0.687613 0.625000
vt 0.812503 0.562500
vt 0.812504 0.625000
vt 0.750021 0.687500
vt 0.687581 0.687500
vt 0.812503 0.687500
vt 0.625000 0.500000
vt 0.687500 0.500000
vt 0.625258 0.562500
vt 0.750000 0.500000
vt 0.812500 0.500000
vt 0.875000 0.500000
vt 0.875000 0.562500
vt 0.875000 0.625000
vt 0.875000 0.687500
vt 0.875000 0.750000
vt 0.812500 0.750000
vt 0.750000 0.750000
vt 0.687500 0.750000
vt 0.625258 0.687500
vt 0.625000 0.750000
vt 0.625312 0.625000
vt 0.456141 0.812500
vt 0.506133 0.812500
vt 0.505386 0.875000
vt 0.453997 0.875000
vt 0.563690 0.812500
vt 0.563595 0.875000
vt 0.503574 0.937500
vt 0.448362 0.937500
vt 0.563368 0.937500
vt 0.418165 0.750000
vt 0.456448 0.750000
vt 0.417739 0.812500
vt 0.506246 0.750000
vt 0.563725 0.750000
vt 0.625000 0.812500
vt 0.625000 0.875000
vt 0.625000 0.937500
vt 0.625000 1.000000
vt 0.563062 1.000000
vt 0.501124 1.000000
vt 0.439185 1.000000
vt 0.405804 0.937500
vt 0.377247 1.000000
vt 0.414755 0.875000
vt 0.448362 0.062500
vt 0.503574 0.062500
vt 0.505386 0.125000
vt 0.453997 0.125000
vt 0.563368 0.062500
vt 0.563595 0.125000
vt 0.506132 0.187500
vt 0.456141 0.187500
vt 0.563688 0.187500
vt 0.377247 0.000000
vt 0.439185 0.000000
vt 0.405804 0.062500
vt 0.501124 0.000000
vt 0.563062 0.000000
vt 0.625000 0.000000
vt 0.625000 0.062500
vt 0.625000 0.125000
vt 0.625000 0.187500
vt 0.625000 0.250000
vt 0.563701 0.250000
vt 0.506238 0.250000
vt 0.456447 0.250000
vt 0.417739 0.187500
vt 0.418165 0.250000
vt 0.414755 0.125000
vt 0.187204 0.562500
vt 0.247634 0.562500
vt 0.246559 0.625000
vt 0.187070 0.625000
vt 0.303548 0.562500
vt 0.300026 0.625000
vt 0.247634 0.687500
vt 0.187204 0.687500
vt 0.303548 0.687500
vt 0.125000 0.500000
vt 0.187500 0.500000
vt 0.125000 0.562500
vt 0.250000 0.500000
vt 0.312500 0.500000
vt 0.375000 0.500000
vt 0.346558 0.562500
vt 0.340590 0.625000
vt 0.346558 0.687500
vt 0.375000 0.750000
vt 0.312500 0.750000
vt 0.250000 0.750000
vt 0.187500 0.750000
vt 0.125000 0.687500
vt 0.125000 0.750000
vt 0.125000 0.625000
vt 0.456450 0.562500
vt 0.506261 0.562500
vt 0.506269 0.625000
vt 0.456451 0.625000
vt 0.563784 0.562500
vt 0.563814 0.625000
vt 0.506261 0.687500
vt 0.456450 0.687500
vt 0.563784 0.687500
vt 0.418165 0.500000
vt 0.456448 0.500000
vt 0.418165 0.562500
vt 0.506246 0.500000
vt 0.563725 0.500000
vt 0.418165 0.687500
vt 0.418165 0.625000
vt 0.456447 0.312500
vt 0.506238 0.312500
vt 0.506238 0.375000
vt 0.456447 0.375000
vt 0.563701 0.312500
vt 0.563701 0.375000
vt 0.506239 0.437500
vt 0.456448 0.437500
vt 0.563703 0.437500
vt 0.418165 0.312500
vt 0.625000 0.312500
vt 0.625000 0.375000
vt 0.625000 0.437500
vt 0.418165 0.437500
vt 0.418165 0.375000
vt 0.376201 0.312500
vt 0.381238 0.312500
vt 0.381238 0.375000
vt 0.376201 0.375000
vt 0.393947 0.312500
vt 0.393947 0.375000
vt 0.381131 0.437500
vt 0.375973 0.437500
vt 0.393934 0.437500
vt 0.375000 0.250000
vt 0.376201 0.250000
vt 0.375000 0.312500
vt 0.381238 0.250000
vt 0.393947 0.250000
vt 0.393840 0.500000
vt 0.380378 0.500000
vt 0.373620 0.500000
vt 0.375000 0.437500
vt 0.375000 0.375000
vt 0.367021 0.562500
vt 0.378765 0.562500
vt 0.377797 0.625000
vt 0.363727 0.625000
vt 0.393638 0.562500
vt 0.393517 0.625000
vt 0.378765 0.687500
vt 0.367021 0.687500
vt 0.393638 0.687500
vt 0.393840 0.750000
vt 0.380378 0.750000
vt 0.373620 0.750000
vt 0.375868 0.062500
vt 0.378574 0.062500
vt 0.380386 0.125000
vt 0.376095 0.125000
vt 0.385862 0.062500
vt 0.391497 0.125000
vt 0.381132 0.187500
vt 0.376188 0.187500
vt 0.393641 0.187500
vt 0.375000 0.000000
vt 0.375562 0.000000
vt 0.375000 0.062500
vt 0.376124 0.000000
vt 0.376685 0.000000
vt 0.375000 0.187500
vt 0.375000 0.125000
vt 0.375959 0.812500
vt 0.381024 0.812500
vt 0.380386 0.875000
vt 0.376095 0.875000
vt 0.393628 0.812500
vt 0.391497 0.875000
vt 0.378574 0.937500
vt 0.375868 0.937500
vt 0.385862 0.937500
vt 0.375000 0.812500
vt 0.376685 1.000000
vt 0.376124 1.000000
vt 0.375562 1.000000
vt 0.375000 0.937500
vt 0.375000 1.000000
vt 0.375000 0.875000
s 1
usemtl Material
f 1369/1545/1369 1370/1546/1370 1373/1547/1373 1372/1548/1372
f 1370/1546/1370 1371/1549/1371 1374/1550/1374 1373/1547/1373
f 1372/1548/1372 1373/1547/1373 1376/1551/1376 1375/1552/1375
f 1373/1547/1373 1374/1550/1374 1377/1553/1377 1376/1551/1376
f 1297/1554/1297 1341/1555/1341 1369/1545/1369 1330/1556/1330
f 1341/1555/1341 1340/1557/1340 1370/1546/1370 1369/1545/1369
f 1340/1557/1340 1339/1558/1339 1371/1549/1371 1370/1546/1370
f 1339/1558/1339 1301/1559/1301 1338/1560/1338 1371/1549/1371
f 1371/1549/1371 1338/1560/1338 1337/1561/1337 1374/1550/1374
f 1374/1550/1374 1337/1561/1337 1336/1562/1336 1377/1553/1377
f 1377/1553/1377 1336/1562/1336 1303/1563/1303 1329/1564/1329
f 1376/1551/1376 1377/1553/1377 1329/1564/1329 1328/1565/1328
f 1375/1552/1375 1376/1551/1376 1328/1565/1328 1327/1566/1327
f 1332/1567/1332 1375/1552/1375 1327/1566/1327 1299/1568/1299
f 1331/1569/1331 1372/1548/1372 1375/1552/1375 1332/1567/1332
f 1330/1556/1330 1369/1545/1369 1372/1548/1372 1331/1569/1331
f 1378/1570/1378 1379/1571/1379 1382/1572/1382 1381/1573/1381
f 1379/1571/1379 1380/1574/1380 1383/1575/1383 1382/1572/1382
f 1381/1573/1381 1382/1572/1382 1385/1576/1385 1384/1577/1384
f 1382/1572/1382 1383/1575/1383 1386/1578/1386 1385/1576/1385
f 1307/1579/1307 1353/1580/1353 1378/1570/1378 1366/1581/1366
f 1353/1580/1353 1352/1582/1352 1379/1571/1379 1378/1570/1378
f 1352/1582/1352 1351/1583/1351 1380/1574/1380 1379/1571/1379
f 1351/1583/1351 1299/1568/1299 1327/1584/1327 1380/1574/1380
f 1380/1574/1380 1327/1584/1327 1328/1585/1328 1383/1575/1383
f 1383/1575/1383 1328/1585/1328 1329/1586/1329 1386/1578/1386
f 1386/1578/1386 1329/1586/1329 1303/1587/1303 1320/1588/1320
f 1385/1576/1385 1386/1578/1386 1320/1588/1320 1319/1589/1319
f 1384/1577/1384 1385/1576/1385 1319/1589/1319 1318/1590/1318
f 1368/1591/1368 1384/1577/1384 1318/1590/1318 1306/1592/1306
f 1367/1593/1367 1381/1573/1381 1384/1577/1384 1368/1591/1368
f 1366/1581/1366 1378/1570/1378 1381/1573/1381 1367/1593/1367
f 1387/1594/1387 1388/1595/1388 1391/1596/1391 1390/1597/1390
f 1388/1595/1388 1389/1598/1389 1392/1599/1392 1391/1596/1391
f 1390/1597/1390 1391/1596/1391 1394/1600/1394 1393/1601/1393
f 1391/1596/1391 1392/1599/1392 1395/1602/1395 1394/1600/1394
f 1306/1603/1306 1318/1604/1318 1387/1594/1387 1363/1605/1363
f 1318/1604/1318 1319/1606/1319 1388/1595/1388 1387/1594/1387
f 1319/1606/1319 1320/1607/1320 1389/1598/1389 1388/1595/1388
f 1320/1607/1320 1303/1608/1303 1336/1609/1336 1389/1598/1389
f 1389/1598/1389 1336/1609/1336 1337/1610/1337 1392/1599/1392
f 1392/1599/1392 1337/1610/1337 1338/1611/1338 1395/1602/1395
f 1395/1602/1395 1338/1611/1338 1301/1612/1301 1354/1613/1354
f 1394/1600/1394 1395/1602/1395 1354/1613/1354 1355/1614/1355
f 1393/1601/1393 1394/1600/1394 1355/1614/1355 1356/1615/1356
f 1365/1616/1365 1393/1601/1393 1356/1615/1356 1308/1617/1308
f 1364/1618/1364 1390/1597/1390 1393/1601/1393 1365/1616/1365
f 1363/1605/1363 1387/1594/1387 1390/1597/1390 1364/1618/1364
f 1396/1619/1396 1397/1620/1397 1400/1621/1400 1399/1622/1399
f 1397/1620/1397 1398/1623/1398 1401/1624/1401 1400/1621/1400
f 1399/1622/1399 1400/1621/1400 1403/1625/1403 1402/1626/1402
f 1400/1621/1400 1401/1624/1401 1404/1627/1404 1403/1625/1403
f 1302/1628/1302 1314/1629/1314 1396/1619/1396 1309/1630/1309
f 1314/1629/1314 1313/1631/1313 1397/1620/1397 1396/1619/1396
f 1313/1631/1313 1312/1632/1312 1398/1623/1398 1397/1620/1397
f 1312/1632/1312 1298/1633/1298 1344/1634/1344 1398/1623/1398
f 1398/1623/1398 1344/1634/1344 1343/1635/1343 1401/1624/1401
f 1401/1624/1401 1343/1635/1343 1342/1636/1342 1404/1627/1404
f 1404/1627/1404 1342/1636/1342 1300/1637/1300 1335/1638/1335
f 1403/1625/1403 1404/1627/1404 1335/1638/1335 1334/1639/1334
f 1402/1626/1402 1403/1625/1403 1334/1639/1334 1333/1640/1333
f 1311/1641/1311 1402/1626/1402 1333/1640/1333 1304/1642/1304
f 1310/1643/1310 1399/1622/1399 1402/1626/1402 1311/1641/1311
f 1309/1630/1309 1396/1619/1396 1399/1622/1399 1310/1643/1310
f 1405/1644/1405 1406/1645/1406 1409/1646/1409 1408/1647/1408
f 1406/1645/1406 1407/1648/1407 1410/1649/1410 1409/1646/1409
f 1408/1647/1408 1409/1646/1409 1412/1650/1412 1411/1651/1411
f 1409/1646/1409 1410/1649/1410 1413/1652/1413 1412/1650/1412
f 1305/1653/1305 1347/1654/1347 1405/1644/1405 1360/1655/1360
f 1347/1654/1347 1346/1656/1346 1406/1645/1406 1405/1644/1405
f 1346/1656/1346 1345/1657/1345 1407/1648/1407 1406/1645/1406
f 1345/1657/1345 1297/1554/1297 1330/1556/1330 1407/1648/1407
f 1407/1648/1407 1330/1556/1330 1331/1569/1331 1410/1649/1410
f 1410/1649/1410 1331/1569/1331 1332/1567/1332 1413/1652/1413
f 1413/1652/1413 1332/1567/1332 1299/1568/1299 1351/1583/1351
f 1412/1650/1412 1413/1652/1413 1351/1583/1351 1352/1582/1352
f 1411/1651/1411 1412/1650/1412 1352/1582/1352 1353/1580/1353
f 1362/1658/1362 1411/1651/1411 1353/1580/1353 1307/1579/1307
f 1361/1659/1361 1408/1647/1408 1411/1651/1411 1362/1658/1362
f 1360/1655/1360 1405/1644/1405 1408/1647/1408 1361/1659/1361
f 1414/1660/1414 1415/1661/1415 1418/1662/1418 1417/1663/1417
f 1415/1661/1415 1416/1664/1416 1419/1665/1419 1418/1662/1418
f 1417/1663/1417 1418/1662/1418 1421/1666/1421 1420/1667/1420
f 1418/1662/1418 1419/1665/1419 1422/1668/1422 1421/1666/1421
f 1308/1617/1308 1356/1615/1356 1414/1660/1414 1357/1669/1357
f 1356/1615/1356 1355/1614/1355 1415/1661/1415 1414/1660/1414
f 1355/1614/1355 1354/1613/1354 1416/1664/1416 1415/1661/1415
f 1354/1613/1354 1301/1612/1301 1339/1670/1339 1416/1664/1416
f 1416/1664/1416 1339/1670/1339 1340/1671/1340 1419/1665/1419
f 1419/1665/1419 1340/1671/1340 1341/1672/1341 1422/1668/1422
f 1422/1668/1422 1341/1672/1341 1297/1554/1297 1345/1657/1345
f 1421/1666/1421 1422/1668/1422 1345/1657/1345 1346/1656/1346
f 1420/1667/1420 1421/1666/1421 1346/1656/1346 1347/1654/1347
f 1359/1673/1359 1420/1667/1420 1347/1654/1347 1305/1653/1305
f 1358/1674/1358 1417/1663/1417 1420/1667/1420 1359/1673/1359
f 1357/1669/1357 1414/1660/1414 1417/1663/1417 1358/1674/1358
f 1423/1675/1423 1424/1676/1424 1427/1677/1427 1426/1678/1426
f 1424/1676/1424 1425/1679/1425 1428/1680/1428 1427/1677/1427
f 1426/1678/1426 1427/1677/1427 1430/1681/1430 1429/1682/1429
f 1427/1677/1427 1428/1680/1428 1431/1683/1431 1430/1681/1430
f 1302/1684/1302 1326/1685/1326 1423/1675/1423 1314/1686/1314
f 1326/1685/1326 1325/1687/1325 1424/1676/1424 1423/1675/1423
f 1325/1687/1325 1324/1688/1324 1425/1679/1425 1424/1676/1424
f 1324/1688/1324 1308/1617/1308 1357/1669/1357 1425/1679/1425
f 1425/1679/1425 1357/1669/1357 1358/1674/1358 1428/1680/1428
f 1428/1680/1428 1358/1674/1358 1359/1673/1359 1431/1683/1431
f 1431/1683/1431 1359/1673/1359 1305/1653/1305 1315/1689/1315
f 1430/1681/1430 1431/1683/1431 1315/1689/1315 1316/1690/1316
f 1429/1682/1429 1430/1681/1430 1316/1690/1316 1317/1691/1317
f 1312/1692/1312 1429/1682/1429 1317/1691/1317 1298/1633/1298
f 1313/1693/1313 1426/1678/1426 1429/1682/1429 1312/1692/1312
f 1314/1686/1314 1423/1675/1423 1426/1678/1426 1313/1693/1313
f 1432/1694/1432 1433/1695/1433 1436/1696/1436 1435/1697/1435
f 1433/1695/1433 1434/1698/1434 1437/1699/1437 1436/1696/1436
f 1435/1697/1435 1436/1696/1436 1439/1700/1439 1438/1701/1438
f 1436/1696/1436 1437/1699/1437 1440/1702/1440 1439/1700/1439
f 1298/1633/1298 1317/1691/1317 1432/1694/1432 1344/1634/1344
f 1317/1691/1317 1316/1690/1316 1433/1695/1433 1432/1694/1432
f 1316/1690/1316 1315/1689/1315 1434/1698/1434 1433/1695/1433
f 1315/1689/1315 1305/1653/1305 1360/1655/1360 1434/1698/1434
f 1434/1698/1434 1360/1655/1360 1361/1659/1361 1437/1699/1437
f 1437/1699/1437 1361/1659/1361 1362/1658/1362 1440/1702/1440
f 1440/1702/1440 1362/1658/1362 1307/1579/1307 1321/1703/1321
f 1439/1700/1439 1440/1702/1440 1321/1703/1321 1322/1704/1322
f 1438/1701/1438 1439/1700/1439 1322/1704/1322 1323/1705/1323
f 1342/1636/1342 1438/1701/1438 1323/1705/1323 1300/1637/1300
f 1343/1635/1343 1435/1697/1435 1438/1701/1438 1342/1636/1342
f 1344/1634/1344 1432/1694/1432 1435/1697/1435 1343/1635/1343
f 1441/1706/1441 1442/1707/1442 1445/1708/1445 1444/1709/1444
f 1442/1707/1442 1443/1710/1443 1446/1711/1446 1445/1708/1445
f 1444/1709/1444 1445/1708/1445 1448/1712/1448 1447/1713/1447
f 1445/1708/1445 1446/1711/1446 1449/1714/1449 1448/1712/1448
f 1304/1715/1304 1348/1716/1348 1441/1706/1441 1311/1717/1311
f 1348/1716/1348 1349/1718/1349 1442/1707/1442 1441/1706/1441
f 1349/1718/1349 1350/1719/1350 1443/1710/1443 1442/1707/1442
f 1350/1719/1350 1306/1603/1306 1363/1605/1363 1443/1710/1443
f 1443/1710/1443 1363/1605/1363 1364/1618/1364 1446/1711/1446
f 1446/1711/1446 1364/1618/1364 1365/1616/1365 1449/1714/1449
f 1449/1714/1449 1365/1616/1365 1308/1617/1308 1324/1688/1324
f 1448/1712/1448 1449/1714/1449 1324/1688/1324 1325/1687/1325
f 1447/1713/1447 1448/1712/1448 1325/1687/1325 1326/1685/1326
f 1309/1720/1309 1447/1713/1447 1326/1685/1326 1302/1684/1302
f 1310/1721/1310 1444/1709/1444 1447/1713/1447 1309/1720/1309
f 1311/1717/1311 1441/1706/1441 1444/1709/1444 1310/1721/1310
f 1450/1722/1450 1451/1723/1451 1454/1724/1454 1453/1725/1453
f 1451/1723/1451 1452/1726/1452 1455/1727/1455 1454/1724/1454
f 1453/1725/1453 1454/1724/1454 1457/1728/1457 1456/1729/1456
f 1454/1724/1454 1455/1727/1455 1458/1730/1458 1457/1728/1457
f 1300/1637/1300 1323/1705/1323 1450/1722/1450 1335/1731/1335
f 1323/1705/1323 1322/1704/1322 1451/1723/1451 1450/1722/1450
f 1322/1704/1322 1321/1703/1321 1452/1726/1452 1451/1723/1451
f 1321/1703/1321 1307/1579/1307 1366/1581/1366 1452/1726/1452
f 1452/1726/1452 1366/1581/1366 1367/1593/1367 1455/1727/1455
f 1455/1727/1455 1367/1593/1367 1368/1591/1368 1458/1730/1458
f 1458/1730/1458 1368/1591/1368 1306/1592/1306 1350/1732/1350
f 1457/1728/1457 1458/1730/1458 1350/1732/1350 1349/1733/1349
f 1456/1729/1456 1457/1728/1457 1349/1733/1349 1348/1734/1348
f 1333/1735/1333 1456/1729/1456 1348/1734/1348 1304/1736/1304
f 1334/1737/1334 1453/1725/1453 1456/1729/1456 1333/1735/1333
f 1335/1731/1335 1450/1722/1450 1453/1725/1453 1334/1737/1334
