# Blender 4.4.3
# www.blender.org
mtllib worm_head.mtl
o Cube.001
v 0.315581 0.426592 -0.678194
v 0.278349 -0.238056 -0.675187
v 0.346375 0.310224 0.528423
v 0.285054 -0.327876 0.563684
v -0.426257 0.426083 -0.671054
v -0.388082 -0.238514 -0.668772
v -0.442616 0.309682 0.536019
v -0.380008 -0.328332 0.570084
v -0.509328 -0.310907 -0.278973
v 0.515138 0.659205 -0.331344
v -0.622007 0.658425 -0.320398
v 0.404291 -0.310281 -0.287767
v -0.505823 -0.319947 -0.167467
v -0.499241 -0.331363 -0.044973
v -0.488818 -0.342395 0.082134
v -0.473792 -0.350279 0.207481
v -0.453712 -0.352684 0.324918
v -0.429393 -0.348994 0.429183
v -0.402579 -0.339530 0.514749
v 0.223008 -0.263712 -0.679281
v 0.141087 -0.291155 -0.683534
v 0.046186 -0.310402 -0.686229
v -0.054899 -0.317560 -0.686613
v -0.155976 -0.310541 -0.684284
v -0.250862 -0.291423 -0.679762
v -0.332760 -0.264093 -0.673931
v 0.336199 0.367690 -0.682066
v 0.356447 0.281572 -0.686262
v 0.367979 0.183366 -0.689189
v 0.367976 0.080774 -0.690119
v 0.355265 -0.019370 -0.688617
v 0.332423 -0.110998 -0.685001
v 0.303607 -0.187804 -0.679927
v -0.407894 -0.282562 0.592037
v -0.440770 -0.211598 0.614529
v -0.468276 -0.125702 0.628513
v -0.485605 -0.030449 0.630350
v -0.489600 0.068633 0.618173
v -0.481085 0.164825 0.594482
v -0.462642 0.250371 0.563618
v 0.366806 0.250940 0.555635
v 0.385729 0.165421 0.586138
v 0.394656 0.069240 0.609660
v 0.390941 -0.029848 0.621912
v 0.373723 -0.125124 0.620409
v 0.346173 -0.211058 0.606955
v 0.313133 -0.282067 0.585097
v -0.446839 0.367152 -0.674529
v -0.467014 0.281006 -0.678335
v -0.478446 0.182784 -0.681042
v -0.478313 0.080194 -0.681974
v -0.465448 -0.019933 -0.680717
v -0.442439 -0.111531 -0.677543
v -0.413462 -0.188296 -0.673025
v 0.283186 0.323374 0.552516
v 0.187178 0.337278 0.578743
v 0.073932 0.346878 0.597712
v -0.047714 0.350339 0.605537
v -0.169434 0.346711 0.600054
v -0.282880 0.336955 0.583268
v -0.379167 0.322919 0.558892
v 0.517783 0.641984 -0.223023
v 0.514627 0.612141 -0.102092
v 0.504224 0.571666 0.024986
v 0.485128 0.522545 0.151745
v 0.456562 0.467086 0.271894
v 0.420428 0.408875 0.379837
v 0.380169 0.352614 0.469586
v -0.324274 -0.354996 0.595155
v -0.242219 -0.383455 0.621925
v -0.147550 -0.403340 0.640462
v -0.046948 -0.410636 0.646725
v 0.053557 -0.403202 0.638527
v 0.147968 -0.383188 0.618170
v 0.229658 -0.354616 0.589824
v -0.615736 0.661611 -0.411162
v -0.604224 0.651588 -0.484814
v -0.586828 0.629748 -0.543229
v -0.562905 0.597483 -0.588284
v -0.532240 0.556565 -0.621856
v -0.496331 0.510277 -0.645822
v -0.457892 0.463053 -0.661970
v -0.366240 0.443061 -0.675176
v -0.275679 0.461162 -0.679803
v -0.169366 0.473816 -0.683429
v -0.055438 0.478528 -0.685481
v 0.058508 0.473973 -0.685623
v 0.164868 0.461464 -0.684043
v 0.255498 0.443488 -0.681160
v 0.404017 -0.305496 -0.383203
v 0.400403 -0.303311 -0.462528
v 0.392207 -0.301184 -0.527030
v 0.378194 -0.296575 -0.578001
v 0.357612 -0.287391 -0.616796
v 0.331671 -0.273332 -0.645037
v 0.302717 -0.255139 -0.664332
v -0.412295 -0.255629 -0.657450
v -0.440993 -0.273863 -0.637601
v -0.466577 -0.287956 -0.608862
v -0.486686 -0.297169 -0.569676
v -0.500089 -0.301797 -0.518442
v -0.507516 -0.303934 -0.453788
v -0.510189 -0.306123 -0.374402
v 0.347269 0.463605 -0.669720
v 0.385828 0.510882 -0.654313
v 0.421955 0.557220 -0.631040
v 0.452958 0.598181 -0.598063
v 0.477366 0.630478 -0.553472
v 0.495421 0.652343 -0.495399
v 0.507790 0.662382 -0.421977
v -0.477160 0.352026 0.477837
v -0.518553 0.408231 0.388874
v -0.556039 0.466392 0.281640
v -0.586100 0.521810 0.162055
v -0.606760 0.570903 0.035679
v -0.618720 0.611363 -0.091182
v -0.623346 0.641201 -0.212039
v 0.306983 -0.339043 0.507920
v 0.332794 -0.348470 0.421847
v 0.355883 -0.352129 0.317126
v 0.374567 -0.349697 0.199315
v 0.388098 -0.341794 0.073693
v 0.397001 -0.330749 -0.053599
v 0.402119 -0.319325 -0.176205
v 0.594545 0.557964 -0.327665
v 0.642078 0.439660 -0.322935
v 0.660349 0.309976 -0.317423
v 0.651974 0.174594 -0.311406
v 0.619567 0.039196 -0.305158
v 0.565741 -0.090538 -0.298953
v 0.493112 -0.208924 -0.293065
v 0.302025 -0.389874 -0.283296
v 0.189571 -0.446751 -0.279722
v 0.070317 -0.480914 -0.277081
v -0.052346 -0.492359 -0.275401
v -0.175032 -0.481083 -0.274720
v -0.294349 -0.447083 -0.275065
v -0.406911 -0.390360 -0.276473
v -0.701223 0.557074 -0.315193
v -0.748532 0.438706 -0.309549
v -0.766558 0.308997 -0.303688
v -0.757927 0.173627 -0.297835
v -0.725265 0.038273 -0.292213
v -0.671194 -0.091387 -0.287047
v -0.598340 -0.209674 -0.282558
v -0.510137 0.738023 -0.324962
v -0.372361 0.794920 -0.328779
v -0.217308 0.829106 -0.331765
v -0.053607 0.840579 -0.333839
v 0.110116 0.829332 -0.334917
v 0.265233 0.795357 -0.334916
v 0.403116 0.738650 -0.333753
v 0.405641 0.720746 -0.225673
v 0.267314 0.776955 -0.226979
v 0.111537 0.810624 -0.227046
v -0.052955 0.821768 -0.225979
v -0.217426 0.810399 -0.223879
v -0.373139 0.776515 -0.220814
v -0.511358 0.720117 -0.216847
v 0.403429 0.689316 -0.104756
v 0.266072 0.744318 -0.105880
v 0.111282 0.777221 -0.105727
v -0.052214 0.788097 -0.104560
v -0.215692 0.776997 -0.102581
v -0.370421 0.743882 -0.099753
v -0.507673 0.688691 -0.095986
v 0.395297 0.646219 0.022639
v 0.260666 0.699152 0.022254
v 0.108903 0.730697 0.023147
v -0.051418 0.741086 0.024634
v -0.211725 0.730476 0.026233
v -0.363437 0.698724 0.028262
v -0.497976 0.645606 0.031237
v 0.380063 0.593312 0.150146
v 0.250254 0.643158 0.151296
v 0.103949 0.672624 0.153690
v -0.050602 0.682255 0.155823
v -0.205148 0.672412 0.156665
v -0.351423 0.642745 0.157087
v -0.481163 0.592721 0.158435
v 0.357299 0.532572 0.271658
v 0.234649 0.577959 0.275481
v 0.096346 0.604437 0.280366
v -0.049799 0.612986 0.283543
v -0.195954 0.604236 0.283180
v -0.334262 0.577569 0.280957
v -0.456881 0.532013 0.279495
v 0.329594 0.466437 0.382097
v 0.216280 0.504853 0.390501
v 0.087527 0.526990 0.399067
v -0.049035 0.534113 0.403631
v -0.185625 0.526802 0.401695
v -0.314434 0.504489 0.395609
v -0.427782 0.465916 0.389387
v 0.301442 0.396996 0.476849
v 0.198678 0.424740 0.492594
v 0.079359 0.440963 0.506061
v -0.048332 0.446332 0.512243
v -0.176074 0.440789 0.508519
v -0.295518 0.424402 0.497350
v -0.398416 0.396517 0.483583
v 0.242932 -0.301078 0.638643
v 0.264593 -0.229519 0.671503
v 0.284449 -0.144056 0.690020
v 0.297243 -0.049218 0.692976
v 0.299908 0.050198 0.679362
v 0.294327 0.148681 0.650744
v 0.284961 0.240864 0.608875
v 0.155953 -0.323322 0.677611
v 0.169025 -0.247844 0.718046
v 0.181746 -0.159920 0.740336
v 0.190186 -0.063117 0.744247
v 0.191931 0.038831 0.729509
v 0.189097 0.141919 0.696799
v 0.185498 0.242334 0.646730
v 0.057562 -0.339832 0.702765
v 0.063789 -0.261289 0.746932
v 0.070011 -0.170768 0.771194
v 0.074185 -0.071512 0.775582
v 0.074987 0.033204 0.760152
v 0.073770 0.140037 0.725186
v 0.072628 0.245663 0.670988
v -0.046605 -0.346169 0.712310
v -0.046392 -0.266492 0.757481
v -0.046309 -0.174822 0.782302
v -0.046350 -0.074373 0.786838
v -0.046516 0.031633 0.771183
v -0.046801 0.139934 0.735571
v -0.047202 0.247259 0.680267
v -0.150881 -0.339975 0.704772
v -0.156693 -0.261440 0.749054
v -0.162751 -0.170928 0.773433
v -0.167010 -0.071677 0.777904
v -0.168137 0.033037 0.762492
v -0.167481 0.139872 0.727509
v -0.167125 0.245498 0.673296
v -0.249582 -0.323599 0.681513
v -0.262278 -0.248139 0.722197
v -0.274854 -0.160233 0.744730
v -0.283379 -0.063442 0.748805
v -0.285437 0.038503 0.734105
v -0.283133 0.141596 0.701344
v -0.280265 0.242014 0.651213
v -0.337042 -0.301476 0.644225
v -0.358409 -0.229946 0.677499
v -0.378162 -0.144510 0.696398
v -0.391048 -0.049691 0.699601
v -0.394012 0.049722 0.686041
v -0.388905 0.148212 0.657320
v -0.380162 0.240407 0.615277
v -0.598355 -0.205061 -0.377504
v -0.670014 -0.086978 -0.381432
v -0.722711 0.042463 -0.385985
v -0.753987 0.177593 -0.390964
v -0.761388 0.312744 -0.396165
v -0.742453 0.442247 -0.401395
v -0.694721 0.560428 -0.406458
v -0.594037 -0.204186 -0.456311
v -0.663782 -0.087646 -0.459594
v -0.714508 0.040118 -0.463439
v -0.743977 0.173531 -0.467647
v -0.749945 0.307013 -0.472034
v -0.730150 0.434939 -0.476449
v -0.682330 0.551676 -0.480756
v -0.584015 -0.204660 -0.520366
v -0.651054 -0.091188 -0.523027
v -0.699221 0.033251 -0.526185
v -0.726535 0.163286 -0.529603
v -0.731001 0.293513 -0.533075
v -0.710576 0.418387 -0.536530
v -0.663204 0.532325 -0.539927
v -0.566918 -0.204093 -0.571056
v -0.630389 -0.095400 -0.573228
v -0.675412 0.023876 -0.575842
v -0.700299 0.148702 -0.578547
v -0.703335 0.273960 -0.581069
v -0.682689 0.394198 -0.583452
v -0.636499 0.503885 -0.585816
v -0.541657 -0.200647 -0.609839
v -0.600428 -0.098597 -0.611782
v -0.641636 0.013677 -0.614100
v -0.663878 0.131562 -0.616250
v -0.665686 0.250265 -0.617841
v -0.645476 0.364369 -0.619069
v -0.601596 0.468316 -0.620281
v -0.508272 -0.194695 -0.638466
v -0.560140 -0.101179 -0.640619
v -0.596420 0.003020 -0.642949
v -0.615764 0.113430 -0.644697
v -0.616656 0.225157 -0.645393
v -0.598063 0.332453 -0.645371
v -0.558765 0.429402 -0.645230
v -0.466607 -0.188179 -0.658810
v -0.508285 -0.104482 -0.661801
v -0.538246 -0.008108 -0.664458
v -0.554421 0.095805 -0.665925
v -0.554779 0.201611 -0.665773
v -0.539326 0.302751 -0.664410
v -0.508084 0.392333 -0.662612
v -0.403702 -0.398727 -0.164682
v -0.291790 -0.454976 -0.163041
v -0.173358 -0.488694 -0.162534
v -0.051678 -0.499877 -0.163151
v 0.069981 -0.488527 -0.164877
v 0.188347 -0.454647 -0.167662
v 0.300150 -0.398244 -0.171456
v -0.398230 -0.408628 -0.041916
v -0.287729 -0.463826 -0.039884
v -0.170908 -0.496933 -0.039022
v -0.050941 -0.507921 -0.039476
v 0.069003 -0.496769 -0.041331
v 0.185755 -0.463501 -0.044442
v 0.296144 -0.408151 -0.048600
v -0.389942 -0.417229 0.085573
v -0.281814 -0.470783 0.088402
v -0.167526 -0.502956 0.090060
v -0.050171 -0.513649 0.089982
v 0.067156 -0.502795 0.087802
v 0.181368 -0.470464 0.083944
v 0.289377 -0.416763 0.079034
v -0.378288 -0.421703 0.211532
v -0.273694 -0.472994 0.215814
v -0.163052 -0.503914 0.218956
v -0.049404 -0.514221 0.219576
v 0.064209 -0.503758 0.216768
v 0.174760 -0.472686 0.211499
v 0.279221 -0.421251 0.205203
v -0.363148 -0.419484 0.329994
v -0.263436 -0.467731 0.336723
v -0.157583 -0.497012 0.342263
v -0.048673 -0.506836 0.343979
v 0.060191 -0.496863 0.340166
v 0.165926 -0.467436 0.332591
v 0.265480 -0.419053 0.323943
v -0.346132 -0.409077 0.436143
v -0.252770 -0.452753 0.446996
v -0.152209 -0.479671 0.456004
v -0.048004 -0.488848 0.459134
v 0.056139 -0.479528 0.453999
v 0.156544 -0.452472 0.443057
v 0.249708 -0.408668 0.430408
v -0.330333 -0.388894 0.525633
v -0.244268 -0.425727 0.543041
v -0.148328 -0.449335 0.556577
v -0.047421 -0.457651 0.561297
v 0.053407 -0.449196 0.554635
v 0.149142 -0.425457 0.539253
v 0.234941 -0.388506 0.520192
v 0.491073 -0.218831 -0.181819
v 0.564196 -0.101455 -0.188061
v 0.618762 0.027175 -0.194660
v 0.652043 0.161429 -0.201345
v 0.661313 0.295677 -0.207834
v 0.643845 0.424279 -0.213824
v 0.596910 0.541595 -0.218990
v 0.485225 -0.232237 -0.059249
v 0.557982 -0.117191 -0.065405
v 0.612503 0.008906 -0.071943
v 0.646024 0.140567 -0.078732
v 0.655775 0.272294 -0.085589
v 0.638978 0.398519 -0.092088
v 0.592856 0.513662 -0.097750
v 0.474506 -0.246512 0.068392
v 0.545821 -0.135280 0.062991
v 0.599328 -0.013308 0.057203
v 0.632312 0.114188 0.050733
v 0.642048 0.241941 0.043492
v 0.625785 0.364467 0.036185
v 0.580764 0.476222 0.029714
v 0.457850 -0.259024 0.194847
v 0.526437 -0.153252 0.191106
v 0.577772 -0.037163 0.186980
v 0.609299 0.084470 0.181353
v 0.618445 0.206736 0.173582
v 0.602571 0.324208 0.164912
v 0.559017 0.431330 0.157059
v 0.434317 -0.267677 0.314157
v 0.498513 -0.169161 0.313308
v 0.546299 -0.060693 0.311967
v 0.575358 0.053503 0.307749
v 0.583332 0.168934 0.299199
v 0.567835 0.280141 0.288356
v 0.526440 0.381427 0.278190
v 0.403449 -0.272510 0.421550
v 0.460576 -0.183121 0.425534
v 0.503103 -0.083300 0.428218
v 0.528796 0.023028 0.425825
v 0.535289 0.131375 0.416234
v 0.520853 0.235918 0.402165
v 0.483609 0.330488 0.387992
v 0.364402 -0.275086 0.512801
v 0.410808 -0.196181 0.524309
v 0.446267 -0.104777 0.532184
v 0.467895 -0.005306 0.531806
v 0.472912 0.097084 0.520944
v 0.460806 0.195824 0.502497
v 0.431129 0.283755 0.481746
v -0.342782 -0.202981 -0.683407
v -0.360973 -0.124291 -0.689738
v -0.377280 -0.032337 -0.693461
v -0.386837 0.067850 -0.694531
v -0.386943 0.170991 -0.692920
v -0.379564 0.271339 -0.688984
v -0.369076 0.363316 -0.683105
v -0.256141 -0.222551 -0.691236
v -0.266574 -0.138800 -0.698833
v -0.276814 -0.043613 -0.702982
v -0.283130 0.059037 -0.703891
v -0.283269 0.165000 -0.701747
v -0.279294 0.269949 -0.696853
v -0.274862 0.369743 -0.689504
v -0.158388 -0.237470 -0.696652
v -0.163148 -0.150000 -0.704853
v -0.168094 -0.051705 -0.709206
v -0.171263 0.053770 -0.709998
v -0.171383 0.162759 -0.707514
v -0.169740 0.271544 -0.702061
v -0.168319 0.376424 -0.693939
v -0.055024 -0.243186 -0.699238
v -0.055134 -0.154378 -0.707613
v -0.055229 -0.054754 -0.712033
v -0.055307 0.052065 -0.712793
v -0.055368 0.162455 -0.710194
v -0.055410 0.272765 -0.704555
v -0.055434 0.379341 -0.696209
v 0.048350 -0.237328 -0.698642
v 0.052893 -0.149852 -0.706933
v 0.057651 -0.051551 -0.711379
v 0.060666 0.053930 -0.712229
v 0.060666 0.162917 -0.709748
v 0.058938 0.271699 -0.704262
v 0.057470 0.376579 -0.696113
v 0.146136 -0.222275 -0.695108
v 0.156362 -0.138509 -0.702903
v 0.166421 -0.043309 -0.707248
v 0.172585 0.059350 -0.708278
v 0.172604 0.165313 -0.706135
v 0.168544 0.270257 -0.701163
v 0.164062 0.370044 -0.693728
v 0.232833 -0.202586 -0.688947
v 0.250837 -0.123871 -0.695627
v 0.266974 -0.031895 -0.699662
v 0.276379 0.068305 -0.700916
v 0.276363 0.171446 -0.699305
v 0.268893 0.271783 -0.695226
v 0.258350 0.363746 -0.689144
v 0.356914 -0.187614 -0.666737
v 0.398437 -0.103860 -0.670529
v 0.428231 -0.007444 -0.673761
v 0.444244 0.096491 -0.675538
v 0.444458 0.202297 -0.675392
v 0.428885 0.303415 -0.673729
v 0.397545 0.392954 -0.671329
v 0.398824 -0.194071 -0.647198
v 0.450532 -0.100485 -0.650348
v 0.486637 0.003763 -0.653374
v 0.505806 0.114199 -0.655492
v 0.506537 0.225928 -0.656204
v 0.487799 0.333198 -0.655824
v 0.448375 0.430093 -0.654923
v 0.432551 -0.199979 -0.619215
v 0.491153 -0.097849 -0.622289
v 0.532175 0.014482 -0.625399
v 0.554226 0.132399 -0.627975
v 0.555853 0.251103 -0.629599
v 0.535474 0.365180 -0.630435
v 0.491442 0.469066 -0.630801
v 0.458273 -0.203390 -0.580924
v 0.521562 -0.094610 -0.584317
v 0.566385 0.024728 -0.587796
v 0.591066 0.149588 -0.590977
v 0.593900 0.274850 -0.593556
v 0.573063 0.395060 -0.595539
v 0.526701 0.504683 -0.597013
v 0.475969 -0.203933 -0.530569
v 0.542812 -0.090369 -0.534519
v 0.590766 0.034136 -0.538602
v 0.617858 0.164209 -0.542544
v 0.622104 0.294442 -0.546099
v 0.601469 0.419288 -0.549159
v 0.553906 0.533161 -0.551642
v 0.486746 -0.203445 -0.466714
v 0.556284 -0.086808 -0.471338
v 0.606785 0.041025 -0.476156
v 0.636017 0.174478 -0.480930
v 0.641748 0.307968 -0.485430
v 0.621728 0.435867 -0.489461
v 0.573703 0.552538 -0.492845
v 0.491997 -0.204313 -0.387999
v 0.563439 -0.086131 -0.393304
v 0.615899 0.043381 -0.398870
v 0.646927 0.178554 -0.404449
v 0.654080 0.313716 -0.409789
v 0.634908 0.443193 -0.414652
v 0.586960 0.561307 -0.418795
v -0.341151 -0.306298 -0.659746
v -0.254701 -0.343246 -0.663675
v -0.157459 -0.366701 -0.667177
v -0.054757 -0.374921 -0.669198
v 0.047946 -0.366560 -0.669153
v 0.145187 -0.342970 -0.667525
v 0.231622 -0.305905 -0.665259
v -0.358785 -0.335860 -0.638814
v -0.264492 -0.380400 -0.641260
v -0.161700 -0.407624 -0.643763
v -0.054587 -0.416849 -0.645463
v 0.052522 -0.407478 -0.645825
v 0.155294 -0.380111 -0.645300
v 0.249543 -0.335442 -0.644669
v -0.376826 -0.356758 -0.609249
v -0.275706 -0.406170 -0.610575
v -0.166952 -0.436004 -0.612229
v -0.054379 -0.445967 -0.613633
v 0.058185 -0.435849 -0.614396
v 0.166904 -0.405866 -0.614836
v 0.267961 -0.356316 -0.615455
v -0.391726 -0.370410 -0.569328
v -0.285463 -0.422869 -0.569803
v -0.171671 -0.454408 -0.570778
v -0.054119 -0.464898 -0.571933
v 0.063419 -0.454247 -0.573041
v 0.177166 -0.422551 -0.574255
v 0.283350 -0.369948 -0.575826
v -0.401548 -0.378114 -0.517425
v -0.291831 -0.432670 -0.517227
v -0.174670 -0.465410 -0.517690
v -0.053796 -0.476280 -0.518659
v 0.067061 -0.465244 -0.520017
v 0.184169 -0.432343 -0.521808
v 0.293795 -0.377636 -0.524119
v -0.406694 -0.382242 -0.452178
v -0.294974 -0.438170 -0.451454
v -0.175996 -0.471704 -0.451546
v -0.053400 -0.482829 -0.452383
v 0.069178 -0.471536 -0.453905
v 0.188096 -0.437839 -0.456103
v 0.299718 -0.381757 -0.458977
v -0.408152 -0.385442 -0.372291
v -0.295583 -0.442074 -0.371171
v -0.176000 -0.476020 -0.371004
v -0.052920 -0.487278 -0.371749
v 0.070140 -0.475850 -0.373373
v 0.189660 -0.441741 -0.375841
v 0.302125 -0.384954 -0.379128
v -0.460021 -0.275651 0.520735
v -0.506394 -0.196810 0.533138
v -0.541882 -0.105455 0.541695
v -0.563649 -0.006013 0.541734
v -0.568934 0.096369 0.530972
v -0.557182 0.195125 0.512295
v -0.527876 0.283097 0.490977
v -0.500147 -0.273129 0.430248
v -0.557342 -0.183819 0.435332
v -0.599970 -0.084057 0.438836
v -0.625834 0.022237 0.436939
v -0.632589 0.130574 0.427476
v -0.618465 0.235136 0.413132
v -0.581523 0.329758 0.398244
v -0.532289 -0.268340 0.323462
v -0.596623 -0.169913 0.323849
v -0.644568 -0.061511 0.323430
v -0.673831 0.052646 0.319774
v -0.682062 0.168066 0.311378
v -0.666849 0.279294 0.300240
v -0.625717 0.380637 0.289281
v -0.557242 -0.259720 0.204617
v -0.626010 -0.154044 0.202200
v -0.677548 -0.038024 0.199063
v -0.709304 0.083564 0.194045
v -0.718709 0.205818 0.186452
v -0.703101 0.323312 0.177478
v -0.659792 0.430494 0.168792
v -0.575408 -0.247232 0.078497
v -0.646932 -0.136098 0.074472
v -0.700669 -0.014201 0.069716
v -0.733901 0.113249 0.063883
v -0.743897 0.240990 0.056832
v -0.727890 0.363538 0.049214
v -0.683103 0.475355 0.041879
v -0.587657 -0.232973 -0.048921
v -0.660635 -0.118027 -0.053676
v -0.715401 0.007994 -0.059160
v -0.749179 0.139610 -0.065304
v -0.759191 0.271322 -0.071969
v -0.742647 0.397570 -0.078790
v -0.696754 0.512777 -0.085337
v -0.594971 -0.219575 -0.171364
v -0.668321 -0.102301 -0.176197
v -0.723135 0.026255 -0.181744
v -0.756676 0.160462 -0.187786
v -0.766206 0.294696 -0.194096
v -0.748989 0.423323 -0.200416
v -0.702281 0.540704 -0.206485
v 0.272088 0.511074 -0.670395
v 0.175300 0.542179 -0.671855
v 0.063671 0.560891 -0.672674
v -0.055420 0.567216 -0.672266
v -0.174495 0.560727 -0.670381
v -0.286076 0.541862 -0.667414
v -0.382793 0.510623 -0.664090
v 0.298888 0.571258 -0.654576
v 0.192150 0.612419 -0.655183
v 0.071818 0.636573 -0.655392
v -0.055370 0.644477 -0.654727
v -0.182540 0.636398 -0.652943
v -0.302823 0.612080 -0.650419
v -0.409485 0.570772 -0.647758
v 0.326612 0.625177 -0.631391
v 0.210752 0.672752 -0.631642
v 0.081169 0.700784 -0.631471
v -0.055272 0.709929 -0.630592
v -0.191696 0.700596 -0.628844
v -0.321226 0.672387 -0.626521
v -0.437005 0.624653 -0.624042
v 0.351508 0.671001 -0.598740
v 0.228138 0.722528 -0.598965
v 0.090159 0.753135 -0.598620
v -0.055114 0.763187 -0.597591
v -0.200368 0.752935 -0.595823
v -0.338293 0.722141 -0.593513
v -0.461576 0.670443 -0.590914
v 0.371439 0.706613 -0.554583
v 0.242246 0.760769 -0.554959
v 0.097554 0.793103 -0.554595
v -0.054880 0.803776 -0.553488
v -0.207296 0.792894 -0.551661
v -0.351932 0.760361 -0.549240
v -0.481029 0.706029 -0.546378
v 0.386359 0.730593 -0.496978
v 0.252921 0.786391 -0.497601
v 0.103236 0.819790 -0.497322
v -0.054561 0.830838 -0.496195
v -0.212337 0.819573 -0.494285
v -0.361962 0.785970 -0.491682
v -0.495302 0.729988 -0.488492
v 0.396757 0.741688 -0.424008
v 0.260477 0.798290 -0.424914
v 0.107370 0.832198 -0.424772
v -0.054140 0.843423 -0.423663
v -0.215629 0.831976 -0.421664
v -0.368674 0.797858 -0.418858
v -0.504850 0.741070 -0.415330
vn 0.4797 0.8606 0.1709
vn 0.2942 0.9358 0.1941
vn 0.2822 0.9161 0.2849
vn 0.4626 0.8465 0.2636
vn 0.1398 0.9684 0.2065
vn 0.1343 0.9458 0.2956
vn 0.0013 0.9775 0.2110
vn 0.0023 0.9542 0.2993
vn -0.1372 0.9684 0.2082
vn -0.1299 0.9459 0.2972
vn -0.2918 0.9358 0.1976
vn -0.2781 0.9163 0.2883
vn -0.4779 0.8604 0.1768
vn -0.4590 0.8466 0.2693
vn 0.2703 0.8926 0.3609
vn 0.4435 0.8276 0.3441
vn 0.1291 0.9205 0.3688
vn 0.0029 0.9284 0.3717
vn -0.1233 0.9207 0.3704
vn -0.2648 0.8928 0.3644
vn -0.4384 0.8280 0.3497
vn 0.2587 0.8631 0.4337
vn 0.4226 0.8018 0.4226
vn 0.1244 0.8903 0.4381
vn 0.0036 0.8981 0.4397
vn -0.1172 0.8905 0.4396
vn -0.2518 0.8635 0.4370
vn -0.4159 0.8023 0.4282
vn 0.2475 0.8257 0.5069
vn 0.3997 0.7679 0.5006
vn 0.1207 0.8522 0.5091
vn 0.0043 0.8601 0.5101
vn -0.1121 0.8524 0.5107
vn -0.2390 0.8260 0.5105
vn -0.3917 0.7685 0.5060
vn 0.2377 0.7773 0.5825
vn 0.3767 0.7254 0.5761
vn 0.1184 0.8023 0.5851
vn 0.0051 0.8101 0.5863
vn -0.1082 0.8026 0.5867
vn -0.2276 0.7779 0.5857
vn -0.3672 0.7261 0.5814
vn 0.2309 0.7119 0.6633
vn 0.3530 0.6710 0.6520
vn 0.1185 0.7342 0.6685
vn 0.0060 0.7417 0.6707
vn -0.1067 0.7344 0.6702
vn -0.2194 0.7124 0.6666
vn -0.3418 0.6717 0.6572
vn 0.6890 0.7242 0.0296
vn 0.4864 0.8721 0.0537
vn 0.6917 0.7095 0.1347
vn 0.3022 0.9505 0.0723
vn 0.1441 0.9860 0.0837
vn 0.0002 0.9961 0.0881
vn -0.1438 0.9859 0.0854
vn -0.3021 0.9502 0.0759
vn -0.4865 0.8716 0.0595
vn -0.6894 0.7234 0.0377
vn -0.6905 0.7090 0.1430
vn -0.6730 0.7018 0.2336
vn -0.6481 0.6920 0.3179
vn -0.6161 0.6763 0.4039
vn -0.5769 0.6536 0.4900
vn -0.5337 0.6237 0.5711
vn -0.4869 0.5863 0.6474
vn -0.4399 0.5452 0.7136
vn -0.3333 0.5884 0.7367
vn -0.2218 0.6203 0.7523
vn -0.1096 0.6402 0.7604
vn 0.0069 0.6471 0.7624
vn 0.1233 0.6400 0.7584
vn 0.2351 0.6199 0.7487
vn 0.3461 0.5878 0.7312
vn 0.4973 0.5856 0.6401
vn 0.4519 0.5445 0.7067
vn 0.5426 0.6230 0.5635
vn 0.5841 0.6530 0.4820
vn 0.6217 0.6759 0.3958
vn 0.6522 0.6919 0.3098
vn 0.6757 0.7019 0.2253
vn 0.5254 -0.5695 0.6322
vn 0.5523 -0.3983 0.7324
vn 0.3819 -0.3930 0.8365
vn 0.3760 -0.5988 0.7072
vn 0.5539 -0.2070 0.8064
vn 0.3734 -0.1806 0.9099
vn 0.5305 -0.0046 0.8476
vn 0.3510 0.0263 0.9360
vn 0.4872 0.1841 0.8537
vn 0.3203 0.2112 0.9235
vn 0.4359 0.3400 0.8333
vn 0.2873 0.3668 0.8848
vn 0.3822 0.4706 0.7953
vn 0.2561 0.5018 0.8262
vn 0.2012 -0.3914 0.8980
vn 0.2033 -0.6178 0.7596
vn 0.1920 -0.1651 0.9674
vn 0.1781 0.0433 0.9831
vn 0.1628 0.2258 0.9605
vn 0.1478 0.3829 0.9119
vn 0.1337 0.5203 0.8434
vn 0.0091 -0.3913 0.9202
vn 0.0080 -0.6256 0.7801
vn 0.0096 -0.1599 0.9871
vn 0.0096 0.0488 0.9988
vn 0.0092 0.2305 0.9730
vn 0.0085 0.3883 0.9215
vn 0.0078 0.5268 0.8500
vn -0.1836 -0.3922 0.9014
vn -0.1880 -0.6188 0.7627
vn -0.1733 -0.1656 0.9708
vn -0.1594 0.0431 0.9863
vn -0.1449 0.2260 0.9633
vn -0.1309 0.3829 0.9145
vn -0.1183 0.5207 0.8455
vn -0.3661 -0.3943 0.8429
vn -0.3621 -0.6005 0.7130
vn -0.3565 -0.1815 0.9165
vn -0.3338 0.0258 0.9423
vn -0.3035 0.2113 0.9291
vn -0.2713 0.3671 0.8897
vn -0.2412 0.5023 0.8304
vn -0.5392 -0.4002 0.7411
vn -0.5137 -0.5716 0.6399
vn -0.5398 -0.2085 0.8156
vn -0.5159 -0.0053 0.8566
vn -0.4725 0.1840 0.8619
vn -0.4214 0.3403 0.8406
vn -0.3684 0.4711 0.8015
vn 0.5941 -0.6696 0.4458
vn 0.6573 -0.5614 0.5027
vn 0.4994 -0.7214 0.4799
vn 0.6994 -0.4169 0.5806
vn 0.7177 -0.2442 0.6521
vn 0.7044 -0.0484 0.7082
vn 0.6579 0.1450 0.7390
vn 0.5926 0.3088 0.7440
vn 0.5204 0.4429 0.7301
vn -0.5083 0.4434 0.7382
vn -0.5804 0.3089 0.7535
vn -0.6461 0.1445 0.7494
vn -0.6931 -0.0496 0.7191
vn -0.7072 -0.2461 0.6628
vn -0.6896 -0.4191 0.5906
vn -0.6484 -0.5637 0.5117
vn -0.4900 -0.7233 0.4866
vn -0.5856 -0.6718 0.4536
vn -0.3529 -0.7710 0.5301
vn -0.1863 -0.8061 0.5617
vn 0.0060 -0.8197 0.5727
vn 0.1980 -0.8052 0.5589
vn 0.3637 -0.7694 0.5251
vn -0.8113 -0.5832 -0.0409
vn -0.8959 -0.4413 -0.0508
vn -0.8911 -0.4410 -0.1066
vn -0.8085 -0.5823 -0.0848
vn -0.9538 -0.2934 -0.0653
vn -0.9455 -0.2957 -0.1361
vn -0.9880 -0.1312 -0.0815
vn -0.9755 -0.1381 -0.1712
vn -0.9939 0.0557 -0.0957
vn -0.9771 0.0408 -0.2088
vn -0.9562 0.2740 -0.1029
vn -0.9377 0.2475 -0.2438
vn -0.8516 0.5146 -0.0995
vn -0.8371 0.4765 -0.2689
vn -0.8719 -0.4409 -0.2130
vn -0.7923 -0.5835 -0.1783
vn -0.9198 -0.2939 -0.2599
vn -0.9386 -0.1375 -0.3165
vn -0.9250 0.0333 -0.3784
vn -0.8712 0.2213 -0.4383
vn -0.7650 0.4208 -0.4875
vn -0.8171 -0.4151 -0.4001
vn -0.7504 -0.5595 -0.3520
vn -0.8461 -0.2690 -0.4602
vn -0.8409 -0.1203 -0.5277
vn -0.8025 0.0314 -0.5958
vn -0.7305 0.1857 -0.6572
vn -0.6229 0.3385 -0.7053
vn -0.6836 -0.3447 -0.6434
vn -0.6454 -0.4796 -0.5946
vn -0.6852 -0.2144 -0.6961
vn -0.6579 -0.0898 -0.7477
vn -0.6073 0.0280 -0.7940
vn -0.5382 0.1392 -0.8312
vn -0.4507 0.2444 -0.8586
vn -0.4920 -0.2472 -0.8348
vn -0.4830 -0.3572 -0.7994
vn -0.4761 -0.1475 -0.8669
vn -0.4452 -0.0571 -0.8936
vn -0.4047 0.0241 -0.9141
vn -0.3582 0.0972 -0.9286
vn -0.3038 0.1664 -0.9381
vn -0.3195 -0.1627 -0.9335
vn -0.3265 -0.2411 -0.9139
vn -0.3018 -0.0937 -0.9488
vn -0.2792 -0.0316 -0.9597
vn -0.2531 0.0229 -0.9672
vn -0.2265 0.0699 -0.9715
vn -0.2000 0.1141 -0.9731
vn -0.6882 -0.7247 -0.0344
vn -0.8073 -0.5894 -0.0290
vn -0.6915 -0.7214 -0.0376
vn -0.8929 -0.4494 -0.0271
vn -0.9529 -0.3021 -0.0267
vn -0.9901 -0.1383 -0.0252
vn -0.9985 0.0515 -0.0190
vn -0.9624 0.2716 -0.0056
vn -0.8609 0.5086 0.0145
vn -0.6745 0.7332 -0.0862
vn -0.6661 0.6923 -0.2774
vn -0.6044 0.6061 -0.5170
vn -0.4831 0.4750 -0.7356
vn -0.3459 0.3359 -0.8761
vn -0.2359 0.2271 -0.9449
vn -0.1610 0.1548 -0.9747
vn -0.1198 0.1157 -0.9860
vn -0.1315 0.0891 -0.9873
vn -0.1446 0.0593 -0.9877
vn -0.1596 0.0256 -0.9869
vn -0.1754 -0.0148 -0.9844
vn -0.1908 -0.0609 -0.9797
vn -0.2041 -0.1112 -0.9726
vn -0.2158 -0.1682 -0.9619
vn -0.3040 -0.3218 -0.8967
vn -0.2155 -0.2230 -0.9507
vn -0.4337 -0.4676 -0.7702
vn -0.5626 -0.6119 -0.5559
vn -0.6415 -0.6981 -0.3179
vn -0.6751 -0.7210 -0.1561
vn -0.6896 -0.7206 -0.0721
vn -0.5336 -0.8444 -0.0464
vn -0.3636 -0.9299 -0.0563
vn -0.3623 -0.9310 -0.0444
vn -0.5308 -0.8468 -0.0337
vn -0.1840 -0.9809 -0.0629
vn -0.1833 -0.9817 -0.0513
vn 0.0001 -0.9978 -0.0660
vn 0.0002 -0.9985 -0.0547
vn 0.1840 -0.9808 -0.0651
vn 0.1837 -0.9815 -0.0535
vn 0.3640 -0.9294 -0.0606
vn 0.3626 -0.9307 -0.0486
vn 0.5340 -0.8438 -0.0528
vn 0.5314 -0.8462 -0.0400
vn -0.3597 -0.9330 -0.0136
vn -0.5269 -0.8499 -0.0025
vn -0.1821 -0.9831 -0.0208
vn 0.0005 -0.9997 -0.0241
vn 0.1830 -0.9828 -0.0231
vn 0.3605 -0.9326 -0.0180
vn 0.5277 -0.8494 -0.0088
vn -0.3551 -0.9341 0.0365
vn -0.5199 -0.8529 0.0475
vn -0.1799 -0.9833 0.0293
vn 0.0009 -0.9997 0.0262
vn 0.1818 -0.9830 0.0272
vn 0.3570 -0.9335 0.0322
vn 0.5218 -0.8520 0.0413
vn -0.3494 -0.9308 0.1075
vn -0.5113 -0.8515 0.1164
vn -0.1773 -0.9788 0.1023
vn 0.0016 -0.9950 0.0999
vn 0.1806 -0.9784 0.1002
vn 0.3526 -0.9301 0.1034
vn 0.5145 -0.8504 0.1103
vn -0.3472 -0.9146 0.2071
vn -0.5028 -0.8390 0.2079
vn -0.1784 -0.9617 0.2080
vn 0.0026 -0.9782 0.2077
vn 0.1836 -0.9612 0.2058
vn 0.3523 -0.9137 0.2028
vn 0.5075 -0.8377 0.2018
vn -0.3479 -0.8708 0.3475
vn -0.4911 -0.8060 0.3304
vn -0.1820 -0.9147 0.3608
vn 0.0042 -0.9310 0.3649
vn 0.1901 -0.9140 0.3584
vn 0.3554 -0.8695 0.3430
vn 0.4978 -0.8044 0.3242
vn -0.5364 -0.8429 -0.0425
vn -0.6840 -0.7286 -0.0347
vn -0.3650 -0.9296 -0.0507
vn -0.1844 -0.9812 -0.0568
vn 0.0001 -0.9982 -0.0597
vn 0.1847 -0.9810 -0.0589
vn 0.3654 -0.9292 -0.0550
vn 0.5368 -0.8423 -0.0489
vn 0.6886 -0.7239 -0.0426
vn 0.6844 -0.7278 -0.0428
vn 0.6808 -0.7320 -0.0278
vn 0.6760 -0.7369 0.0046
vn 0.6686 -0.7416 0.0552
vn 0.6593 -0.7416 0.1239
vn 0.6474 -0.7322 0.2116
vn 0.6288 -0.7080 0.3216
vn -0.6225 -0.7099 0.3294
vn -0.6429 -0.7338 0.2195
vn -0.6562 -0.7430 0.1317
vn -0.6667 -0.7427 0.0630
vn -0.6748 -0.7379 0.0126
vn -0.6802 -0.7328 -0.0198
vn 0.8029 -0.5952 -0.0326
vn 0.8889 -0.4575 -0.0227
vn 0.8854 -0.4649 0.0024
vn 0.7990 -0.6012 -0.0136
vn 0.9500 -0.3119 -0.0115
vn 0.9471 -0.3203 0.0216
vn 0.9887 -0.1500 0.0037
vn 0.9860 -0.1599 0.0466
vn 0.9990 0.0367 0.0252
vn 0.9965 0.0259 0.0793
vn 0.9659 0.2532 0.0549
vn 0.9625 0.2425 0.1217
vn 0.8673 0.4890 0.0926
vn 0.8591 0.4816 0.1733
vn 0.8808 -0.4717 0.0416
vn 0.7943 -0.6071 0.0215
vn 0.9426 -0.3273 0.0670
vn 0.9811 -0.1659 0.0998
vn 0.9896 0.0215 0.1424
vn 0.9506 0.2406 0.1959
vn 0.8397 0.4789 0.2560
vn 0.8735 -0.4768 0.0977
vn 0.7866 -0.6130 0.0738
vn 0.9350 -0.3303 0.1289
vn 0.9715 -0.1651 0.1700
vn 0.9746 0.0263 0.2223
vn 0.9269 0.2454 0.2840
vn 0.8081 0.4762 0.3466
vn 0.8618 -0.4758 0.1758
vn 0.7761 -0.6136 0.1458
vn 0.9209 -0.3253 0.2147
vn 0.9521 -0.1537 0.2645
vn 0.9451 0.0418 0.3240
vn 0.8859 0.2559 0.3870
vn 0.7624 0.4714 0.4433
vn 0.8396 -0.4657 0.2796
vn 0.7592 -0.6054 0.2389
vn 0.8917 -0.3097 0.3301
vn 0.9122 -0.1301 0.3885
vn 0.8911 0.0677 0.4488
vn 0.8224 0.2690 0.5012
vn 0.7038 0.4620 0.5396
vn 0.7932 -0.4444 0.4163
vn 0.7273 -0.5848 0.3592
vn 0.8311 -0.2818 0.4794
vn 0.8353 -0.0939 0.5417
vn 0.7986 0.1031 0.5930
vn 0.7274 0.2847 0.6243
vn 0.6299 0.4465 0.6355
vn 0.8077 -0.5884 -0.0386
vn 0.8931 -0.4483 -0.0376
vn 0.9529 -0.3009 -0.0380
vn 0.9899 -0.1371 -0.0369
vn 0.9981 0.0528 -0.0308
vn 0.9619 0.2729 -0.0170
vn 0.8603 0.5097 0.0044
vn -0.1449 -0.1424 -0.9791
vn -0.1351 -0.0878 -0.9869
vn -0.0866 -0.0771 -0.9932
vn -0.0972 -0.1366 -0.9858
vn -0.1245 -0.0433 -0.9913
vn -0.0790 -0.0335 -0.9963
vn -0.1144 -0.0042 -0.9934
vn -0.0726 0.0026 -0.9974
vn -0.1047 0.0300 -0.9941
vn -0.0671 0.0338 -0.9972
vn -0.0962 0.0593 -0.9936
vn -0.0629 0.0619 -0.9961
vn -0.0891 0.0867 -0.9922
vn -0.0603 0.0900 -0.9941
vn -0.0471 -0.0720 -0.9963
vn -0.0537 -0.1337 -0.9896
vn -0.0427 -0.0283 -0.9987
vn -0.0394 0.0064 -0.9992
vn -0.0370 0.0361 -0.9987
vn -0.0354 0.0637 -0.9973
vn -0.0348 0.0921 -0.9951
vn -0.0096 -0.0703 -0.9975
vn -0.0094 -0.1324 -0.9912
vn -0.0096 -0.0266 -0.9996
vn -0.0096 0.0076 -0.9999
vn -0.0096 0.0369 -0.9993
vn -0.0096 0.0643 -0.9979
vn -0.0096 0.0928 -0.9956
vn 0.0280 -0.0719 -0.9970
vn 0.0347 -0.1334 -0.9905
vn 0.0235 -0.0283 -0.9993
vn 0.0201 0.0064 -0.9998
vn 0.0177 0.0362 -0.9992
vn 0.0161 0.0637 -0.9978
vn 0.0155 0.0921 -0.9956
vn 0.0677 -0.0771 -0.9947
vn 0.0790 -0.1371 -0.9874
vn 0.0599 -0.0334 -0.9976
vn 0.0534 0.0027 -0.9986
vn 0.0479 0.0339 -0.9983
vn 0.0436 0.0620 -0.9971
vn 0.0411 0.0901 -0.9951
vn 0.1159 -0.0876 -0.9894
vn 0.1259 -0.1418 -0.9819
vn 0.1056 -0.0432 -0.9935
vn 0.0953 -0.0041 -0.9954
vn 0.0856 0.0301 -0.9959
vn 0.0771 0.0595 -0.9953
vn 0.0699 0.0868 -0.9938
vn -0.1713 -0.2303 -0.9579
vn -0.0900 0.1211 -0.9885
vn -0.0622 0.1245 -0.9903
vn -0.0360 0.1269 -0.9913
vn -0.0096 0.1278 -0.9918
vn 0.0167 0.1270 -0.9918
vn 0.0429 0.1247 -0.9913
vn 0.0708 0.1213 -0.9901
vn 0.1008 0.1159 -0.9881
vn 0.1125 0.0894 -0.9896
vn 0.1256 0.0595 -0.9903
vn 0.1407 0.0258 -0.9897
vn 0.1567 -0.0146 -0.9875
vn 0.1719 -0.0606 -0.9832
vn 0.1855 -0.1109 -0.9764
vn 0.1973 -0.1677 -0.9659
vn 0.1536 -0.2305 -0.9609
vn 0.1978 -0.2230 -0.9545
vn 0.1007 -0.2315 -0.9676
vn 0.0472 -0.2325 -0.9715
vn -0.0092 -0.2327 -0.9725
vn -0.0656 -0.2325 -0.9704
vn -0.1190 -0.2315 -0.9655
vn 0.3100 -0.2412 -0.9196
vn 0.3024 -0.1626 -0.9392
vn 0.4776 -0.2473 -0.8430
vn 0.4694 -0.3576 -0.8073
vn 0.2843 -0.0935 -0.9542
vn 0.4609 -0.1474 -0.8751
vn 0.2611 -0.0313 -0.9648
vn 0.4293 -0.0566 -0.9014
vn 0.2345 0.0234 -0.9718
vn 0.3880 0.0247 -0.9213
vn 0.2081 0.0703 -0.9756
vn 0.3410 0.0979 -0.9350
vn 0.1808 0.1144 -0.9768
vn 0.2860 0.1672 -0.9435
vn 0.6738 -0.3449 -0.6535
vn 0.6363 -0.4801 -0.6038
vn 0.6744 -0.2143 -0.7066
vn 0.6459 -0.0894 -0.7582
vn 0.5941 0.0289 -0.8039
vn 0.5236 0.1405 -0.8403
vn 0.4350 0.2457 -0.8662
vn 0.8118 -0.4150 -0.4108
vn 0.7457 -0.5596 -0.3616
vn 0.8400 -0.2686 -0.4715
vn 0.8336 -0.1195 -0.5393
vn 0.7938 0.0326 -0.6073
vn 0.7201 0.1874 -0.6681
vn 0.6107 0.3404 -0.7149
vn 0.8695 -0.4404 -0.2236
vn 0.7904 -0.5831 -0.1879
vn 0.9168 -0.2931 -0.2712
vn 0.9347 -0.1366 -0.3283
vn 0.9201 0.0346 -0.3902
vn 0.8648 0.2231 -0.4499
vn 0.7571 0.4230 -0.4978
vn 0.8902 -0.4402 -0.1172
vn 0.8080 -0.5815 -0.0944
vn 0.9442 -0.2947 -0.1474
vn 0.9735 -0.1370 -0.1829
vn 0.9744 0.0421 -0.2207
vn 0.9342 0.2491 -0.2553
vn 0.8326 0.4784 -0.2793
vn 0.8958 -0.4401 -0.0614
vn 0.8115 -0.5822 -0.0505
vn 0.9533 -0.2922 -0.0766
vn 0.9871 -0.1300 -0.0933
vn 0.9926 0.0570 -0.1075
vn 0.9545 0.2755 -0.1144
vn 0.8495 0.5160 -0.1096
vn 0.2877 -0.3221 -0.9019
vn 0.1422 0.1552 -0.9776
vn 0.2174 0.2277 -0.9492
vn 0.3294 0.3370 -0.8820
vn 0.4694 0.4769 -0.7431
vn 0.5949 0.6084 -0.5253
vn 0.6607 0.6942 -0.2856
vn 0.6720 0.7345 -0.0942
vn 0.6918 -0.7206 -0.0458
vn 0.6894 -0.7200 -0.0802
vn 0.6735 -0.7207 -0.1643
vn 0.6373 -0.6983 -0.3259
vn 0.5539 -0.6125 -0.5639
vn 0.4204 -0.4682 -0.7772
vn -0.2397 -0.3699 -0.8976
vn -0.1657 -0.3894 -0.9061
vn -0.2372 -0.6050 -0.7601
vn -0.3442 -0.5530 -0.7588
vn -0.0891 -0.3996 -0.9124
vn -0.1243 -0.6339 -0.7634
vn -0.0085 -0.4036 -0.9149
vn -0.0069 -0.6438 -0.7651
vn 0.0721 -0.3998 -0.9138
vn 0.1106 -0.6341 -0.7653
vn 0.1488 -0.3895 -0.9089
vn 0.2236 -0.6055 -0.7638
vn 0.2233 -0.3702 -0.9017
vn 0.3309 -0.5536 -0.7642
vn -0.3027 -0.7978 -0.5214
vn -0.4421 -0.7217 -0.5326
vn -0.1557 -0.8421 -0.5164
vn -0.0043 -0.8570 -0.5153
vn 0.1469 -0.8424 -0.5185
vn 0.2941 -0.7983 -0.5256
vn 0.4336 -0.7224 -0.5387
vn -0.3393 -0.8957 -0.2875
vn -0.4990 -0.8138 -0.2977
vn -0.1722 -0.9435 -0.2830
vn -0.0021 -0.9593 -0.2823
vn 0.1680 -0.9436 -0.2852
vn 0.3351 -0.8959 -0.2917
vn 0.4948 -0.8141 -0.3039
vn -0.3562 -0.9236 -0.1417
vn -0.5247 -0.8388 -0.1451
vn -0.1799 -0.9734 -0.1416
vn -0.0007 -0.9898 -0.1426
vn 0.1786 -0.9734 -0.1438
vn 0.3548 -0.9235 -0.1459
vn 0.5233 -0.8386 -0.1514
vn -0.3637 -0.9289 -0.0696
vn -0.5362 -0.8414 -0.0680
vn -0.1834 -0.9804 -0.0726
vn -0.0000 -0.9972 -0.0746
vn 0.1834 -0.9802 -0.0748
vn 0.3638 -0.9285 -0.0739
vn 0.5361 -0.8409 -0.0744
vn -0.3656 -0.9296 -0.0458
vn -0.5381 -0.8419 -0.0403
vn -0.1844 -0.9815 -0.0508
vn 0.0002 -0.9986 -0.0535
vn 0.1846 -0.9814 -0.0530
vn 0.3661 -0.9292 -0.0501
vn 0.5386 -0.8413 -0.0467
vn -0.7209 -0.5870 0.3685
vn -0.7864 -0.4466 0.4268
vn -0.8350 -0.4677 0.2900
vn -0.7548 -0.6072 0.2482
vn -0.8239 -0.2838 0.4906
vn -0.8868 -0.3116 0.3414
vn -0.8274 -0.0954 0.5534
vn -0.9069 -0.1318 0.4003
vn -0.7899 0.1024 0.6046
vn -0.8851 0.0666 0.4607
vn -0.7181 0.2847 0.6351
vn -0.8156 0.2687 0.5124
vn -0.6201 0.4470 0.6447
vn -0.6960 0.4623 0.5494
vn -0.8586 -0.4776 0.1861
vn -0.7730 -0.6152 0.1550
vn -0.9176 -0.3270 0.2259
vn -0.9484 -0.1553 0.2763
vn -0.9410 0.0406 0.3359
vn -0.8809 0.2553 0.3984
vn -0.7563 0.4716 0.4534
vn -0.8715 -0.4783 0.1081
vn -0.7846 -0.6144 0.0831
vn -0.9329 -0.3318 0.1401
vn -0.9691 -0.1666 0.1817
vn -0.9719 0.0250 0.2341
vn -0.9235 0.2446 0.2955
vn -0.8037 0.4761 0.3569
vn -0.8795 -0.4730 0.0520
vn -0.7931 -0.6083 0.0309
vn -0.9412 -0.3287 0.0781
vn -0.9796 -0.1674 0.1115
vn -0.9878 0.0203 0.1543
vn -0.9485 0.2396 0.2073
vn -0.8367 0.4785 0.2663
vn -0.8846 -0.4661 0.0129
vn -0.7984 -0.6021 -0.0042
vn -0.9464 -0.3214 0.0330
vn -0.9852 -0.1613 0.0583
vn -0.9955 0.0246 0.0912
vn -0.9612 0.2414 0.1332
vn -0.8573 0.4810 0.1836
vn -0.8886 -0.4586 -0.0122
vn -0.8025 -0.5962 -0.0231
vn -0.9497 -0.3132 -0.0002
vn -0.9884 -0.1513 0.0154
vn -0.9987 0.0361 0.0371
vn -0.9654 0.2521 0.0663
vn -0.8667 0.4881 0.1029
vn 0.0946 0.1760 -0.9798
vn 0.0556 0.1819 -0.9817
vn 0.0852 0.2807 -0.9560
vn 0.1454 0.2650 -0.9532
vn 0.0224 0.1848 -0.9825
vn 0.0358 0.2866 -0.9574
vn -0.0096 0.1857 -0.9826
vn -0.0094 0.2884 -0.9575
vn -0.0415 0.1847 -0.9819
vn -0.0546 0.2862 -0.9566
vn -0.0747 0.1817 -0.9805
vn -0.1038 0.2798 -0.9544
vn -0.1136 0.1757 -0.9779
vn -0.1635 0.2639 -0.9506
vn 0.1335 0.4297 -0.8930
vn 0.2230 0.3985 -0.8896
vn 0.0587 0.4435 -0.8944
vn -0.0089 0.4473 -0.8943
vn -0.0766 0.4433 -0.8931
vn -0.1511 0.4293 -0.8904
vn -0.2403 0.3976 -0.8856
vn 0.1965 0.6230 -0.7571
vn 0.3226 0.5716 -0.7545
vn 0.0896 0.6467 -0.7574
vn -0.0077 0.6534 -0.7570
vn -0.1049 0.6463 -0.7559
vn -0.2117 0.6220 -0.7539
vn -0.3372 0.5701 -0.7492
vn 0.2552 0.8080 -0.5311
vn 0.4142 0.7379 -0.5329
vn 0.1189 0.8407 -0.5282
vn -0.0056 0.8501 -0.5266
vn -0.1301 0.8401 -0.5265
vn -0.2662 0.8068 -0.5275
vn -0.4247 0.7361 -0.5270
vn 0.2857 0.9201 -0.2678
vn 0.4619 0.8421 -0.2783
vn 0.1348 0.9561 -0.2601
vn -0.0032 0.9664 -0.2570
vn -0.1410 0.9557 -0.2584
vn -0.2920 0.9192 -0.2642
vn -0.4680 0.8407 -0.2726
vn 0.2933 0.9539 -0.0638
vn 0.4715 0.8785 -0.0771
vn 0.1396 0.9886 -0.0556
vn -0.0012 0.9986 -0.0523
vn -0.1420 0.9884 -0.0539
vn -0.2957 0.9534 -0.0603
vn -0.4740 0.8776 -0.0715
vt 0.656250 0.693572
vt 0.687500 0.693795
vt 0.687500 0.705938
vt 0.656250 0.705787
vt 0.718750 0.694408
vt 0.718750 0.706409
vt 0.750000 0.695605
vt 0.750000 0.707345
vt 0.781250 0.697615
vt 0.781250 0.708875
vt 0.812500 0.700815
vt 0.812500 0.711071
vt 0.843750 0.705557
vt 0.843750 0.713925
vt 0.687500 0.716182
vt 0.656250 0.716155
vt 0.718750 0.716465
vt 0.750000 0.717076
vt 0.781250 0.718064
vt 0.812500 0.719377
vt 0.843750 0.720934
vt 0.687500 0.724871
vt 0.656250 0.725022
vt 0.718750 0.724960
vt 0.750000 0.725275
vt 0.781250 0.725795
vt 0.812500 0.726473
vt 0.843750 0.727257
vt 0.687500 0.732334
vt 0.656250 0.732700
vt 0.718750 0.732264
vt 0.750000 0.732381
vt 0.781250 0.732601
vt 0.812500 0.732887
vt 0.843750 0.733218
vt 0.687500 0.738823
vt 0.656250 0.739345
vt 0.718750 0.738678
vt 0.750000 0.738695
vt 0.781250 0.738760
vt 0.812500 0.738844
vt 0.843750 0.738943
vt 0.687500 0.744596
vt 0.656250 0.745057
vt 0.718750 0.744490
vt 0.750000 0.744480
vt 0.781250 0.744488
vt 0.812500 0.744498
vt 0.843750 0.744510
vt 0.625000 0.679125
vt 0.656250 0.679161
vt 0.625000 0.693546
vt 0.687500 0.679407
vt 0.718750 0.680077
vt 0.750000 0.681381
vt 0.781250 0.683601
vt 0.812500 0.687301
vt 0.843750 0.693397
vt 0.875000 0.706188
vt 0.875000 0.711665
vt 0.875000 0.717141
vt 0.875000 0.722618
vt 0.875000 0.728094
vt 0.875000 0.733571
vt 0.875000 0.739047
vt 0.875000 0.744524
vt 0.875000 0.750000
vt 0.843750 0.750000
vt 0.812500 0.750000
vt 0.781250 0.750000
vt 0.750000 0.750000
vt 0.718750 0.750000
vt 0.687500 0.750000
vt 0.656250 0.750000
vt 0.625000 0.747236
vt 0.625000 0.750000
vt 0.625000 0.740772
vt 0.625000 0.733508
vt 0.625000 0.725427
vt 0.625000 0.716313
vt 0.625000 0.705814
vt 0.406250 0.788977
vt 0.437500 0.794704
vt 0.437500 0.819950
vt 0.406250 0.816552
vt 0.468750 0.797982
vt 0.468750 0.822129
vt 0.500000 0.799014
vt 0.500000 0.822881
vt 0.531250 0.797983
vt 0.531250 0.822129
vt 0.562500 0.794704
vt 0.562500 0.819950
vt 0.593750 0.788977
vt 0.593750 0.816552
vt 0.437500 0.847696
vt 0.406250 0.845867
vt 0.468750 0.848962
vt 0.500000 0.849433
vt 0.531250 0.848962
vt 0.562500 0.847696
vt 0.593750 0.845867
vt 0.437500 0.876969
vt 0.406250 0.876052
vt 0.468750 0.877618
vt 0.500000 0.877864
vt 0.531250 0.877618
vt 0.562500 0.876969
vt 0.593750 0.876052
vt 0.437500 0.907081
vt 0.406250 0.906694
vt 0.468750 0.907354
vt 0.500000 0.907458
vt 0.531250 0.907354
vt 0.562500 0.907081
vt 0.593750 0.906694
vt 0.437500 0.937746
vt 0.406250 0.937631
vt 0.468750 0.937827
vt 0.500000 0.937858
vt 0.531250 0.937827
vt 0.562500 0.937746
vt 0.593750 0.937631
vt 0.437500 0.968781
vt 0.406250 0.968767
vt 0.468750 0.968791
vt 0.500000 0.968795
vt 0.531250 0.968791
vt 0.562500 0.968781
vt 0.593750 0.968767
vt 0.375000 0.750000
vt 0.406250 0.766360
vt 0.375000 0.781250
vt 0.437500 0.773671
vt 0.468750 0.777480
vt 0.500000 0.778637
vt 0.531250 0.777480
vt 0.562500 0.773671
vt 0.593750 0.766360
vt 0.625000 0.781250
vt 0.625000 0.812500
vt 0.625000 0.843750
vt 0.625000 0.875000
vt 0.625000 0.906250
vt 0.625000 0.937500
vt 0.625000 0.968750
vt 0.625000 1.000000
vt 0.593750 1.000000
vt 0.562500 1.000000
vt 0.531250 1.000000
vt 0.500000 1.000000
vt 0.468750 1.000000
vt 0.437500 1.000000
vt 0.406250 1.000000
vt 0.375000 0.968750
vt 0.375000 1.000000
vt 0.375000 0.937500
vt 0.375000 0.906250
vt 0.375000 0.875000
vt 0.375000 0.843750
vt 0.375000 0.812500
vt 0.406250 0.075664
vt 0.437500 0.080183
vt 0.437500 0.101278
vt 0.406250 0.098578
vt 0.468750 0.082771
vt 0.468750 0.103011
vt 0.500000 0.083584
vt 0.500000 0.103610
vt 0.531250 0.082771
vt 0.531250 0.103011
vt 0.562500 0.080183
vt 0.562500 0.101278
vt 0.593750 0.075664
vt 0.593750 0.098578
vt 0.437500 0.124416
vt 0.406250 0.122894
vt 0.468750 0.125471
vt 0.500000 0.125864
vt 0.531250 0.125471
vt 0.562500 0.124416
vt 0.593750 0.122894
vt 0.437500 0.148875
vt 0.406250 0.147957
vt 0.468750 0.149524
vt 0.500000 0.149770
vt 0.531250 0.149524
vt 0.562500 0.148875
vt 0.593750 0.147957
vt 0.437500 0.174172
vt 0.406250 0.173479
vt 0.468750 0.174657
vt 0.500000 0.174838
vt 0.531250 0.174657
vt 0.562500 0.174172
vt 0.593750 0.173479
vt 0.437500 0.200230
vt 0.406250 0.199418
vt 0.468750 0.200757
vt 0.500000 0.200941
vt 0.531250 0.200757
vt 0.562500 0.200230
vt 0.593750 0.199418
vt 0.437500 0.227108
vt 0.406250 0.225879
vt 0.468750 0.227814
vt 0.500000 0.228036
vt 0.531250 0.227814
vt 0.562500 0.227108
vt 0.593750 0.225879
vt 0.375000 0.043812
vt 0.406250 0.056568
vt 0.375000 0.069585
vt 0.437500 0.062417
vt 0.468750 0.065448
vt 0.500000 0.066364
vt 0.531250 0.065448
vt 0.562500 0.062417
vt 0.593750 0.056568
vt 0.625000 0.043812
vt 0.625000 0.069585
vt 0.625000 0.095359
vt 0.625000 0.121132
vt 0.625000 0.146906
vt 0.625000 0.172679
vt 0.625000 0.198453
vt 0.625000 0.224227
vt 0.625000 0.250000
vt 0.593750 0.253442
vt 0.562500 0.255020
vt 0.531250 0.255838
vt 0.500000 0.256085
vt 0.468750 0.255838
vt 0.437500 0.255020
vt 0.406250 0.253442
vt 0.375000 0.224227
vt 0.375000 0.250000
vt 0.375000 0.198453
vt 0.375000 0.172679
vt 0.375000 0.146906
vt 0.375000 0.121132
vt 0.375000 0.095359
vt 0.156250 0.705557
vt 0.187500 0.700815
vt 0.187500 0.711071
vt 0.156250 0.713925
vt 0.218750 0.697615
vt 0.218750 0.708875
vt 0.250000 0.695605
vt 0.250000 0.707345
vt 0.281250 0.694408
vt 0.281250 0.706409
vt 0.312500 0.693795
vt 0.312500 0.705938
vt 0.343750 0.693572
vt 0.343750 0.705787
vt 0.187500 0.719377
vt 0.156250 0.720934
vt 0.218750 0.718064
vt 0.250000 0.717076
vt 0.281250 0.716465
vt 0.312500 0.716182
vt 0.343750 0.716155
vt 0.187500 0.726473
vt 0.156250 0.727257
vt 0.218750 0.725795
vt 0.250000 0.725275
vt 0.281250 0.724960
vt 0.312500 0.724871
vt 0.343750 0.725022
vt 0.187500 0.732887
vt 0.156250 0.733217
vt 0.218750 0.732601
vt 0.250000 0.732381
vt 0.281250 0.732264
vt 0.312500 0.732334
vt 0.343750 0.732700
vt 0.187500 0.738844
vt 0.156250 0.738942
vt 0.218750 0.738760
vt 0.250000 0.738695
vt 0.281250 0.738678
vt 0.312500 0.738823
vt 0.343750 0.739345
vt 0.187500 0.744498
vt 0.156250 0.744510
vt 0.218750 0.744488
vt 0.250000 0.744480
vt 0.281250 0.744490
vt 0.312500 0.744596
vt 0.343750 0.745057
vt 0.125000 0.706188
vt 0.156250 0.693397
vt 0.125000 0.711665
vt 0.187500 0.687301
vt 0.218750 0.683601
vt 0.250000 0.681381
vt 0.281250 0.680077
vt 0.312500 0.679407
vt 0.343750 0.679161
vt 0.375000 0.679125
vt 0.375000 0.693546
vt 0.375000 0.705814
vt 0.375000 0.716313
vt 0.375000 0.725427
vt 0.375000 0.733508
vt 0.375000 0.740772
vt 0.375000 0.747236
vt 0.343750 0.750000
vt 0.312500 0.750000
vt 0.281250 0.750000
vt 0.250000 0.750000
vt 0.218750 0.750000
vt 0.187500 0.750000
vt 0.156250 0.750000
vt 0.125000 0.744524
vt 0.125000 0.750000
vt 0.125000 0.739047
vt 0.125000 0.733571
vt 0.125000 0.728094
vt 0.125000 0.722618
vt 0.125000 0.717141
vt 0.406250 0.693556
vt 0.437500 0.693567
vt 0.437500 0.705981
vt 0.406250 0.705893
vt 0.468750 0.693576
vt 0.468750 0.706053
vt 0.500000 0.693579
vt 0.500000 0.706082
vt 0.531250 0.693576
vt 0.531250 0.706053
vt 0.562500 0.693567
vt 0.562500 0.705981
vt 0.593750 0.693556
vt 0.593750 0.705893
vt 0.437500 0.716879
vt 0.406250 0.716582
vt 0.468750 0.717120
vt 0.500000 0.717219
vt 0.531250 0.717120
vt 0.562500 0.716879
vt 0.593750 0.716582
vt 0.437500 0.726770
vt 0.406250 0.726065
vt 0.468750 0.727340
vt 0.500000 0.727575
vt 0.531250 0.727340
vt 0.562500 0.726770
vt 0.593750 0.726065
vt 0.437500 0.736250
vt 0.406250 0.734813
vt 0.468750 0.737375
vt 0.500000 0.737826
vt 0.531250 0.737375
vt 0.562500 0.736250
vt 0.593750 0.734813
vt 0.437500 0.746265
vt 0.406250 0.743397
vt 0.468750 0.748277
vt 0.500000 0.749005
vt 0.531250 0.748277
vt 0.562500 0.746265
vt 0.593750 0.743397
vt 0.437500 0.758050
vt 0.406250 0.752784
vt 0.468750 0.761219
vt 0.500000 0.762235
vt 0.531250 0.761219
vt 0.562500 0.758050
vt 0.593750 0.752784
vt 0.406250 0.679125
vt 0.437500 0.679126
vt 0.468750 0.679126
vt 0.500000 0.679125
vt 0.531250 0.679125
vt 0.562500 0.679126
vt 0.593750 0.679126
vt 0.406250 0.282886
vt 0.437500 0.284101
vt 0.437500 0.314031
vt 0.406250 0.313333
vt 0.468750 0.284797
vt 0.468750 0.314476
vt 0.500000 0.285015
vt 0.500000 0.314630
vt 0.531250 0.284797
vt 0.531250 0.314476
vt 0.562500 0.284101
vt 0.562500 0.314031
vt 0.593750 0.282886
vt 0.593750 0.313333
vt 0.437500 0.344412
vt 0.406250 0.344106
vt 0.468750 0.344623
vt 0.500000 0.344701
vt 0.531250 0.344623
vt 0.562500 0.344412
vt 0.593750 0.344106
vt 0.437500 0.375000
vt 0.406250 0.375000
vt 0.468750 0.375000
vt 0.500000 0.375000
vt 0.531250 0.375000
vt 0.562500 0.375000
vt 0.593750 0.375000
vt 0.437500 0.405588
vt 0.406250 0.405895
vt 0.468750 0.405377
vt 0.500000 0.405299
vt 0.531250 0.405377
vt 0.562500 0.405588
vt 0.593750 0.405895
vt 0.437500 0.435969
vt 0.406250 0.436667
vt 0.468750 0.435524
vt 0.500000 0.435370
vt 0.531250 0.435524
vt 0.562500 0.435969
vt 0.593750 0.436667
vt 0.437500 0.465898
vt 0.406250 0.467112
vt 0.468750 0.465203
vt 0.500000 0.464985
vt 0.531250 0.465203
vt 0.562500 0.465898
vt 0.593750 0.467112
vt 0.375000 0.281250
vt 0.625000 0.281250
vt 0.625000 0.312500
vt 0.625000 0.343750
vt 0.625000 0.375000
vt 0.625000 0.406250
vt 0.625000 0.437500
vt 0.625000 0.468750
vt 0.625000 0.500000
vt 0.593750 0.496524
vt 0.562500 0.494970
vt 0.531250 0.494161
vt 0.500000 0.493915
vt 0.468750 0.494161
vt 0.437500 0.494970
vt 0.406250 0.496524
vt 0.375000 0.468750
vt 0.375000 0.500000
vt 0.375000 0.437500
vt 0.375000 0.406250
vt 0.375000 0.375000
vt 0.375000 0.343750
vt 0.375000 0.312500
vt 0.406250 0.523954
vt 0.437500 0.522835
vt 0.437500 0.549501
vt 0.406250 0.550110
vt 0.468750 0.522162
vt 0.468750 0.549073
vt 0.500000 0.521946
vt 0.500000 0.548918
vt 0.531250 0.522162
vt 0.531250 0.549073
vt 0.562500 0.522835
vt 0.562500 0.549501
vt 0.593750 0.523954
vt 0.593750 0.550110
vt 0.437500 0.575021
vt 0.406250 0.575326
vt 0.468750 0.574782
vt 0.500000 0.574686
vt 0.531250 0.574782
vt 0.562500 0.575021
vt 0.593750 0.575326
vt 0.437500 0.599274
vt 0.406250 0.599424
vt 0.468750 0.599153
vt 0.500000 0.599103
vt 0.531250 0.599153
vt 0.562500 0.599274
vt 0.593750 0.599424
vt 0.437500 0.622076
vt 0.406250 0.622139
vt 0.468750 0.622025
vt 0.500000 0.622004
vt 0.531250 0.622025
vt 0.562500 0.622076
vt 0.593750 0.622139
vt 0.437500 0.643169
vt 0.406250 0.643188
vt 0.468750 0.643154
vt 0.500000 0.643148
vt 0.531250 0.643154
vt 0.562500 0.643170
vt 0.593750 0.643188
vt 0.437500 0.662278
vt 0.406250 0.662280
vt 0.468750 0.662276
vt 0.500000 0.662275
vt 0.531250 0.662276
vt 0.562500 0.662278
vt 0.593750 0.662280
vt 0.375000 0.525133
vt 0.625000 0.525133
vt 0.625000 0.550668
vt 0.625000 0.575603
vt 0.625000 0.599559
vt 0.625000 0.622196
vt 0.625000 0.643205
vt 0.625000 0.662282
vt 0.375000 0.662282
vt 0.375000 0.643205
vt 0.375000 0.622196
vt 0.375000 0.599559
vt 0.375000 0.575603
vt 0.375000 0.550668
vt 0.156250 0.525760
vt 0.187500 0.525748
vt 0.187500 0.551345
vt 0.156250 0.551442
vt 0.218750 0.525738
vt 0.218750 0.551260
vt 0.250000 0.525730
vt 0.250000 0.551195
vt 0.281250 0.525721
vt 0.281250 0.551149
vt 0.312500 0.525695
vt 0.312500 0.551093
vt 0.343750 0.525596
vt 0.343750 0.550972
vt 0.187500 0.576637
vt 0.156250 0.576968
vt 0.218750 0.576351
vt 0.250000 0.576131
vt 0.281250 0.575990
vt 0.312500 0.575889
vt 0.343750 0.575780
vt 0.187500 0.601473
vt 0.156250 0.602257
vt 0.218750 0.600795
vt 0.250000 0.600275
vt 0.281250 0.599947
vt 0.312500 0.599763
vt 0.343750 0.599656
vt 0.187500 0.625627
vt 0.156250 0.627184
vt 0.218750 0.624314
vt 0.250000 0.623326
vt 0.281250 0.622709
vt 0.312500 0.622386
vt 0.343750 0.622250
vt 0.187500 0.648571
vt 0.156250 0.651425
vt 0.218750 0.646375
vt 0.250000 0.644845
vt 0.281250 0.643908
vt 0.312500 0.643424
vt 0.343750 0.643241
vt 0.187500 0.669565
vt 0.156250 0.674307
vt 0.218750 0.666365
vt 0.250000 0.664355
vt 0.281250 0.663158
vt 0.312500 0.662543
vt 0.343750 0.662316
vt 0.125000 0.500000
vt 0.156250 0.500000
vt 0.125000 0.525774
vt 0.187500 0.500000
vt 0.218750 0.500000
vt 0.250000 0.500000
vt 0.281250 0.500000
vt 0.312500 0.500000
vt 0.343750 0.500000
vt 0.125000 0.680415
vt 0.125000 0.654641
vt 0.125000 0.628868
vt 0.125000 0.603094
vt 0.125000 0.577321
vt 0.125000 0.551547
vt 0.406250 0.005489
vt 0.437500 0.005501
vt 0.437500 0.011147
vt 0.406250 0.011056
vt 0.468750 0.005509
vt 0.468750 0.011211
vt 0.500000 0.005512
vt 0.500000 0.011235
vt 0.531250 0.005509
vt 0.531250 0.011211
vt 0.562500 0.005501
vt 0.562500 0.011147
vt 0.593750 0.005489
vt 0.593750 0.011056
vt 0.437500 0.017084
vt 0.406250 0.016779
vt 0.468750 0.017299
vt 0.500000 0.017381
vt 0.531250 0.017299
vt 0.562500 0.017084
vt 0.593750 0.016779
vt 0.437500 0.023456
vt 0.406250 0.022734
vt 0.468750 0.023967
vt 0.500000 0.024161
vt 0.531250 0.023967
vt 0.562500 0.023456
vt 0.593750 0.022734
vt 0.437500 0.030490
vt 0.406250 0.029049
vt 0.468750 0.031487
vt 0.500000 0.031858
vt 0.531250 0.031487
vt 0.562500 0.030490
vt 0.593750 0.029049
vt 0.437500 0.038726
vt 0.406250 0.036050
vt 0.468750 0.040442
vt 0.500000 0.041034
vt 0.531250 0.040442
vt 0.562500 0.038726
vt 0.593750 0.036050
vt 0.437500 0.048927
vt 0.406250 0.044411
vt 0.468750 0.051512
vt 0.500000 0.052325
vt 0.531250 0.051512
vt 0.562500 0.048927
vt 0.593750 0.044411
vt 0.375000 0.000000
vt 0.406250 0.000000
vt 0.375000 0.005476
vt 0.437500 0.000000
vt 0.468750 0.000000
vt 0.500000 0.000000
vt 0.531250 0.000000
vt 0.562500 0.000000
vt 0.593750 0.000000
vt 0.625000 0.000000
vt 0.625000 0.005476
vt 0.625000 0.010953
vt 0.625000 0.016429
vt 0.625000 0.021906
vt 0.625000 0.027382
vt 0.625000 0.032859
vt 0.625000 0.038335
vt 0.375000 0.038335
vt 0.375000 0.032859
vt 0.375000 0.027382
vt 0.375000 0.021906
vt 0.375000 0.016429
vt 0.375000 0.010953
vt 0.656250 0.525596
vt 0.687500 0.525695
vt 0.687500 0.551093
vt 0.656250 0.550972
vt 0.718750 0.525721
vt 0.718750 0.551149
vt 0.750000 0.525730
vt 0.750000 0.551195
vt 0.781250 0.525738
vt 0.781250 0.551260
vt 0.812500 0.525748
vt 0.812500 0.551344
vt 0.843750 0.525761
vt 0.843750 0.551443
vt 0.687500 0.575889
vt 0.656250 0.575780
vt 0.718750 0.575990
vt 0.750000 0.576131
vt 0.781250 0.576351
vt 0.812500 0.576637
vt 0.843750 0.576968
vt 0.687500 0.599763
vt 0.656250 0.599656
vt 0.718750 0.599947
vt 0.750000 0.600275
vt 0.781250 0.600795
vt 0.812500 0.601473
vt 0.843750 0.602257
vt 0.687500 0.622386
vt 0.656250 0.622250
vt 0.718750 0.622709
vt 0.750000 0.623326
vt 0.781250 0.624314
vt 0.812500 0.625627
vt 0.843750 0.627184
vt 0.687500 0.643424
vt 0.656250 0.643241
vt 0.718750 0.643908
vt 0.750000 0.644845
vt 0.781250 0.646375
vt 0.812500 0.648571
vt 0.843750 0.651425
vt 0.687500 0.662543
vt 0.656250 0.662316
vt 0.718750 0.663158
vt 0.750000 0.664355
vt 0.781250 0.666365
vt 0.812500 0.669565
vt 0.843750 0.674307
vt 0.656250 0.500000
vt 0.687500 0.500000
vt 0.718750 0.500000
vt 0.750000 0.500000
vt 0.781250 0.500000
vt 0.812500 0.500000
vt 0.843750 0.500000
vt 0.875000 0.500000
vt 0.875000 0.525774
vt 0.875000 0.551547
vt 0.875000 0.577321
vt 0.875000 0.603094
vt 0.875000 0.628868
vt 0.875000 0.654641
vt 0.875000 0.680415
s 1
usemtl Material.007
f 153/1/1 154/2/2 161/3/3 160/4/4
f 154/2/2 155/5/5 162/6/6 161/3/3
f 155/5/5 156/7/7 163/8/8 162/6/6
f 156/7/7 157/9/9 164/10/10 163/8/8
f 157/9/9 158/11/11 165/12/12 164/10/10
f 158/11/11 159/13/13 166/14/14 165/12/12
f 160/4/4 161/3/3 168/15/15 167/16/16
f 161/3/3 162/6/6 169/17/17 168/15/15
f 162/6/6 163/8/8 170/18/18 169/17/17
f 163/8/8 164/10/10 171/19/19 170/18/18
f 164/10/10 165/12/12 172/20/20 171/19/19
f 165/12/12 166/14/14 173/21/21 172/20/20
f 167/16/16 168/15/15 175/22/22 174/23/23
f 168/15/15 169/17/17 176/24/24 175/22/22
f 169/17/17 170/18/18 177/25/25 176/24/24
f 170/18/18 171/19/19 178/26/26 177/25/25
f 171/19/19 172/20/20 179/27/27 178/26/26
f 172/20/20 173/21/21 180/28/28 179/27/27
f 174/23/23 175/22/22 182/29/29 181/30/30
f 175/22/22 176/24/24 183/31/31 182/29/29
f 176/24/24 177/25/25 184/32/32 183/31/31
f 177/25/25 178/26/26 185/33/33 184/32/32
f 178/26/26 179/27/27 186/34/34 185/33/33
f 179/27/27 180/28/28 187/35/35 186/34/34
f 181/30/30 182/29/29 189/36/36 188/37/37
f 182/29/29 183/31/31 190/38/38 189/36/36
f 183/31/31 184/32/32 191/39/39 190/38/38
f 184/32/32 185/33/33 192/40/40 191/39/39
f 185/33/33 186/34/34 193/41/41 192/40/40
f 186/34/34 187/35/35 194/42/42 193/41/41
f 188/37/37 189/36/36 196/43/43 195/44/44
f 189/36/36 190/38/38 197/45/45 196/43/43
f 190/38/38 191/39/39 198/46/46 197/45/45
f 191/39/39 192/40/40 199/47/47 198/46/46
f 192/40/40 193/41/41 200/48/48 199/47/47
f 193/41/41 194/42/42 201/49/49 200/48/48
f 10/50/50 152/51/51 153/1/1 62/52/52
f 152/51/51 151/53/53 154/2/2 153/1/1
f 151/53/53 150/54/54 155/5/5 154/2/2
f 150/54/54 149/55/55 156/7/7 155/5/5
f 149/55/55 148/56/56 157/9/9 156/7/7
f 148/56/56 147/57/57 158/11/11 157/9/9
f 147/57/57 146/58/58 159/13/13 158/11/11
f 146/58/58 11/59/59 117/60/60 159/13/13
f 159/13/13 117/60/60 116/61/61 166/14/14
f 166/14/14 116/61/61 115/62/62 173/21/21
f 173/21/21 115/62/62 114/63/63 180/28/28
f 180/28/28 114/63/63 113/64/64 187/35/35
f 187/35/35 113/64/64 112/65/65 194/42/42
f 194/42/42 112/65/65 111/66/66 201/49/49
f 201/49/49 111/66/66 7/67/67 61/68/68
f 200/48/48 201/49/49 61/68/68 60/69/69
f 199/47/47 200/48/48 60/69/69 59/70/70
f 198/46/46 199/47/47 59/70/70 58/71/71
f 197/45/45 198/46/46 58/71/71 57/72/72
f 196/43/43 197/45/45 57/72/72 56/73/73
f 195/44/44 196/43/43 56/73/73 55/74/74
f 68/75/75 195/44/44 55/74/74 3/76/76
f 67/77/77 188/37/37 195/44/44 68/75/75
f 66/78/78 181/30/30 188/37/37 67/77/77
f 65/79/79 174/23/23 181/30/30 66/78/78
f 64/80/80 167/16/16 174/23/23 65/79/79
f 63/81/81 160/4/4 167/16/16 64/80/80
f 62/52/52 153/1/1 160/4/4 63/81/81
f 202/82/82 203/83/83 210/84/84 209/85/85
f 203/83/83 204/86/86 211/87/87 210/84/84
f 204/86/86 205/88/88 212/89/89 211/87/87
f 205/88/88 206/90/90 213/91/91 212/89/89
f 206/90/90 207/92/92 214/93/93 213/91/91
f 207/92/92 208/94/94 215/95/95 214/93/93
f 209/85/85 210/84/84 217/96/96 216/97/97
f 210/84/84 211/87/87 218/98/98 217/96/96
f 211/87/87 212/89/89 219/99/99 218/98/98
f 212/89/89 213/91/91 220/100/100 219/99/99
f 213/91/91 214/93/93 221/101/101 220/100/100
f 214/93/93 215/95/95 222/102/102 221/101/101
f 216/97/97 217/96/96 224/103/103 223/104/104
f 217/96/96 218/98/98 225/105/105 224/103/103
f 218/98/98 219/99/99 226/106/106 225/105/105
f 219/99/99 220/100/100 227/107/107 226/106/106
f 220/100/100 221/101/101 228/108/108 227/107/107
f 221/101/101 222/102/102 229/109/109 228/108/108
f 223/104/104 224/103/103 231/110/110 230/111/111
f 224/103/103 225/105/105 232/112/112 231/110/110
f 225/105/105 226/106/106 233/113/113 232/112/112
f 226/106/106 227/107/107 234/114/114 233/113/113
f 227/107/107 228/108/108 235/115/115 234/114/114
f 228/108/108 229/109/109 236/116/116 235/115/115
f 230/111/111 231/110/110 238/117/117 237/118/118
f 231/110/110 232/112/112 239/119/119 238/117/117
f 232/112/112 233/113/113 240/120/120 239/119/119
f 233/113/113 234/114/114 241/121/121 240/120/120
f 234/114/114 235/115/115 242/122/122 241/121/121
f 235/115/115 236/116/116 243/123/123 242/122/122
f 237/118/118 238/117/117 245/124/124 244/125/125
f 238/117/117 239/119/119 246/126/126 245/124/124
f 239/119/119 240/120/120 247/127/127 246/126/126
f 240/120/120 241/121/121 248/128/128 247/127/127
f 241/121/121 242/122/122 249/129/129 248/128/128
f 242/122/122 243/123/123 250/130/130 249/129/129
f 4/131/131 47/132/132 202/82/82 75/133/133
f 47/132/132 46/134/134 203/83/83 202/82/82
f 46/134/134 45/135/135 204/86/86 203/83/83
f 45/135/135 44/136/136 205/88/88 204/86/86
f 44/136/136 43/137/137 206/90/90 205/88/88
f 43/137/137 42/138/138 207/92/92 206/90/90
f 42/138/138 41/139/139 208/94/94 207/92/92
f 41/139/139 3/76/76 55/140/74 208/94/94
f 208/94/94 55/140/74 56/141/73 215/95/95
f 215/95/95 56/141/73 57/142/72 222/102/102
f 222/102/102 57/142/72 58/143/71 229/109/109
f 229/109/109 58/143/71 59/144/70 236/116/116
f 236/116/116 59/144/70 60/145/69 243/123/123
f 243/123/123 60/145/69 61/146/68 250/130/130
f 250/130/130 61/146/68 7/147/67 40/148/140
f 249/129/129 250/130/130 40/148/140 39/149/141
f 248/128/128 249/129/129 39/149/141 38/150/142
f 247/127/127 248/128/128 38/150/142 37/151/143
f 246/126/126 247/127/127 37/151/143 36/152/144
f 245/124/124 246/126/126 36/152/144 35/153/145
f 244/125/125 245/124/124 35/153/145 34/154/146
f 69/155/147 244/125/125 34/154/146 8/156/148
f 70/157/149 237/118/118 244/125/125 69/155/147
f 71/158/150 230/111/111 237/118/118 70/157/149
f 72/159/151 223/104/104 230/111/111 71/158/150
f 73/160/152 216/97/97 223/104/104 72/159/151
f 74/161/153 209/85/85 216/97/97 73/160/152
f 75/133/133 202/82/82 209/85/85 74/161/153
f 251/162/154 252/163/155 259/164/156 258/165/157
f 252/163/155 253/166/158 260/167/159 259/164/156
f 253/166/158 254/168/160 261/169/161 260/167/159
f 254/168/160 255/170/162 262/171/163 261/169/161
f 255/170/162 256/172/164 263/173/165 262/171/163
f 256/172/164 257/174/166 264/175/167 263/173/165
f 258/165/157 259/164/156 266/176/168 265/177/169
f 259/164/156 260/167/159 267/178/170 266/176/168
f 260/167/159 261/169/161 268/179/171 267/178/170
f 261/169/161 262/171/163 269/180/172 268/179/171
f 262/171/163 263/173/165 270/181/173 269/180/172
f 263/173/165 264/175/167 271/182/174 270/181/173
f 265/177/169 266/176/168 273/183/175 272/184/176
f 266/176/168 267/178/170 274/185/177 273/183/175
f 267/178/170 268/179/171 275/186/178 274/185/177
f 268/179/171 269/180/172 276/187/179 275/186/178
f 269/180/172 270/181/173 277/188/180 276/187/179
f 270/181/173 271/182/174 278/189/181 277/188/180
f 272/184/176 273/183/175 280/190/182 279/191/183
f 273/183/175 274/185/177 281/192/184 280/190/182
f 274/185/177 275/186/178 282/193/185 281/192/184
f 275/186/178 276/187/179 283/194/186 282/193/185
f 276/187/179 277/188/180 284/195/187 283/194/186
f 277/188/180 278/189/181 285/196/188 284/195/187
f 279/191/183 280/190/182 287/197/189 286/198/190
f 280/190/182 281/192/184 288/199/191 287/197/189
f 281/192/184 282/193/185 289/200/192 288/199/191
f 282/193/185 283/194/186 290/201/193 289/200/192
f 283/194/186 284/195/187 291/202/194 290/201/193
f 284/195/187 285/196/188 292/203/195 291/202/194
f 286/198/190 287/197/189 294/204/196 293/205/197
f 287/197/189 288/199/191 295/206/198 294/204/196
f 288/199/191 289/200/192 296/207/199 295/206/198
f 289/200/192 290/201/193 297/208/200 296/207/199
f 290/201/193 291/202/194 298/209/201 297/208/200
f 291/202/194 292/203/195 299/210/202 298/209/201
f 9/211/203 145/212/204 251/162/154 103/213/205
f 145/212/204 144/214/206 252/163/155 251/162/154
f 144/214/206 143/215/207 253/166/158 252/163/155
f 143/215/207 142/216/208 254/168/160 253/166/158
f 142/216/208 141/217/209 255/170/162 254/168/160
f 141/217/209 140/218/210 256/172/164 255/170/162
f 140/218/210 139/219/211 257/174/166 256/172/164
f 139/219/211 11/220/59 76/221/212 257/174/166
f 257/174/166 76/221/212 77/222/213 264/175/167
f 264/175/167 77/222/213 78/223/214 271/182/174
f 271/182/174 78/223/214 79/224/215 278/189/181
f 278/189/181 79/224/215 80/225/216 285/196/188
f 285/196/188 80/225/216 81/226/217 292/203/195
f 292/203/195 81/226/217 82/227/218 299/210/202
f 299/210/202 82/227/218 5/228/219 48/229/220
f 298/209/201 299/210/202 48/229/220 49/230/221
f 297/208/200 298/209/201 49/230/221 50/231/222
f 296/207/199 297/208/200 50/231/222 51/232/223
f 295/206/198 296/207/199 51/232/223 52/233/224
f 294/204/196 295/206/198 52/233/224 53/234/225
f 293/205/197 294/204/196 53/234/225 54/235/226
f 97/236/227 293/205/197 54/235/226 6/237/228
f 98/238/229 286/198/190 293/205/197 97/236/227
f 99/239/230 279/191/183 286/198/190 98/238/229
f 100/240/231 272/184/176 279/191/183 99/239/230
f 101/241/232 265/177/169 272/184/176 100/240/231
f 102/242/233 258/165/157 265/177/169 101/241/232
f 103/213/205 251/162/154 258/165/157 102/242/233
f 300/243/234 301/244/235 308/245/236 307/246/237
f 301/244/235 302/247/238 309/248/239 308/245/236
f 302/247/238 303/249/240 310/250/241 309/248/239
f 303/249/240 304/251/242 311/252/243 310/250/241
f 304/251/242 305/253/244 312/254/245 311/252/243
f 305/253/244 306/255/246 313/256/247 312/254/245
f 307/246/237 308/245/236 315/257/248 314/258/249
f 308/245/236 309/248/239 316/259/250 315/257/248
f 309/248/239 310/250/241 317/260/251 316/259/250
f 310/250/241 311/252/243 318/261/252 317/260/251
f 311/252/243 312/254/245 319/262/253 318/261/252
f 312/254/245 313/256/247 320/263/254 319/262/253
f 314/258/249 315/257/248 322/264/255 321/265/256
f 315/257/248 316/259/250 323/266/257 322/264/255
f 316/259/250 317/260/251 324/267/258 323/266/257
f 317/260/251 318/261/252 325/268/259 324/267/258
f 318/261/252 319/262/253 326/269/260 325/268/259
f 319/262/253 320/263/254 327/270/261 326/269/260
f 321/265/256 322/264/255 329/271/262 328/272/263
f 322/264/255 323/266/257 330/273/264 329/271/262
f 323/266/257 324/267/258 331/274/265 330/273/264
f 324/267/258 325/268/259 332/275/266 331/274/265
f 325/268/259 326/269/260 333/276/267 332/275/266
f 326/269/260 327/270/261 334/277/268 333/276/267
f 328/272/263 329/271/262 336/278/269 335/279/270
f 329/271/262 330/273/264 337/280/271 336/278/269
f 330/273/264 331/274/265 338/281/272 337/280/271
f 331/274/265 332/275/266 339/282/273 338/281/272
f 332/275/266 333/276/267 340/283/274 339/282/273
f 333/276/267 334/277/268 341/284/275 340/283/274
f 335/279/270 336/278/269 343/285/276 342/286/277
f 336/278/269 337/280/271 344/287/278 343/285/276
f 337/280/271 338/281/272 345/288/279 344/287/278
f 338/281/272 339/282/273 346/289/280 345/288/279
f 339/282/273 340/283/274 347/290/281 346/289/280
f 340/283/274 341/284/275 348/291/282 347/290/281
f 9/292/203 138/293/283 300/243/234 13/294/284
f 138/293/283 137/295/285 301/244/235 300/243/234
f 137/295/285 136/296/286 302/247/238 301/244/235
f 136/296/286 135/297/287 303/249/240 302/247/238
f 135/297/287 134/298/288 304/251/242 303/249/240
f 134/298/288 133/299/289 305/253/244 304/251/242
f 133/299/289 132/300/290 306/255/246 305/253/244
f 132/300/290 12/301/291 124/302/292 306/255/246
f 306/255/246 124/302/292 123/303/293 313/256/247
f 313/256/247 123/303/293 122/304/294 320/263/254
f 320/263/254 122/304/294 121/305/295 327/270/261
f 327/270/261 121/305/295 120/306/296 334/277/268
f 334/277/268 120/306/296 119/307/297 341/284/275
f 341/284/275 119/307/297 118/308/298 348/291/282
f 348/291/282 118/308/298 4/131/131 75/309/133
f 347/290/281 348/291/282 75/309/133 74/310/153
f 346/289/280 347/290/281 74/310/153 73/311/152
f 345/288/279 346/289/280 73/311/152 72/312/151
f 344/287/278 345/288/279 72/312/151 71/313/150
f 343/285/276 344/287/278 71/313/150 70/314/149
f 342/286/277 343/285/276 70/314/149 69/315/147
f 19/316/299 342/286/277 69/315/147 8/317/148
f 18/318/300 335/279/270 342/286/277 19/316/299
f 17/319/301 328/272/263 335/279/270 18/318/300
f 16/320/302 321/265/256 328/272/263 17/319/301
f 15/321/303 314/258/249 321/265/256 16/320/302
f 14/322/304 307/246/237 314/258/249 15/321/303
f 13/294/284 300/243/234 307/246/237 14/322/304
f 349/323/305 350/324/306 357/325/307 356/326/308
f 350/324/306 351/327/309 358/328/310 357/325/307
f 351/327/309 352/329/311 359/330/312 358/328/310
f 352/329/311 353/331/313 360/332/314 359/330/312
f 353/331/313 354/333/315 361/334/316 360/332/314
f 354/333/315 355/335/317 362/336/318 361/334/316
f 356/326/308 357/325/307 364/337/319 363/338/320
f 357/325/307 358/328/310 365/339/321 364/337/319
f 358/328/310 359/330/312 366/340/322 365/339/321
f 359/330/312 360/332/314 367/341/323 366/340/322
f 360/332/314 361/334/316 368/342/324 367/341/323
f 361/334/316 362/336/318 369/343/325 368/342/324
f 363/338/320 364/337/319 371/344/326 370/345/327
f 364/337/319 365/339/321 372/346/328 371/344/326
f 365/339/321 366/340/322 373/347/329 372/346/328
f 366/340/322 367/341/323 374/348/330 373/347/329
f 367/341/323 368/342/324 375/349/331 374/348/330
f 368/342/324 369/343/325 376/350/332 375/349/331
f 370/345/327 371/344/326 378/351/333 377/352/334
f 371/344/326 372/346/328 379/353/335 378/351/333
f 372/346/328 373/347/329 380/354/336 379/353/335
f 373/347/329 374/348/330 381/355/337 380/354/336
f 374/348/330 375/349/331 382/356/338 381/355/337
f 375/349/331 376/350/332 383/357/339 382/356/338
f 377/352/334 378/351/333 385/358/340 384/359/341
f 378/351/333 379/353/335 386/360/342 385/358/340
f 379/353/335 380/354/336 387/361/343 386/360/342
f 380/354/336 381/355/337 388/362/344 387/361/343
f 381/355/337 382/356/338 389/363/345 388/362/344
f 382/356/338 383/357/339 390/364/346 389/363/345
f 384/359/341 385/358/340 392/365/347 391/366/348
f 385/358/340 386/360/342 393/367/349 392/365/347
f 386/360/342 387/361/343 394/368/350 393/367/349
f 387/361/343 388/362/344 395/369/351 394/368/350
f 388/362/344 389/363/345 396/370/352 395/369/351
f 389/363/345 390/364/346 397/371/353 396/370/352
f 12/301/291 131/372/354 349/323/305 124/302/292
f 131/372/354 130/373/355 350/324/306 349/323/305
f 130/373/355 129/374/356 351/327/309 350/324/306
f 129/374/356 128/375/357 352/329/311 351/327/309
f 128/375/357 127/376/358 353/331/313 352/329/311
f 127/376/358 126/377/359 354/333/315 353/331/313
f 126/377/359 125/378/360 355/335/317 354/333/315
f 125/378/360 10/50/50 62/52/52 355/335/317
f 355/335/317 62/52/52 63/81/81 362/336/318
f 362/336/318 63/81/81 64/80/80 369/343/325
f 369/343/325 64/80/80 65/79/79 376/350/332
f 376/350/332 65/79/79 66/78/78 383/357/339
f 383/357/339 66/78/78 67/77/77 390/364/346
f 390/364/346 67/77/77 68/75/75 397/371/353
f 397/371/353 68/75/75 3/76/76 41/139/139
f 396/370/352 397/371/353 41/139/139 42/138/138
f 395/369/351 396/370/352 42/138/138 43/137/137
f 394/368/350 395/369/351 43/137/137 44/136/136
f 393/367/349 394/368/350 44/136/136 45/135/135
f 392/365/347 393/367/349 45/135/135 46/134/134
f 391/366/348 392/365/347 46/134/134 47/132/132
f 118/308/298 391/366/348 47/132/132 4/131/131
f 119/307/297 384/359/341 391/366/348 118/308/298
f 120/306/296 377/352/334 384/359/341 119/307/297
f 121/305/295 370/345/327 377/352/334 120/306/296
f 122/304/294 363/338/320 370/345/327 121/305/295
f 123/303/293 356/326/308 363/338/320 122/304/294
f 124/302/292 349/323/305 356/326/308 123/303/293
f 398/379/361 399/380/362 406/381/363 405/382/364
f 399/380/362 400/383/365 407/384/366 406/381/363
f 400/383/365 401/385/367 408/386/368 407/384/366
f 401/385/367 402/387/369 409/388/370 408/386/368
f 402/387/369 403/389/371 410/390/372 409/388/370
f 403/389/371 404/391/373 411/392/374 410/390/372
f 405/382/364 406/381/363 413/393/375 412/394/376
f 406/381/363 407/384/366 414/395/377 413/393/375
f 407/384/366 408/386/368 415/396/378 414/395/377
f 408/386/368 409/388/370 416/397/379 415/396/378
f 409/388/370 410/390/372 417/398/380 416/397/379
f 410/390/372 411/392/374 418/399/381 417/398/380
f 412/394/376 413/393/375 420/400/382 419/401/383
f 413/393/375 414/395/377 421/402/384 420/400/382
f 414/395/377 415/396/378 422/403/385 421/402/384
f 415/396/378 416/397/379 423/404/386 422/403/385
f 416/397/379 417/398/380 424/405/387 423/404/386
f 417/398/380 418/399/381 425/406/388 424/405/387
f 419/401/383 420/400/382 427/407/389 426/408/390
f 420/400/382 421/402/384 428/409/391 427/407/389
f 421/402/384 422/403/385 429/410/392 428/409/391
f 422/403/385 423/404/386 430/411/393 429/410/392
f 423/404/386 424/405/387 431/412/394 430/411/393
f 424/405/387 425/406/388 432/413/395 431/412/394
f 426/408/390 427/407/389 434/414/396 433/415/397
f 427/407/389 428/409/391 435/416/398 434/414/396
f 428/409/391 429/410/392 436/417/399 435/416/398
f 429/410/392 430/411/393 437/418/400 436/417/399
f 430/411/393 431/412/394 438/419/401 437/418/400
f 431/412/394 432/413/395 439/420/402 438/419/401
f 433/415/397 434/414/396 441/421/403 440/422/404
f 434/414/396 435/416/398 442/423/405 441/421/403
f 435/416/398 436/417/399 443/424/406 442/423/405
f 436/417/399 437/418/400 444/425/407 443/424/406
f 437/418/400 438/419/401 445/426/408 444/425/407
f 438/419/401 439/420/402 446/427/409 445/426/408
f 6/237/228 54/235/226 398/379/361 26/428/410
f 54/235/226 53/234/225 399/380/362 398/379/361
f 53/234/225 52/233/224 400/383/365 399/380/362
f 52/233/224 51/232/223 401/385/367 400/383/365
f 51/232/223 50/231/222 402/387/369 401/385/367
f 50/231/222 49/230/221 403/389/371 402/387/369
f 49/230/221 48/229/220 404/391/373 403/389/371
f 48/229/220 5/228/219 83/429/411 404/391/373
f 404/391/373 83/429/411 84/430/412 411/392/374
f 411/392/374 84/430/412 85/431/413 418/399/381
f 418/399/381 85/431/413 86/432/414 425/406/388
f 425/406/388 86/432/414 87/433/415 432/413/395
f 432/413/395 87/433/415 88/434/416 439/420/402
f 439/420/402 88/434/416 89/435/417 446/427/409
f 446/427/409 89/435/417 1/436/418 27/437/419
f 445/426/408 446/427/409 27/437/419 28/438/420
f 444/425/407 445/426/408 28/438/420 29/439/421
f 443/424/406 444/425/407 29/439/421 30/440/422
f 442/423/405 443/424/406 30/440/422 31/441/423
f 441/421/403 442/423/405 31/441/423 32/442/424
f 440/422/404 441/421/403 32/442/424 33/443/425
f 20/444/426 440/422/404 33/443/425 2/445/427
f 21/446/428 433/415/397 440/422/404 20/444/426
f 22/447/429 426/408/390 433/415/397 21/446/428
f 23/448/430 419/401/383 426/408/390 22/447/429
f 24/449/431 412/394/376 419/401/383 23/448/430
f 25/450/432 405/382/364 412/394/376 24/449/431
f 26/428/410 398/379/361 405/382/364 25/450/432
f 447/451/433 448/452/434 455/453/435 454/454/436
f 448/452/434 449/455/437 456/456/438 455/453/435
f 449/455/437 450/457/439 457/458/440 456/456/438
f 450/457/439 451/459/441 458/460/442 457/458/440
f 451/459/441 452/461/443 459/462/444 458/460/442
f 452/461/443 453/463/445 460/464/446 459/462/444
f 454/454/436 455/453/435 462/465/447 461/466/448
f 455/453/435 456/456/438 463/467/449 462/465/447
f 456/456/438 457/458/440 464/468/450 463/467/449
f 457/458/440 458/460/442 465/469/451 464/468/450
f 458/460/442 459/462/444 466/470/452 465/469/451
f 459/462/444 460/464/446 467/471/453 466/470/452
f 461/466/448 462/465/447 469/472/454 468/473/455
f 462/465/447 463/467/449 470/474/456 469/472/454
f 463/467/449 464/468/450 471/475/457 470/474/456
f 464/468/450 465/469/451 472/476/458 471/475/457
f 465/469/451 466/470/452 473/477/459 472/476/458
f 466/470/452 467/471/453 474/478/460 473/477/459
f 468/473/455 469/472/454 476/479/461 475/480/462
f 469/472/454 470/474/456 477/481/463 476/479/461
f 470/474/456 471/475/457 478/482/464 477/481/463
f 471/475/457 472/476/458 479/483/465 478/482/464
f 472/476/458 473/477/459 480/484/466 479/483/465
f 473/477/459 474/478/460 481/485/467 480/484/466
f 475/480/462 476/479/461 483/486/468 482/487/469
f 476/479/461 477/481/463 484/488/470 483/486/468
f 477/481/463 478/482/464 485/489/471 484/488/470
f 478/482/464 479/483/465 486/490/472 485/489/471
f 479/483/465 480/484/466 487/491/473 486/490/472
f 480/484/466 481/485/467 488/492/474 487/491/473
f 482/487/469 483/486/468 490/493/475 489/494/476
f 483/486/468 484/488/470 491/495/477 490/493/475
f 484/488/470 485/489/471 492/496/478 491/495/477
f 485/489/471 486/490/472 493/497/479 492/496/478
f 486/490/472 487/491/473 494/498/480 493/497/479
f 487/491/473 488/492/474 495/499/481 494/498/480
f 2/445/427 33/443/425 447/451/433 96/500/482
f 33/443/425 32/442/424 448/452/434 447/451/433
f 32/442/424 31/441/423 449/455/437 448/452/434
f 31/441/423 30/440/422 450/457/439 449/455/437
f 30/440/422 29/439/421 451/459/441 450/457/439
f 29/439/421 28/438/420 452/461/443 451/459/441
f 28/438/420 27/437/419 453/463/445 452/461/443
f 27/437/419 1/436/418 104/501/483 453/463/445
f 453/463/445 104/501/483 105/502/484 460/464/446
f 460/464/446 105/502/484 106/503/485 467/471/453
f 467/471/453 106/503/485 107/504/486 474/478/460
f 474/478/460 107/504/486 108/505/487 481/485/467
f 481/485/467 108/505/487 109/506/488 488/492/474
f 488/492/474 109/506/488 110/507/489 495/499/481
f 495/499/481 110/507/489 10/50/50 125/378/360
f 494/498/480 495/499/481 125/378/360 126/377/359
f 493/497/479 494/498/480 126/377/359 127/376/358
f 492/496/478 493/497/479 127/376/358 128/375/357
f 491/495/477 492/496/478 128/375/357 129/374/356
f 490/493/475 491/495/477 129/374/356 130/373/355
f 489/494/476 490/493/475 130/373/355 131/372/354
f 90/508/490 489/494/476 131/372/354 12/301/291
f 91/509/491 482/487/469 489/494/476 90/508/490
f 92/510/492 475/480/462 482/487/469 91/509/491
f 93/511/493 468/473/455 475/480/462 92/510/492
f 94/512/494 461/466/448 468/473/455 93/511/493
f 95/513/495 454/454/436 461/466/448 94/512/494
f 96/500/482 447/451/433 454/454/436 95/513/495
f 496/514/496 497/515/497 504/516/498 503/517/499
f 497/515/497 498/518/500 505/519/501 504/516/498
f 498/518/500 499/520/502 506/521/503 505/519/501
f 499/520/502 500/522/504 507/523/505 506/521/503
f 500/522/504 501/524/506 508/525/507 507/523/505
f 501/524/506 502/526/508 509/527/509 508/525/507
f 503/517/499 504/516/498 511/528/510 510/529/511
f 504/516/498 505/519/501 512/530/512 511/528/510
f 505/519/501 506/521/503 513/531/513 512/530/512
f 506/521/503 507/523/505 514/532/514 513/531/513
f 507/523/505 508/525/507 515/533/515 514/532/514
f 508/525/507 509/527/509 516/534/516 515/533/515
f 510/529/511 511/528/510 518/535/517 517/536/518
f 511/528/510 512/530/512 519/537/519 518/535/517
f 512/530/512 513/531/513 520/538/520 519/537/519
f 513/531/513 514/532/514 521/539/521 520/538/520
f 514/532/514 515/533/515 522/540/522 521/539/521
f 515/533/515 516/534/516 523/541/523 522/540/522
f 517/536/518 518/535/517 525/542/524 524/543/525
f 518/535/517 519/537/519 526/544/526 525/542/524
f 519/537/519 520/538/520 527/545/527 526/544/526
f 520/538/520 521/539/521 528/546/528 527/545/527
f 521/539/521 522/540/522 529/547/529 528/546/528
f 522/540/522 523/541/523 530/548/530 529/547/529
f 524/543/525 525/542/524 532/549/531 531/550/532
f 525/542/524 526/544/526 533/551/533 532/549/531
f 526/544/526 527/545/527 534/552/534 533/551/533
f 527/545/527 528/546/528 535/553/535 534/552/534
f 528/546/528 529/547/529 536/554/536 535/553/535
f 529/547/529 530/548/530 537/555/537 536/554/536
f 531/550/532 532/549/531 539/556/538 538/557/539
f 532/549/531 533/551/533 540/558/540 539/556/538
f 533/551/533 534/552/534 541/559/541 540/558/540
f 534/552/534 535/553/535 542/560/542 541/559/541
f 535/553/535 536/554/536 543/561/543 542/560/542
f 536/554/536 537/555/537 544/562/544 543/561/543
f 6/563/228 26/564/410 496/514/496 97/565/227
f 26/564/410 25/566/432 497/515/497 496/514/496
f 25/566/432 24/567/431 498/518/500 497/515/497
f 24/567/431 23/568/430 499/520/502 498/518/500
f 23/568/430 22/569/429 500/522/504 499/520/502
f 22/569/429 21/570/428 501/524/506 500/522/504
f 21/570/428 20/571/426 502/526/508 501/524/506
f 20/571/426 2/445/427 96/500/482 502/526/508
f 502/526/508 96/500/482 95/513/495 509/527/509
f 509/527/509 95/513/495 94/512/494 516/534/516
f 516/534/516 94/512/494 93/511/493 523/541/523
f 523/541/523 93/511/493 92/510/492 530/548/530
f 530/548/530 92/510/492 91/509/491 537/555/537
f 537/555/537 91/509/491 90/508/490 544/562/544
f 544/562/544 90/508/490 12/301/291 132/300/290
f 543/561/543 544/562/544 132/300/290 133/299/289
f 542/560/542 543/561/543 133/299/289 134/298/288
f 541/559/541 542/560/542 134/298/288 135/297/287
f 540/558/540 541/559/541 135/297/287 136/296/286
f 539/556/538 540/558/540 136/296/286 137/295/285
f 538/557/539 539/556/538 137/295/285 138/293/283
f 103/572/205 538/557/539 138/293/283 9/292/203
f 102/573/233 531/550/532 538/557/539 103/572/205
f 101/574/232 524/543/525 531/550/532 102/573/233
f 100/575/231 517/536/518 524/543/525 101/574/232
f 99/576/230 510/529/511 517/536/518 100/575/231
f 98/577/229 503/517/499 510/529/511 99/576/230
f 97/565/227 496/514/496 503/517/499 98/577/229
f 545/578/545 546/579/546 553/580/547 552/581/548
f 546/579/546 547/582/549 554/583/550 553/580/547
f 547/582/549 548/584/551 555/585/552 554/583/550
f 548/584/551 549/586/553 556/587/554 555/585/552
f 549/586/553 550/588/555 557/589/556 556/587/554
f 550/588/555 551/590/557 558/591/558 557/589/556
f 552/581/548 553/580/547 560/592/559 559/593/560
f 553/580/547 554/583/550 561/594/561 560/592/559
f 554/583/550 555/585/552 562/595/562 561/594/561
f 555/585/552 556/587/554 563/596/563 562/595/562
f 556/587/554 557/589/556 564/597/564 563/596/563
f 557/589/556 558/591/558 565/598/565 564/597/564
f 559/593/560 560/592/559 567/599/566 566/600/567
f 560/592/559 561/594/561 568/601/568 567/599/566
f 561/594/561 562/595/562 569/602/569 568/601/568
f 562/595/562 563/596/563 570/603/570 569/602/569
f 563/596/563 564/597/564 571/604/571 570/603/570
f 564/597/564 565/598/565 572/605/572 571/604/571
f 566/600/567 567/599/566 574/606/573 573/607/574
f 567/599/566 568/601/568 575/608/575 574/606/573
f 568/601/568 569/602/569 576/609/576 575/608/575
f 569/602/569 570/603/570 577/610/577 576/609/576
f 570/603/570 571/604/571 578/611/578 577/610/577
f 571/604/571 572/605/572 579/612/579 578/611/578
f 573/607/574 574/606/573 581/613/580 580/614/581
f 574/606/573 575/608/575 582/615/582 581/613/580
f 575/608/575 576/609/576 583/616/583 582/615/582
f 576/609/576 577/610/577 584/617/584 583/616/583
f 577/610/577 578/611/578 585/618/585 584/617/584
f 578/611/578 579/612/579 586/619/586 585/618/585
f 580/614/581 581/613/580 588/620/587 587/621/588
f 581/613/580 582/615/582 589/622/589 588/620/587
f 582/615/582 583/616/583 590/623/590 589/622/589
f 583/616/583 584/617/584 591/624/591 590/623/590
f 584/617/584 585/618/585 592/625/592 591/624/591
f 585/618/585 586/619/586 593/626/593 592/625/592
f 8/627/148 34/628/146 545/578/545 19/629/299
f 34/628/146 35/630/145 546/579/546 545/578/545
f 35/630/145 36/631/144 547/582/549 546/579/546
f 36/631/144 37/632/143 548/584/551 547/582/549
f 37/632/143 38/633/142 549/586/553 548/584/551
f 38/633/142 39/634/141 550/588/555 549/586/553
f 39/634/141 40/635/140 551/590/557 550/588/555
f 40/635/140 7/636/67 111/637/66 551/590/557
f 551/590/557 111/637/66 112/638/65 558/591/558
f 558/591/558 112/638/65 113/639/64 565/598/565
f 565/598/565 113/639/64 114/640/63 572/605/572
f 572/605/572 114/640/63 115/641/62 579/612/579
f 579/612/579 115/641/62 116/642/61 586/619/586
f 586/619/586 116/642/61 117/643/60 593/626/593
f 593/626/593 117/643/60 11/220/59 139/219/211
f 592/625/592 593/626/593 139/219/211 140/218/210
f 591/624/591 592/625/592 140/218/210 141/217/209
f 590/623/590 591/624/591 141/217/209 142/216/208
f 589/622/589 590/623/590 142/216/208 143/215/207
f 588/620/587 589/622/589 143/215/207 144/214/206
f 587/621/588 588/620/587 144/214/206 145/212/204
f 13/644/284 587/621/588 145/212/204 9/211/203
f 14/645/304 580/614/581 587/621/588 13/644/284
f 15/646/303 573/607/574 580/614/581 14/645/304
f 16/647/302 566/600/567 573/607/574 15/646/303
f 17/648/301 559/593/560 566/600/567 16/647/302
f 18/649/300 552/581/548 559/593/560 17/648/301
f 19/629/299 545/578/545 552/581/548 18/649/300
f 594/650/594 595/651/595 602/652/596 601/653/597
f 595/651/595 596/654/598 603/655/599 602/652/596
f 596/654/598 597/656/600 604/657/601 603/655/599
f 597/656/600 598/658/602 605/659/603 604/657/601
f 598/658/602 599/660/604 606/661/605 605/659/603
f 599/660/604 600/662/606 607/663/607 606/661/605
f 601/653/597 602/652/596 609/664/608 608/665/609
f 602/652/596 603/655/599 610/666/610 609/664/608
f 603/655/599 604/657/601 611/667/611 610/666/610
f 604/657/601 605/659/603 612/668/612 611/667/611
f 605/659/603 606/661/605 613/669/613 612/668/612
f 606/661/605 607/663/607 614/670/614 613/669/613
f 608/665/609 609/664/608 616/671/615 615/672/616
f 609/664/608 610/666/610 617/673/617 616/671/615
f 610/666/610 611/667/611 618/674/618 617/673/617
f 611/667/611 612/668/612 619/675/619 618/674/618
f 612/668/612 613/669/613 620/676/620 619/675/619
f 613/669/613 614/670/614 621/677/621 620/676/620
f 615/672/616 616/671/615 623/678/622 622/679/623
f 616/671/615 617/673/617 624/680/624 623/678/622
f 617/673/617 618/674/618 625/681/625 624/680/624
f 618/674/618 619/675/619 626/682/626 625/681/625
f 619/675/619 620/676/620 627/683/627 626/682/626
f 620/676/620 621/677/621 628/684/628 627/683/627
f 622/679/623 623/678/622 630/685/629 629/686/630
f 623/678/622 624/680/624 631/687/631 630/685/629
f 624/680/624 625/681/625 632/688/632 631/687/631
f 625/681/625 626/682/626 633/689/633 632/688/632
f 626/682/626 627/683/627 634/690/634 633/689/633
f 627/683/627 628/684/628 635/691/635 634/690/634
f 629/686/630 630/685/629 637/692/636 636/693/637
f 630/685/629 631/687/631 638/694/638 637/692/636
f 631/687/631 632/688/632 639/695/639 638/694/638
f 632/688/632 633/689/633 640/696/640 639/695/639
f 633/689/633 634/690/634 641/697/641 640/696/640
f 634/690/634 635/691/635 642/698/642 641/697/641
f 1/436/418 89/699/417 594/650/594 104/501/483
f 89/699/417 88/700/416 595/651/595 594/650/594
f 88/700/416 87/701/415 596/654/598 595/651/595
f 87/701/415 86/702/414 597/656/600 596/654/598
f 86/702/414 85/703/413 598/658/602 597/656/600
f 85/703/413 84/704/412 599/660/604 598/658/602
f 84/704/412 83/705/411 600/662/606 599/660/604
f 83/705/411 5/706/219 82/707/218 600/662/606
f 600/662/606 82/707/218 81/708/217 607/663/607
f 607/663/607 81/708/217 80/709/216 614/670/614
f 614/670/614 80/709/216 79/710/215 621/677/621
f 621/677/621 79/710/215 78/711/214 628/684/628
f 628/684/628 78/711/214 77/712/213 635/691/635
f 635/691/635 77/712/213 76/713/212 642/698/642
f 642/698/642 76/713/212 11/59/59 146/58/58
f 641/697/641 642/698/642 146/58/58 147/57/57
f 640/696/640 641/697/641 147/57/57 148/56/56
f 639/695/639 640/696/640 148/56/56 149/55/55
f 638/694/638 639/695/639 149/55/55 150/54/54
f 637/692/636 638/694/638 150/54/54 151/53/53
f 636/693/637 637/692/636 151/53/53 152/51/51
f 110/507/489 636/693/637 152/51/51 10/50/50
f 109/506/488 629/686/630 636/693/637 110/507/489
f 108/505/487 622/679/623 629/686/630 109/506/488
f 107/504/486 615/672/616 622/679/623 108/505/487
f 106/503/485 608/665/609 615/672/616 107/504/486
f 105/502/484 601/653/597 608/665/609 106/503/485
f 104/501/483 594/650/594 601/653/597 105/502/484
o Cubo.002
v -0.488259 0.258486 0.483471
v -0.488259 0.536997 0.483471
v -0.488259 0.258486 0.128176
v -0.488259 0.536997 0.128176
v -0.209748 0.258486 0.483471
v -0.209748 0.536997 0.483471
v -0.209748 0.258486 0.128176
v -0.209748 0.536997 0.128176
v -0.498039 0.248706 0.157008
v -0.508571 0.238174 0.200425
v -0.516009 0.230737 0.251321
v -0.518774 0.227971 0.305823
v -0.516008 0.230737 0.360326
v -0.508571 0.238174 0.411221
v -0.498039 0.248706 0.454638
v -0.498039 0.281088 0.495947
v -0.508571 0.315122 0.509383
v -0.516008 0.355019 0.518871
v -0.518774 0.397743 0.522399
v -0.516008 0.440465 0.518871
v -0.508571 0.480362 0.509384
v -0.498039 0.514396 0.495948
v -0.498039 0.546777 0.454638
v -0.508571 0.557309 0.411221
v -0.516008 0.564746 0.360326
v -0.518774 0.567512 0.305823
v -0.516009 0.564746 0.251321
v -0.508571 0.557309 0.200425
v -0.498039 0.546777 0.157008
v -0.498039 0.514396 0.115699
v -0.508571 0.480362 0.102263
v -0.516009 0.440465 0.092775
v -0.518774 0.397742 0.089246
v -0.516008 0.355018 0.092775
v -0.508571 0.315122 0.102263
v -0.498039 0.281088 0.115699
v -0.232350 0.248706 0.115699
v -0.266383 0.238174 0.102263
v -0.306280 0.230737 0.092775
v -0.349003 0.227971 0.089246
v -0.391727 0.230737 0.092775
v -0.431623 0.238174 0.102263
v -0.465657 0.248706 0.115699
v -0.465657 0.546777 0.115699
v -0.431623 0.557309 0.102263
v -0.391727 0.564746 0.092776
v -0.349003 0.567512 0.089246
v -0.306280 0.564746 0.092776
v -0.266383 0.557309 0.102263
v -0.232350 0.546777 0.115699
v -0.199968 0.514396 0.115699
v -0.189435 0.480362 0.102263
v -0.181999 0.440465 0.092776
v -0.179232 0.397742 0.089246
v -0.181999 0.355018 0.092776
v -0.189435 0.315122 0.102263
v -0.199968 0.281088 0.115699
v -0.199968 0.248706 0.454638
v -0.189435 0.238174 0.411222
v -0.181999 0.230737 0.360326
v -0.179232 0.227971 0.305823
v -0.181999 0.230737 0.251321
v -0.189435 0.238174 0.200425
v -0.199968 0.248706 0.157008
v -0.199968 0.546777 0.157008
v -0.189435 0.557309 0.200425
v -0.181999 0.564746 0.251321
v -0.179232 0.567512 0.305823
v -0.181999 0.564746 0.360326
v -0.189435 0.557309 0.411221
v -0.199968 0.546777 0.454638
v -0.199968 0.514396 0.495948
v -0.189435 0.480362 0.509384
v -0.181999 0.440465 0.518871
v -0.179232 0.397743 0.522400
v -0.181999 0.355019 0.518871
v -0.189435 0.315122 0.509383
v -0.199968 0.281088 0.495947
v -0.465657 0.248706 0.495948
v -0.431623 0.238174 0.509384
v -0.391727 0.230737 0.518871
v -0.349003 0.227971 0.522400
v -0.306280 0.230737 0.518871
v -0.266383 0.238174 0.509384
v -0.232350 0.248706 0.495947
v -0.232350 0.546777 0.495947
v -0.266383 0.557309 0.509383
v -0.306280 0.564746 0.518871
v -0.349003 0.567512 0.522399
v -0.391727 0.564746 0.518871
v -0.431623 0.557309 0.509384
v -0.465657 0.546777 0.495948
v -0.519023 0.277492 0.459225
v -0.533971 0.313358 0.467590
v -0.543411 0.354268 0.474374
v -0.546731 0.397743 0.477070
v -0.543411 0.441215 0.474374
v -0.533971 0.482125 0.467590
v -0.519023 0.517991 0.459225
v -0.533971 0.270935 0.413471
v -0.552035 0.309690 0.418153
v -0.563023 0.352647 0.422385
v -0.566751 0.397743 0.424187
v -0.563023 0.442838 0.422385
v -0.552035 0.485795 0.418153
v -0.533971 0.524548 0.413471
v -0.543411 0.265616 0.361282
v -0.563023 0.306371 0.363351
v -0.574838 0.351068 0.365364
v -0.578792 0.397743 0.366264
v -0.574838 0.444416 0.365364
v -0.563023 0.489113 0.363351
v -0.543411 0.529867 0.361282
v -0.546731 0.263503 0.305823
v -0.566750 0.304958 0.305823
v -0.578792 0.350363 0.305823
v -0.582815 0.397743 0.305823
v -0.578792 0.445120 0.305823
v -0.566751 0.490524 0.305823
v -0.546731 0.531980 0.305823
v -0.543411 0.265616 0.250365
v -0.563023 0.306371 0.248295
v -0.574838 0.351068 0.246282
v -0.578792 0.397743 0.245381
v -0.574838 0.444416 0.246282
v -0.563023 0.489113 0.248295
v -0.543411 0.529867 0.250365
v -0.533971 0.270935 0.198174
v -0.552035 0.309689 0.193494
v -0.563023 0.352647 0.189262
v -0.566751 0.397742 0.187460
v -0.563023 0.442837 0.189262
v -0.552035 0.485795 0.193495
v -0.533971 0.524548 0.198174
v -0.519023 0.277492 0.152421
v -0.533971 0.313358 0.144056
v -0.543411 0.354268 0.137271
v -0.546731 0.397742 0.134575
v -0.543411 0.441215 0.137271
v -0.533971 0.482125 0.144056
v -0.519023 0.517991 0.152421
v -0.469253 0.277492 0.088929
v -0.475810 0.313358 0.069860
v -0.481129 0.354268 0.057817
v -0.483242 0.397742 0.053582
v -0.481129 0.441215 0.057817
v -0.475810 0.482125 0.069860
v -0.469253 0.517991 0.088929
v -0.433387 0.270935 0.069860
v -0.437056 0.309689 0.046817
v -0.440374 0.352647 0.032799
v -0.441787 0.397742 0.028043
v -0.440374 0.442837 0.032799
v -0.437056 0.485795 0.046817
v -0.433387 0.524548 0.069860
v -0.392477 0.265616 0.057817
v -0.394098 0.306371 0.032799
v -0.395677 0.351068 0.017728
v -0.396382 0.397742 0.012682
v -0.395677 0.444416 0.017728
v -0.394098 0.489113 0.032799
v -0.392477 0.529867 0.057817
v -0.349003 0.263503 0.053582
v -0.349003 0.304958 0.028043
v -0.349003 0.350363 0.012682
v -0.349003 0.397742 0.007551
v -0.349003 0.445120 0.012682
v -0.349003 0.490524 0.028043
v -0.349003 0.531980 0.053582
v -0.305530 0.265616 0.057817
v -0.303908 0.306371 0.032799
v -0.302330 0.351068 0.017728
v -0.301625 0.397742 0.012682
v -0.302330 0.444416 0.017728
v -0.303908 0.489113 0.032799
v -0.305530 0.529867 0.057817
v -0.264619 0.270935 0.069860
v -0.260951 0.309689 0.046817
v -0.257632 0.352647 0.032799
v -0.256221 0.397742 0.028043
v -0.257632 0.442837 0.032799
v -0.260951 0.485795 0.046817
v -0.264619 0.524548 0.069860
v -0.228754 0.277492 0.088929
v -0.222197 0.313358 0.069860
v -0.216878 0.354268 0.057817
v -0.214765 0.397742 0.053582
v -0.216878 0.441215 0.057817
v -0.222197 0.482125 0.069860
v -0.228754 0.517991 0.088929
v -0.178984 0.277492 0.152421
v -0.164036 0.313358 0.144056
v -0.154596 0.354268 0.137271
v -0.151275 0.397742 0.134575
v -0.154596 0.441215 0.137271
v -0.164036 0.482125 0.144056
v -0.178984 0.517991 0.152421
v -0.164036 0.270935 0.198174
v -0.145972 0.309689 0.193494
v -0.134984 0.352647 0.189261
v -0.131256 0.397742 0.187460
v -0.134984 0.442837 0.189261
v -0.145972 0.485795 0.193494
v -0.164036 0.524548 0.198174
v -0.154596 0.265616 0.250365
v -0.134984 0.306371 0.248295
v -0.123170 0.351068 0.246282
v -0.119215 0.397743 0.245381
v -0.123170 0.444416 0.246282
v -0.134984 0.489113 0.248295
v -0.154596 0.529867 0.250365
v -0.151275 0.263503 0.305823
v -0.131256 0.304958 0.305823
v -0.119215 0.350363 0.305823
v -0.115193 0.397743 0.305823
v -0.119215 0.445120 0.305823
v -0.131256 0.490524 0.305823
v -0.151275 0.531980 0.305823
v -0.154596 0.265616 0.361282
v -0.134984 0.306371 0.363351
v -0.123170 0.351068 0.365364
v -0.119215 0.397743 0.366264
v -0.123170 0.444416 0.365364
v -0.134984 0.489113 0.363351
v -0.154596 0.529867 0.361282
v -0.164036 0.270935 0.413471
v -0.145972 0.309690 0.418153
v -0.134984 0.352647 0.422385
v -0.131256 0.397743 0.424187
v -0.134984 0.442838 0.422385
v -0.145972 0.485795 0.418153
v -0.164036 0.524548 0.413471
v -0.178984 0.277492 0.459225
v -0.164036 0.313358 0.467590
v -0.154596 0.354268 0.474374
v -0.151275 0.397743 0.477070
v -0.154596 0.441215 0.474374
v -0.164036 0.482125 0.467590
v -0.178984 0.517991 0.459225
v -0.228754 0.277492 0.522716
v -0.222197 0.313358 0.541786
v -0.216878 0.354268 0.553828
v -0.214765 0.397743 0.558065
v -0.216878 0.441215 0.553828
v -0.222197 0.482125 0.541786
v -0.228754 0.517991 0.522716
v -0.264619 0.270935 0.541786
v -0.260951 0.309690 0.564830
v -0.257632 0.352647 0.578846
v -0.256221 0.397743 0.583603
v -0.257632 0.442838 0.578846
v -0.260951 0.485795 0.564830
v -0.264619 0.524548 0.541786
v -0.305530 0.265616 0.553828
v -0.303908 0.306371 0.578846
v -0.302330 0.351068 0.593919
v -0.301625 0.397743 0.598963
v -0.302330 0.444416 0.593919
v -0.303908 0.489113 0.578846
v -0.305530 0.529867 0.553828
v -0.349003 0.263503 0.558065
v -0.349003 0.304958 0.583603
v -0.349003 0.350363 0.598963
v -0.349003 0.397743 0.604096
v -0.349003 0.445120 0.598963
v -0.349003 0.490524 0.583603
v -0.349003 0.531980 0.558065
v -0.392477 0.265616 0.553828
v -0.394098 0.306371 0.578846
v -0.395677 0.351068 0.593919
v -0.396382 0.397743 0.598963
v -0.395677 0.444416 0.593919
v -0.394098 0.489113 0.578846
v -0.392477 0.529867 0.553828
v -0.433387 0.270935 0.541786
v -0.437056 0.309690 0.564830
v -0.440374 0.352647 0.578846
v -0.441787 0.397743 0.583603
v -0.440374 0.442838 0.578846
v -0.437056 0.485795 0.564830
v -0.433387 0.524548 0.541786
v -0.469253 0.277492 0.522716
v -0.475810 0.313358 0.541786
v -0.481129 0.354268 0.553828
v -0.483242 0.397743 0.558065
v -0.481129 0.441215 0.553828
v -0.475810 0.482125 0.541786
v -0.469253 0.517991 0.522716
v -0.469253 0.227722 0.152421
v -0.433387 0.212774 0.144056
v -0.392477 0.203334 0.137271
v -0.349003 0.200014 0.134574
v -0.305530 0.203334 0.137271
v -0.264619 0.212774 0.144056
v -0.228754 0.227722 0.152421
v -0.475810 0.212774 0.198174
v -0.437056 0.194710 0.193494
v -0.394098 0.183723 0.189261
v -0.349003 0.179994 0.187460
v -0.303908 0.183723 0.189261
v -0.260951 0.194710 0.193494
v -0.222197 0.212774 0.198174
v -0.481129 0.203334 0.250365
v -0.440374 0.183723 0.248295
v -0.395677 0.171908 0.246282
v -0.349003 0.167954 0.245381
v -0.302330 0.171908 0.246282
v -0.257632 0.183723 0.248295
v -0.216878 0.203334 0.250365
v -0.483242 0.200014 0.305823
v -0.441787 0.179994 0.305823
v -0.396382 0.167954 0.305823
v -0.349003 0.163930 0.305823
v -0.301625 0.167954 0.305823
v -0.256221 0.179994 0.305823
v -0.214765 0.200014 0.305823
v -0.481129 0.203334 0.361282
v -0.440374 0.183723 0.363351
v -0.395677 0.171908 0.365364
v -0.349003 0.167954 0.366264
v -0.302330 0.171908 0.365364
v -0.257632 0.183723 0.363351
v -0.216878 0.203334 0.361282
v -0.475810 0.212774 0.413471
v -0.437056 0.194710 0.418153
v -0.394098 0.183723 0.422385
v -0.349003 0.179994 0.424187
v -0.303908 0.183723 0.422385
v -0.260951 0.194710 0.418153
v -0.222197 0.212774 0.413471
v -0.469253 0.227722 0.459225
v -0.433387 0.212774 0.467590
v -0.392477 0.203334 0.474374
v -0.349003 0.200014 0.477070
v -0.305530 0.203334 0.474374
v -0.264619 0.212774 0.467590
v -0.228754 0.227722 0.459225
v -0.228754 0.567761 0.152421
v -0.264619 0.582709 0.144056
v -0.305530 0.592148 0.137271
v -0.349003 0.595470 0.134575
v -0.392477 0.592148 0.137271
v -0.433387 0.582709 0.144056
v -0.469253 0.567761 0.152421
v -0.222197 0.582709 0.198174
v -0.260951 0.600772 0.193494
v -0.303908 0.611761 0.189261
v -0.349003 0.615489 0.187460
v -0.394098 0.611761 0.189261
v -0.437056 0.600772 0.193494
v -0.475810 0.582709 0.198174
v -0.216878 0.592148 0.250365
v -0.257632 0.611762 0.248295
v -0.302330 0.623575 0.246282
v -0.349003 0.627530 0.245381
v -0.395677 0.623575 0.246282
v -0.440374 0.611762 0.248295
v -0.481129 0.592148 0.250365
v -0.214765 0.595470 0.305823
v -0.256221 0.615489 0.305823
v -0.301625 0.627530 0.305823
v -0.349003 0.631553 0.305823
v -0.396382 0.627530 0.305823
v -0.441787 0.615489 0.305823
v -0.483242 0.595470 0.305823
v -0.216878 0.592148 0.361282
v -0.257632 0.611762 0.363351
v -0.302330 0.623575 0.365364
v -0.349003 0.627530 0.366264
v -0.395677 0.623575 0.365364
v -0.440374 0.611762 0.363351
v -0.481129 0.592148 0.361282
v -0.222197 0.582709 0.413471
v -0.260951 0.600772 0.418153
v -0.303908 0.611762 0.422385
v -0.349003 0.615489 0.424187
v -0.394098 0.611762 0.422385
v -0.437056 0.600772 0.418153
v -0.475810 0.582709 0.413471
v -0.228754 0.567762 0.459225
v -0.264619 0.582709 0.467590
v -0.305530 0.592148 0.474374
v -0.349003 0.595470 0.477070
v -0.392477 0.592148 0.474374
v -0.433387 0.582709 0.467590
v -0.469253 0.567762 0.459225
vn -0.7685 -0.5036 0.3947
vn -0.8383 -0.3487 0.4192
vn -0.8971 -0.3478 0.2726
vn -0.8129 -0.5185 0.2651
vn -0.8821 -0.1818 0.4346
vn -0.9443 -0.1764 0.2777
vn -0.8979 -0.0000 0.4403
vn -0.9601 -0.0000 0.2795
vn -0.8821 0.1818 0.4346
vn -0.9443 0.1764 0.2777
vn -0.8383 0.3487 0.4192
vn -0.8970 0.3478 0.2727
vn -0.7683 0.5036 0.3951
vn -0.8129 0.5185 0.2651
vn -0.9276 -0.3480 0.1358
vn -0.8389 -0.5272 0.1353
vn -0.9755 -0.1731 0.1357
vn -0.9908 -0.0000 0.1355
vn -0.9755 0.1731 0.1357
vn -0.9276 0.3480 0.1358
vn -0.8387 0.5273 0.1359
vn -0.9374 -0.3481 -0.0000
vn -0.8478 -0.5303 -0.0000
vn -0.9851 -0.1719 -0.0000
vn -1.0000 -0.0000 -0.0000
vn -0.9851 0.1719 -0.0000
vn -0.9374 0.3481 -0.0000
vn -0.8478 0.5303 -0.0000
vn -0.9276 -0.3480 -0.1357
vn -0.8388 -0.5272 -0.1356
vn -0.9755 -0.1731 -0.1358
vn -0.9908 -0.0000 -0.1355
vn -0.9755 0.1731 -0.1357
vn -0.9276 0.3480 -0.1359
vn -0.8390 0.5271 -0.1353
vn -0.8971 -0.3478 -0.2726
vn -0.8128 -0.5186 -0.2654
vn -0.9443 -0.1764 -0.2777
vn -0.9601 -0.0000 -0.2795
vn -0.9443 0.1764 -0.2777
vn -0.8971 0.3478 -0.2725
vn -0.8129 0.5185 -0.2651
vn -0.8383 -0.3487 -0.4192
vn -0.7684 -0.5036 -0.3950
vn -0.8821 -0.1818 -0.4346
vn -0.8979 -0.0000 -0.4402
vn -0.8821 0.1818 -0.4346
vn -0.8383 0.3487 -0.4191
vn -0.7684 0.5036 -0.3950
vn -0.6185 -0.6184 0.4848
vn -0.6803 -0.5028 0.5333
vn -0.6543 -0.6543 0.3792
vn -0.7348 -0.3582 0.5760
vn -0.7727 -0.1901 0.6057
vn -0.7870 -0.0000 0.6169
vn -0.7727 0.1901 0.6057
vn -0.7348 0.3582 0.5760
vn -0.6803 0.5028 0.5333
vn -0.6185 0.6185 0.4847
vn -0.6543 0.6543 0.3792
vn -0.6825 0.6825 0.2613
vn -0.7006 0.7006 0.1355
vn -0.7071 0.7071 -0.0000
vn -0.7006 0.7006 -0.1355
vn -0.6825 0.6825 -0.2613
vn -0.6543 0.6543 -0.3792
vn -0.6185 0.6185 -0.4847
vn -0.6803 0.5028 -0.5333
vn -0.7348 0.3583 -0.5760
vn -0.7726 0.1902 -0.6057
vn -0.7870 -0.0000 -0.6169
vn -0.7726 -0.1902 -0.6057
vn -0.7348 -0.3583 -0.5760
vn -0.6803 -0.5028 -0.5333
vn -0.6543 -0.6543 -0.3792
vn -0.6185 -0.6184 -0.4847
vn -0.6825 -0.6825 -0.2613
vn -0.7006 -0.7006 -0.1355
vn -0.7071 -0.7071 -0.0000
vn -0.7006 -0.7006 0.1355
vn -0.6825 -0.6825 0.2613
vn -0.5399 -0.5399 -0.6458
vn -0.5837 -0.3806 -0.7173
vn -0.4053 -0.4053 -0.8194
vn -0.3806 -0.5837 -0.7173
vn -0.6128 -0.2009 -0.7643
vn -0.4221 -0.2102 -0.8819
vn -0.6237 -0.0000 -0.7817
vn -0.4281 -0.0000 -0.9037
vn -0.6128 0.2009 -0.7643
vn -0.4221 0.2102 -0.8819
vn -0.5837 0.3806 -0.7173
vn -0.4053 0.4053 -0.8194
vn -0.5399 0.5399 -0.6458
vn -0.3806 0.5837 -0.7173
vn -0.2102 -0.4221 -0.8819
vn -0.2009 -0.6128 -0.7643
vn -0.2156 -0.2156 -0.9524
vn -0.2173 -0.0000 -0.9761
vn -0.2156 0.2156 -0.9524
vn -0.2102 0.4221 -0.8819
vn -0.2009 0.6128 -0.7643
vn -0.0000 -0.4281 -0.9037
vn -0.0000 -0.6237 -0.7817
vn -0.0000 -0.2173 -0.9761
vn -0.0000 -0.0000 -1.0000
vn -0.0000 0.2173 -0.9761
vn -0.0000 0.4281 -0.9037
vn -0.0000 0.6237 -0.7816
vn 0.2102 -0.4221 -0.8819
vn 0.2009 -0.6128 -0.7643
vn 0.2156 -0.2156 -0.9524
vn 0.2175 -0.0000 -0.9761
vn 0.2156 0.2156 -0.9524
vn 0.2102 0.4221 -0.8819
vn 0.2009 0.6128 -0.7643
vn 0.4053 -0.4053 -0.8194
vn 0.3806 -0.5837 -0.7173
vn 0.4221 -0.2102 -0.8819
vn 0.4281 -0.0000 -0.9037
vn 0.4221 0.2102 -0.8819
vn 0.4053 0.4053 -0.8194
vn 0.3806 0.5837 -0.7173
vn 0.5837 -0.3806 -0.7173
vn 0.5398 -0.5399 -0.6459
vn 0.6128 -0.2009 -0.7643
vn 0.6237 -0.0000 -0.7816
vn 0.6128 0.2009 -0.7643
vn 0.5837 0.3806 -0.7173
vn 0.5399 0.5399 -0.6458
vn -0.5028 -0.6803 -0.5333
vn -0.5028 0.6803 -0.5333
vn -0.3582 0.7348 -0.5760
vn -0.1902 0.7726 -0.6057
vn -0.0000 0.7870 -0.6169
vn 0.1902 0.7726 -0.6057
vn 0.3582 0.7348 -0.5760
vn 0.5028 0.6803 -0.5333
vn 0.6185 0.6185 -0.4847
vn 0.6803 0.5028 -0.5333
vn 0.7348 0.3582 -0.5760
vn 0.7726 0.1902 -0.6057
vn 0.7870 -0.0000 -0.6169
vn 0.7727 -0.1902 -0.6056
vn 0.7348 -0.3582 -0.5760
vn 0.6803 -0.5028 -0.5333
vn 0.5028 -0.6803 -0.5333
vn 0.6185 -0.6185 -0.4847
vn 0.3582 -0.7348 -0.5760
vn 0.1902 -0.7726 -0.6057
vn -0.0000 -0.7870 -0.6169
vn -0.1902 -0.7726 -0.6057
vn -0.3582 -0.7348 -0.5760
vn 0.7684 -0.5036 -0.3949
vn 0.8383 -0.3487 -0.4192
vn 0.8971 -0.3478 -0.2726
vn 0.8130 -0.5185 -0.2651
vn 0.8821 -0.1818 -0.4346
vn 0.9443 -0.1764 -0.2779
vn 0.8979 -0.0000 -0.4402
vn 0.9601 -0.0000 -0.2795
vn 0.8821 0.1818 -0.4346
vn 0.9443 0.1764 -0.2779
vn 0.8382 0.3487 -0.4193
vn 0.8971 0.3478 -0.2726
vn 0.7684 0.5036 -0.3949
vn 0.8129 0.5185 -0.2651
vn 0.9275 -0.3481 -0.1364
vn 0.8387 -0.5273 -0.1359
vn 0.9755 -0.1731 -0.1357
vn 0.9908 -0.0000 -0.1355
vn 0.9755 0.1731 -0.1356
vn 0.9276 0.3480 -0.1359
vn 0.8387 0.5273 -0.1359
vn 0.9375 -0.3481 -0.0000
vn 0.8478 -0.5303 -0.0000
vn 0.9851 -0.1719 -0.0000
vn 1.0000 -0.0000 -0.0000
vn 0.9851 0.1719 -0.0000
vn 0.9375 0.3481 -0.0000
vn 0.8478 0.5303 -0.0000
vn 0.9276 -0.3480 0.1358
vn 0.8388 -0.5272 0.1356
vn 0.9755 -0.1731 0.1357
vn 0.9908 -0.0000 0.1357
vn 0.9755 0.1731 0.1357
vn 0.9276 0.3480 0.1359
vn 0.8387 0.5273 0.1359
vn 0.8971 -0.3478 0.2726
vn 0.8126 -0.5186 0.2657
vn 0.9443 -0.1764 0.2777
vn 0.9601 -0.0000 0.2795
vn 0.9443 0.1764 0.2777
vn 0.8971 0.3478 0.2726
vn 0.8129 0.5185 0.2651
vn 0.8383 -0.3487 0.4191
vn 0.7685 -0.5036 0.3948
vn 0.8821 -0.1818 0.4346
vn 0.8979 -0.0000 0.4402
vn 0.8821 0.1818 0.4346
vn 0.8383 0.3487 0.4191
vn 0.7685 0.5036 0.3947
vn 0.6543 -0.6543 -0.3793
vn 0.6543 0.6543 -0.3793
vn 0.6826 0.6826 -0.2607
vn 0.7006 0.7006 -0.1355
vn 0.7071 0.7071 -0.0000
vn 0.7006 0.7006 0.1355
vn 0.6825 0.6825 0.2613
vn 0.6543 0.6543 0.3792
vn 0.6184 0.6185 0.4847
vn 0.6803 0.5028 0.5333
vn 0.7348 0.3582 0.5760
vn 0.7726 0.1902 0.6057
vn 0.7870 -0.0000 0.6169
vn 0.7726 -0.1902 0.6057
vn 0.7348 -0.3582 0.5760
vn 0.6803 -0.5028 0.5333
vn 0.6543 -0.6543 0.3793
vn 0.6185 -0.6185 0.4847
vn 0.6825 -0.6825 0.2613
vn 0.7006 -0.7006 0.1355
vn 0.7071 -0.7071 -0.0000
vn 0.7006 -0.7006 -0.1355
vn 0.6826 -0.6826 -0.2608
vn 0.5398 -0.5397 0.6460
vn 0.5837 -0.3806 0.7173
vn 0.4053 -0.4053 0.8194
vn 0.3806 -0.5836 0.7173
vn 0.6128 -0.2009 0.7643
vn 0.4221 -0.2102 0.8819
vn 0.6237 -0.0000 0.7817
vn 0.4281 -0.0000 0.9037
vn 0.6128 0.2009 0.7643
vn 0.4221 0.2102 0.8819
vn 0.5837 0.3806 0.7173
vn 0.4053 0.4053 0.8194
vn 0.5398 0.5399 0.6458
vn 0.3806 0.5837 0.7173
vn 0.2102 -0.4221 0.8819
vn 0.2009 -0.6128 0.7643
vn 0.2156 -0.2156 0.9524
vn 0.2173 -0.0000 0.9761
vn 0.2156 0.2156 0.9524
vn 0.2102 0.4221 0.8819
vn 0.2009 0.6128 0.7643
vn -0.0000 -0.4281 0.9037
vn -0.0000 -0.6237 0.7817
vn -0.0000 -0.2173 0.9761
vn -0.0000 -0.0000 1.0000
vn -0.0000 0.2173 0.9761
vn -0.0000 0.4281 0.9037
vn -0.0000 0.6237 0.7816
vn -0.2102 -0.4221 0.8819
vn -0.2009 -0.6128 0.7643
vn -0.2156 -0.2156 0.9524
vn -0.2173 -0.0000 0.9761
vn -0.2156 0.2156 0.9524
vn -0.2102 0.4221 0.8819
vn -0.2009 0.6128 0.7643
vn -0.4053 -0.4053 0.8194
vn -0.3806 -0.5837 0.7173
vn -0.4221 -0.2102 0.8819
vn -0.4281 -0.0000 0.9037
vn -0.4221 0.2102 0.8819
vn -0.4053 0.4053 0.8194
vn -0.3806 0.5837 0.7173
vn -0.5837 -0.3806 0.7173
vn -0.5399 -0.5398 0.6459
vn -0.6128 -0.2009 0.7643
vn -0.6237 -0.0000 0.7816
vn -0.6128 0.2009 0.7643
vn -0.5837 0.3806 0.7173
vn -0.5399 0.5399 0.6458
vn 0.5028 -0.6803 0.5333
vn 0.5028 0.6803 0.5333
vn 0.3582 0.7348 0.5760
vn 0.1901 0.7727 0.6057
vn -0.0000 0.7870 0.6169
vn -0.1901 0.7727 0.6057
vn -0.3582 0.7348 0.5760
vn -0.5028 0.6803 0.5333
vn -0.5028 -0.6803 0.5333
vn -0.3582 -0.7348 0.5760
vn -0.1901 -0.7727 0.6057
vn -0.0000 -0.7870 0.6169
vn 0.1901 -0.7727 0.6057
vn 0.3582 -0.7348 0.5760
vn -0.5036 -0.7685 -0.3947
vn -0.3487 -0.8383 -0.4191
vn -0.3478 -0.8970 -0.2728
vn -0.5185 -0.8129 -0.2651
vn -0.1818 -0.8821 -0.4346
vn -0.1764 -0.9443 -0.2777
vn -0.0000 -0.8979 -0.4402
vn -0.0000 -0.9601 -0.2795
vn 0.1818 -0.8821 -0.4346
vn 0.1764 -0.9443 -0.2779
vn 0.3487 -0.8383 -0.4191
vn 0.3478 -0.8971 -0.2726
vn 0.5036 -0.7684 -0.3949
vn 0.5185 -0.8130 -0.2651
vn -0.3481 -0.9275 -0.1364
vn -0.5273 -0.8387 -0.1359
vn -0.1731 -0.9755 -0.1355
vn -0.0000 -0.9908 -0.1356
vn 0.1731 -0.9755 -0.1357
vn 0.3480 -0.9276 -0.1358
vn 0.5272 -0.8389 -0.1353
vn -0.3481 -0.9375 -0.0000
vn -0.5303 -0.8478 -0.0000
vn -0.1719 -0.9851 -0.0000
vn -0.0000 -1.0000 -0.0000
vn 0.1719 -0.9851 -0.0000
vn 0.3481 -0.9375 -0.0000
vn 0.5303 -0.8478 -0.0000
vn -0.3480 -0.9276 0.1357
vn -0.5270 -0.8390 0.1351
vn -0.1731 -0.9755 0.1358
vn -0.0000 -0.9908 0.1357
vn 0.1731 -0.9755 0.1357
vn 0.3481 -0.9275 0.1364
vn 0.5272 -0.8389 0.1354
vn -0.3478 -0.8971 0.2725
vn -0.5185 -0.8129 0.2651
vn -0.1764 -0.9443 0.2777
vn -0.0000 -0.9601 0.2795
vn 0.1764 -0.9443 0.2777
vn 0.3478 -0.8971 0.2725
vn 0.5185 -0.8129 0.2651
vn -0.3487 -0.8383 0.4191
vn -0.5036 -0.7685 0.3948
vn -0.1818 -0.8821 0.4346
vn -0.0000 -0.8979 0.4402
vn 0.1818 -0.8821 0.4346
vn 0.3487 -0.8383 0.4191
vn 0.5036 -0.7685 0.3948
vn 0.5036 0.7684 -0.3949
vn 0.3487 0.8383 -0.4191
vn 0.3478 0.8970 -0.2728
vn 0.5185 0.8130 -0.2651
vn 0.1818 0.8821 -0.4346
vn 0.1764 0.9443 -0.2777
vn -0.0000 0.8979 -0.4402
vn -0.0000 0.9601 -0.2795
vn -0.1818 0.8821 -0.4346
vn -0.1764 0.9443 -0.2777
vn -0.3487 0.8383 -0.4192
vn -0.3478 0.8970 -0.2727
vn -0.5036 0.7684 -0.3950
vn -0.5185 0.8129 -0.2651
vn 0.3480 0.9276 -0.1359
vn 0.5272 0.8388 -0.1356
vn 0.1731 0.9755 -0.1357
vn -0.0000 0.9908 -0.1357
vn -0.1731 0.9755 -0.1358
vn -0.3481 0.9275 -0.1364
vn -0.5272 0.8389 -0.1354
vn 0.3481 0.9375 -0.0000
vn 0.5303 0.8478 -0.0000
vn 0.1719 0.9851 -0.0000
vn -0.0000 1.0000 -0.0000
vn -0.1719 0.9851 -0.0000
vn -0.3481 0.9374 -0.0000
vn -0.5303 0.8478 -0.0000
vn 0.3481 0.9275 0.1364
vn 0.5272 0.8389 0.1354
vn 0.1731 0.9755 0.1356
vn -0.0000 0.9908 0.1355
vn -0.1731 0.9755 0.1357
vn -0.3481 0.9275 0.1364
vn -0.5273 0.8387 0.1359
vn 0.3478 0.8970 0.2729
vn 0.5185 0.8129 0.2652
vn 0.1764 0.9443 0.2777
vn -0.0000 0.9601 0.2795
vn -0.1764 0.9443 0.2777
vn -0.3478 0.8970 0.2727
vn -0.5185 0.8129 0.2651
vn 0.3487 0.8382 0.4193
vn 0.5036 0.7685 0.3948
vn 0.1818 0.8821 0.4346
vn -0.0000 0.8979 0.4403
vn -0.1818 0.8821 0.4346
vn -0.3487 0.8382 0.4192
vn -0.5036 0.7685 0.3948
vt 0.406250 0.031250
vt 0.437500 0.031250
vt 0.437500 0.062500
vt 0.406250 0.062500
vt 0.468750 0.031250
vt 0.468750 0.062500
vt 0.500000 0.031250
vt 0.500000 0.062500
vt 0.531250 0.031250
vt 0.531250 0.062500
vt 0.562500 0.031250
vt 0.562500 0.062500
vt 0.593750 0.031250
vt 0.593750 0.062500
vt 0.437500 0.093750
vt 0.406250 0.093750
vt 0.468750 0.093750
vt 0.500000 0.093750
vt 0.531250 0.093750
vt 0.562500 0.093750
vt 0.593750 0.093750
vt 0.437500 0.125000
vt 0.406250 0.125000
vt 0.468750 0.125000
vt 0.500000 0.125000
vt 0.531250 0.125000
vt 0.562500 0.125000
vt 0.593750 0.125000
vt 0.437500 0.156250
vt 0.406250 0.156250
vt 0.468750 0.156250
vt 0.500000 0.156250
vt 0.531250 0.156250
vt 0.562500 0.156250
vt 0.593750 0.156250
vt 0.437500 0.187500
vt 0.406250 0.187500
vt 0.468750 0.187500
vt 0.500000 0.187500
vt 0.531250 0.187500
vt 0.562500 0.187500
vt 0.593750 0.187500
vt 0.437500 0.218750
vt 0.406250 0.218750
vt 0.468750 0.218750
vt 0.500000 0.218750
vt 0.531250 0.218750
vt 0.562500 0.218750
vt 0.593750 0.218750
vt 0.375000 0.000000
vt 0.406250 0.000000
vt 0.375000 0.031250
vt 0.437500 0.000000
vt 0.468750 0.000000
vt 0.500000 0.000000
vt 0.531250 0.000000
vt 0.562500 0.000000
vt 0.593750 0.000000
vt 0.625000 0.000000
vt 0.625000 0.031250
vt 0.625000 0.062500
vt 0.625000 0.093750
vt 0.625000 0.125000
vt 0.625000 0.156250
vt 0.625000 0.187500
vt 0.625000 0.218750
vt 0.625000 0.250000
vt 0.593750 0.250000
vt 0.562500 0.250000
vt 0.531250 0.250000
vt 0.500000 0.250000
vt 0.468750 0.250000
vt 0.437500 0.250000
vt 0.406250 0.250000
vt 0.375000 0.218750
vt 0.375000 0.250000
vt 0.375000 0.187500
vt 0.375000 0.156250
vt 0.375000 0.125000
vt 0.375000 0.093750
vt 0.375000 0.062500
vt 0.406250 0.281250
vt 0.437500 0.281250
vt 0.437500 0.312500
vt 0.406250 0.312500
vt 0.468750 0.281250
vt 0.468750 0.312500
vt 0.500000 0.281250
vt 0.500000 0.312500
vt 0.531250 0.281250
vt 0.531250 0.312500
vt 0.562500 0.281250
vt 0.562500 0.312500
vt 0.593750 0.281250
vt 0.593750 0.312500
vt 0.437500 0.343750
vt 0.406250 0.343750
vt 0.468750 0.343750
vt 0.500000 0.343750
vt 0.531250 0.343750
vt 0.562500 0.343750
vt 0.593750 0.343750
vt 0.437500 0.375000
vt 0.406250 0.375000
vt 0.468750 0.375000
vt 0.500000 0.375000
vt 0.531250 0.375000
vt 0.562500 0.375000
vt 0.593750 0.375000
vt 0.437500 0.406250
vt 0.406250 0.406250
vt 0.468750 0.406250
vt 0.500000 0.406250
vt 0.531250 0.406250
vt 0.562500 0.406250
vt 0.593750 0.406250
vt 0.437500 0.437500
vt 0.406250 0.437500
vt 0.468750 0.437500
vt 0.500000 0.437500
vt 0.531250 0.437500
vt 0.562500 0.437500
vt 0.593750 0.437500
vt 0.437500 0.468750
vt 0.406250 0.468750
vt 0.468750 0.468750
vt 0.500000 0.468750
vt 0.531250 0.468750
vt 0.562500 0.468750
vt 0.593750 0.468750
vt 0.375000 0.281250
vt 0.625000 0.281250
vt 0.625000 0.312500
vt 0.625000 0.343750
vt 0.625000 0.375000
vt 0.625000 0.406250
vt 0.625000 0.437500
vt 0.625000 0.468750
vt 0.625000 0.500000
vt 0.593750 0.500000
vt 0.562500 0.500000
vt 0.531250 0.500000
vt 0.500000 0.500000
vt 0.468750 0.500000
vt 0.437500 0.500000
vt 0.406250 0.500000
vt 0.375000 0.468750
vt 0.375000 0.500000
vt 0.375000 0.437500
vt 0.375000 0.406250
vt 0.375000 0.375000
vt 0.375000 0.343750
vt 0.375000 0.312500
vt 0.406250 0.531250
vt 0.437500 0.531250
vt 0.437500 0.562500
vt 0.406250 0.562500
vt 0.468750 0.531250
vt 0.468750 0.562500
vt 0.500000 0.531250
vt 0.500000 0.562500
vt 0.531250 0.531250
vt 0.531250 0.562500
vt 0.562500 0.531250
vt 0.562500 0.562500
vt 0.593750 0.531250
vt 0.593750 0.562500
vt 0.437500 0.593750
vt 0.406250 0.593750
vt 0.468750 0.593750
vt 0.500000 0.593750
vt 0.531250 0.593750
vt 0.562500 0.593750
vt 0.593750 0.593750
vt 0.437500 0.625000
vt 0.406250 0.625000
vt 0.468750 0.625000
vt 0.500000 0.625000
vt 0.531250 0.625000
vt 0.562500 0.625000
vt 0.593750 0.625000
vt 0.437500 0.656250
vt 0.406250 0.656250
vt 0.468750 0.656250
vt 0.500000 0.656250
vt 0.531250 0.656250
vt 0.562500 0.656250
vt 0.593750 0.656250
vt 0.437500 0.687500
vt 0.406250 0.687500
vt 0.468750 0.687500
vt 0.500000 0.687500
vt 0.531250 0.687500
vt 0.562500 0.687500
vt 0.593750 0.687500
vt 0.437500 0.718750
vt 0.406250 0.718750
vt 0.468750 0.718750
vt 0.500000 0.718750
vt 0.531250 0.718750
vt 0.562500 0.718750
vt 0.593750 0.718750
vt 0.375000 0.531250
vt 0.625000 0.531250
vt 0.625000 0.562500
vt 0.625000 0.593750
vt 0.625000 0.625000
vt 0.625000 0.656250
vt 0.625000 0.687500
vt 0.625000 0.718750
vt 0.625000 0.750000
vt 0.593750 0.750000
vt 0.562500 0.750000
vt 0.531250 0.750000
vt 0.500000 0.750000
vt 0.468750 0.750000
vt 0.437500 0.750000
vt 0.406250 0.750000
vt 0.375000 0.718750
vt 0.375000 0.750000
vt 0.375000 0.687500
vt 0.375000 0.656250
vt 0.375000 0.625000
vt 0.375000 0.593750
vt 0.375000 0.562500
vt 0.406250 0.781250
vt 0.437500 0.781250
vt 0.437500 0.812500
vt 0.406250 0.812500
vt 0.468750 0.781250
vt 0.468750 0.812500
vt 0.500000 0.781250
vt 0.500000 0.812500
vt 0.531250 0.781250
vt 0.531250 0.812500
vt 0.562500 0.781250
vt 0.562500 0.812500
vt 0.593750 0.781250
vt 0.593750 0.812500
vt 0.437500 0.843750
vt 0.406250 0.843750
vt 0.468750 0.843750
vt 0.500000 0.843750
vt 0.531250 0.843750
vt 0.562500 0.843750
vt 0.593750 0.843750
vt 0.437500 0.875000
vt 0.406250 0.875000
vt 0.468750 0.875000
vt 0.500000 0.875000
vt 0.531250 0.875000
vt 0.562500 0.875000
vt 0.593750 0.875000
vt 0.437500 0.906250
vt 0.406250 0.906250
vt 0.468750 0.906250
vt 0.500000 0.906250
vt 0.531250 0.906250
vt 0.562500 0.906250
vt 0.593750 0.906250
vt 0.437500 0.937500
vt 0.406250 0.937500
vt 0.468750 0.937500
vt 0.500000 0.937500
vt 0.531250 0.937500
vt 0.562500 0.937500
vt 0.593750 0.937500
vt 0.437500 0.968750
vt 0.406250 0.968750
vt 0.468750 0.968750
vt 0.500000 0.968750
vt 0.531250 0.968750
vt 0.562500 0.968750
vt 0.593750 0.968750
vt 0.375000 0.781250
vt 0.625000 0.781250
vt 0.625000 0.812500
vt 0.625000 0.843750
vt 0.625000 0.875000
vt 0.625000 0.906250
vt 0.625000 0.937500
vt 0.625000 0.968750
vt 0.625000 1.000000
vt 0.593750 1.000000
vt 0.562500 1.000000
vt 0.531250 1.000000
vt 0.500000 1.000000
vt 0.468750 1.000000
vt 0.437500 1.000000
vt 0.406250 1.000000
vt 0.375000 0.968750
vt 0.375000 1.000000
vt 0.375000 0.937500
vt 0.375000 0.906250
vt 0.375000 0.875000
vt 0.375000 0.843750
vt 0.375000 0.812500
vt 0.156250 0.531250
vt 0.187500 0.531250
vt 0.187500 0.562500
vt 0.156250 0.562500
vt 0.218750 0.531250
vt 0.218750 0.562500
vt 0.250000 0.531250
vt 0.250000 0.562500
vt 0.281250 0.531250
vt 0.281250 0.562500
vt 0.312500 0.531250
vt 0.312500 0.562500
vt 0.343750 0.531250
vt 0.343750 0.562500
vt 0.187500 0.593750
vt 0.156250 0.593750
vt 0.218750 0.593750
vt 0.250000 0.593750
vt 0.281250 0.593750
vt 0.312500 0.593750
vt 0.343750 0.593750
vt 0.187500 0.625000
vt 0.156250 0.625000
vt 0.218750 0.625000
vt 0.250000 0.625000
vt 0.281250 0.625000
vt 0.312500 0.625000
vt 0.343750 0.625000
vt 0.187500 0.656250
vt 0.156250 0.656250
vt 0.218750 0.656250
vt 0.250000 0.656250
vt 0.281250 0.656250
vt 0.312500 0.656250
vt 0.343750 0.656250
vt 0.187500 0.687500
vt 0.156250 0.687500
vt 0.218750 0.687500
vt 0.250000 0.687500
vt 0.281250 0.687500
vt 0.312500 0.687500
vt 0.343750 0.687500
vt 0.187500 0.718750
vt 0.156250 0.718750
vt 0.218750 0.718750
vt 0.250000 0.718750
vt 0.281250 0.718750
vt 0.312500 0.718750
vt 0.343750 0.718750
vt 0.125000 0.500000
vt 0.156250 0.500000
vt 0.125000 0.531250
vt 0.187500 0.500000
vt 0.218750 0.500000
vt 0.250000 0.500000
vt 0.281250 0.500000
vt 0.312500 0.500000
vt 0.343750 0.500000
vt 0.343750 0.750000
vt 0.312500 0.750000
vt 0.281250 0.750000
vt 0.250000 0.750000
vt 0.218750 0.750000
vt 0.187500 0.750000
vt 0.156250 0.750000
vt 0.125000 0.718750
vt 0.125000 0.750000
vt 0.125000 0.687500
vt 0.125000 0.656250
vt 0.125000 0.625000
vt 0.125000 0.593750
vt 0.125000 0.562500
vt 0.656250 0.531250
vt 0.687500 0.531250
vt 0.687500 0.562500
vt 0.656250 0.562500
vt 0.718750 0.531250
vt 0.718750 0.562500
vt 0.750000 0.531250
vt 0.750000 0.562500
vt 0.781250 0.531250
vt 0.781250 0.562500
vt 0.812500 0.531250
vt 0.812500 0.562500
vt 0.843750 0.531250
vt 0.843750 0.562500
vt 0.687500 0.593750
vt 0.656250 0.593750
vt 0.718750 0.593750
vt 0.750000 0.593750
vt 0.781250 0.593750
vt 0.812500 0.593750
vt 0.843750 0.593750
vt 0.687500 0.625000
vt 0.656250 0.625000
vt 0.718750 0.625000
vt 0.750000 0.625000
vt 0.781250 0.625000
vt 0.812500 0.625000
vt 0.843750 0.625000
vt 0.687500 0.656250
vt 0.656250 0.656250
vt 0.718750 0.656250
vt 0.750000 0.656250
vt 0.781250 0.656250
vt 0.812500 0.656250
vt 0.843750 0.656250
vt 0.687500 0.687500
vt 0.656250 0.687500
vt 0.718750 0.687500
vt 0.750000 0.687500
vt 0.781250 0.687500
vt 0.812500 0.687500
vt 0.843750 0.687500
vt 0.687500 0.718750
vt 0.656250 0.718750
vt 0.718750 0.718750
vt 0.750000 0.718750
vt 0.781250 0.718750
vt 0.812500 0.718750
vt 0.843750 0.718750
vt 0.656250 0.500000
vt 0.687500 0.500000
vt 0.718750 0.500000
vt 0.750000 0.500000
vt 0.781250 0.500000
vt 0.812500 0.500000
vt 0.843750 0.500000
vt 0.875000 0.500000
vt 0.875000 0.531250
vt 0.875000 0.562500
vt 0.875000 0.593750
vt 0.875000 0.625000
vt 0.875000 0.656250
vt 0.875000 0.687500
vt 0.875000 0.718750
vt 0.875000 0.750000
vt 0.843750 0.750000
vt 0.812500 0.750000
vt 0.781250 0.750000
vt 0.750000 0.750000
vt 0.718750 0.750000
vt 0.687500 0.750000
vt 0.656250 0.750000
s 1
usemtl ojos.001
f 735/714/643 736/715/644 743/716/645 742/717/646
f 736/715/644 737/718/647 744/719/648 743/716/645
f 737/718/647 738/720/649 745/721/650 744/719/648
f 738/720/649 739/722/651 746/723/652 745/721/650
f 739/722/651 740/724/653 747/725/654 746/723/652
f 740/724/653 741/726/655 748/727/656 747/725/654
f 742/717/646 743/716/645 750/728/657 749/729/658
f 743/716/645 744/719/648 751/730/659 750/728/657
f 744/719/648 745/721/650 752/731/660 751/730/659
f 745/721/650 746/723/652 753/732/661 752/731/660
f 746/723/652 747/725/654 754/733/662 753/732/661
f 747/725/654 748/727/656 755/734/663 754/733/662
f 749/729/658 750/728/657 757/735/664 756/736/665
f 750/728/657 751/730/659 758/737/666 757/735/664
f 751/730/659 752/731/660 759/738/667 758/737/666
f 752/731/660 753/732/661 760/739/668 759/738/667
f 753/732/661 754/733/662 761/740/669 760/739/668
f 754/733/662 755/734/663 762/741/670 761/740/669
f 756/736/665 757/735/664 764/742/671 763/743/672
f 757/735/664 758/737/666 765/744/673 764/742/671
f 758/737/666 759/738/667 766/745/674 765/744/673
f 759/738/667 760/739/668 767/746/675 766/745/674
f 760/739/668 761/740/669 768/747/676 767/746/675
f 761/740/669 762/741/670 769/748/677 768/747/676
f 763/743/672 764/742/671 771/749/678 770/750/679
f 764/742/671 765/744/673 772/751/680 771/749/678
f 765/744/673 766/745/674 773/752/681 772/751/680
f 766/745/674 767/746/675 774/753/682 773/752/681
f 767/746/675 768/747/676 775/754/683 774/753/682
f 768/747/676 769/748/677 776/755/684 775/754/683
f 770/750/679 771/749/678 778/756/685 777/757/686
f 771/749/678 772/751/680 779/758/687 778/756/685
f 772/751/680 773/752/681 780/759/688 779/758/687
f 773/752/681 774/753/682 781/760/689 780/759/688
f 774/753/682 775/754/683 782/761/690 781/760/689
f 775/754/683 776/755/684 783/762/691 782/761/690
f 643/763/692 658/764/693 735/714/643 657/765/694
f 658/764/693 659/766/695 736/715/644 735/714/643
f 659/766/695 660/767/696 737/718/647 736/715/644
f 660/767/696 661/768/697 738/720/649 737/718/647
f 661/768/697 662/769/698 739/722/651 738/720/649
f 662/769/698 663/770/699 740/724/653 739/722/651
f 663/770/699 664/771/700 741/726/655 740/724/653
f 664/771/700 644/772/701 665/773/702 741/726/655
f 741/726/655 665/773/702 666/774/703 748/727/656
f 748/727/656 666/774/703 667/775/704 755/734/663
f 755/734/663 667/775/704 668/776/705 762/741/670
f 762/741/670 668/776/705 669/777/706 769/748/677
f 769/748/677 669/777/706 670/778/707 776/755/684
f 776/755/684 670/778/707 671/779/708 783/762/691
f 783/762/691 671/779/708 646/780/709 672/781/710
f 782/761/690 783/762/691 672/781/710 673/782/711
f 781/760/689 782/761/690 673/782/711 674/783/712
f 780/759/688 781/760/689 674/783/712 675/784/713
f 779/758/687 780/759/688 675/784/713 676/785/714
f 778/756/685 779/758/687 676/785/714 677/786/715
f 777/757/686 778/756/685 677/786/715 678/787/716
f 651/788/717 777/757/686 678/787/716 645/789/718
f 652/790/719 770/750/679 777/757/686 651/788/717
f 653/791/720 763/743/672 770/750/679 652/790/719
f 654/792/721 756/736/665 763/743/672 653/791/720
f 655/793/722 749/729/658 756/736/665 654/792/721
f 656/794/723 742/717/646 749/729/658 655/793/722
f 657/765/694 735/714/643 742/717/646 656/794/723
f 784/795/724 785/796/725 792/797/726 791/798/727
f 785/796/725 786/799/728 793/800/729 792/797/726
f 786/799/728 787/801/730 794/802/731 793/800/729
f 787/801/730 788/803/732 795/804/733 794/802/731
f 788/803/732 789/805/734 796/806/735 795/804/733
f 789/805/734 790/807/736 797/808/737 796/806/735
f 791/798/727 792/797/726 799/809/738 798/810/739
f 792/797/726 793/800/729 800/811/740 799/809/738
f 793/800/729 794/802/731 801/812/741 800/811/740
f 794/802/731 795/804/733 802/813/742 801/812/741
f 795/804/733 796/806/735 803/814/743 802/813/742
f 796/806/735 797/808/737 804/815/744 803/814/743
f 798/810/739 799/809/738 806/816/745 805/817/746
f 799/809/738 800/811/740 807/818/747 806/816/745
f 800/811/740 801/812/741 808/819/748 807/818/747
f 801/812/741 802/813/742 809/820/749 808/819/748
f 802/813/742 803/814/743 810/821/750 809/820/749
f 803/814/743 804/815/744 811/822/751 810/821/750
f 805/817/746 806/816/745 813/823/752 812/824/753
f 806/816/745 807/818/747 814/825/754 813/823/752
f 807/818/747 808/819/748 815/826/755 814/825/754
f 808/819/748 809/820/749 816/827/756 815/826/755
f 809/820/749 810/821/750 817/828/757 816/827/756
f 810/821/750 811/822/751 818/829/758 817/828/757
f 812/824/753 813/823/752 820/830/759 819/831/760
f 813/823/752 814/825/754 821/832/761 820/830/759
f 814/825/754 815/826/755 822/833/762 821/832/761
f 815/826/755 816/827/756 823/834/763 822/833/762
f 816/827/756 817/828/757 824/835/764 823/834/763
f 817/828/757 818/829/758 825/836/765 824/835/764
f 819/831/760 820/830/759 827/837/766 826/838/767
f 820/830/759 821/832/761 828/839/768 827/837/766
f 821/832/761 822/833/762 829/840/769 828/839/768
f 822/833/762 823/834/763 830/841/770 829/840/769
f 823/834/763 824/835/764 831/842/771 830/841/770
f 824/835/764 825/836/765 832/843/772 831/842/771
f 645/789/718 678/787/716 784/795/724 685/844/773
f 678/787/716 677/786/715 785/796/725 784/795/724
f 677/786/715 676/785/714 786/799/728 785/796/725
f 676/785/714 675/784/713 787/801/730 786/799/728
f 675/784/713 674/783/712 788/803/732 787/801/730
f 674/783/712 673/782/711 789/805/734 788/803/732
f 673/782/711 672/781/710 790/807/736 789/805/734
f 672/781/710 646/780/709 686/845/774 790/807/736
f 790/807/736 686/845/774 687/846/775 797/808/737
f 797/808/737 687/846/775 688/847/776 804/815/744
f 804/815/744 688/847/776 689/848/777 811/822/751
f 811/822/751 689/848/777 690/849/778 818/829/758
f 818/829/758 690/849/778 691/850/779 825/836/765
f 825/836/765 691/850/779 692/851/780 832/843/772
f 832/843/772 692/851/780 650/852/781 693/853/782
f 831/842/771 832/843/772 693/853/782 694/854/783
f 830/841/770 831/842/771 694/854/783 695/855/784
f 829/840/769 830/841/770 695/855/784 696/856/785
f 828/839/768 829/840/769 696/856/785 697/857/786
f 827/837/766 828/839/768 697/857/786 698/858/787
f 826/838/767 827/837/766 698/858/787 699/859/788
f 679/860/789 826/838/767 699/859/788 649/861/790
f 680/862/791 819/831/760 826/838/767 679/860/789
f 681/863/792 812/824/753 819/831/760 680/862/791
f 682/864/793 805/817/746 812/824/753 681/863/792
f 683/865/794 798/810/739 805/817/746 682/864/793
f 684/866/795 791/798/727 798/810/739 683/865/794
f 685/844/773 784/795/724 791/798/727 684/866/795
f 833/867/796 834/868/797 841/869/798 840/870/799
f 834/868/797 835/871/800 842/872/801 841/869/798
f 835/871/800 836/873/802 843/874/803 842/872/801
f 836/873/802 837/875/804 844/876/805 843/874/803
f 837/875/804 838/877/806 845/878/807 844/876/805
f 838/877/806 839/879/808 846/880/809 845/878/807
f 840/870/799 841/869/798 848/881/810 847/882/811
f 841/869/798 842/872/801 849/883/812 848/881/810
f 842/872/801 843/874/803 850/884/813 849/883/812
f 843/874/803 844/876/805 851/885/814 850/884/813
f 844/876/805 845/878/807 852/886/815 851/885/814
f 845/878/807 846/880/809 853/887/816 852/886/815
f 847/882/811 848/881/810 855/888/817 854/889/818
f 848/881/810 849/883/812 856/890/819 855/888/817
f 849/883/812 850/884/813 857/891/820 856/890/819
f 850/884/813 851/885/814 858/892/821 857/891/820
f 851/885/814 852/886/815 859/893/822 858/892/821
f 852/886/815 853/887/816 860/894/823 859/893/822
f 854/889/818 855/888/817 862/895/824 861/896/825
f 855/888/817 856/890/819 863/897/826 862/895/824
f 856/890/819 857/891/820 864/898/827 863/897/826
f 857/891/820 858/892/821 865/899/828 864/898/827
f 858/892/821 859/893/822 866/900/829 865/899/828
f 859/893/822 860/894/823 867/901/830 866/900/829
f 861/896/825 862/895/824 869/902/831 868/903/832
f 862/895/824 863/897/826 870/904/833 869/902/831
f 863/897/826 864/898/827 871/905/834 870/904/833
f 864/898/827 865/899/828 872/906/835 871/905/834
f 865/899/828 866/900/829 873/907/836 872/906/835
f 866/900/829 867/901/830 874/908/837 873/907/836
f 868/903/832 869/902/831 876/909/838 875/910/839
f 869/902/831 870/904/833 877/911/840 876/909/838
f 870/904/833 871/905/834 878/912/841 877/911/840
f 871/905/834 872/906/835 879/913/842 878/912/841
f 872/906/835 873/907/836 880/914/843 879/913/842
f 873/907/836 874/908/837 881/915/844 880/914/843
f 649/861/790 699/859/788 833/867/796 706/916/845
f 699/859/788 698/858/787 834/868/797 833/867/796
f 698/858/787 697/857/786 835/871/800 834/868/797
f 697/857/786 696/856/785 836/873/802 835/871/800
f 696/856/785 695/855/784 837/875/804 836/873/802
f 695/855/784 694/854/783 838/877/806 837/875/804
f 694/854/783 693/853/782 839/879/808 838/877/806
f 693/853/782 650/852/781 707/917/846 839/879/808
f 839/879/808 707/917/846 708/918/847 846/880/809
f 846/880/809 708/918/847 709/919/848 853/887/816
f 853/887/816 709/919/848 710/920/849 860/894/823
f 860/894/823 710/920/849 711/921/850 867/901/830
f 867/901/830 711/921/850 712/922/851 874/908/837
f 874/908/837 712/922/851 713/923/852 881/915/844
f 881/915/844 713/923/852 648/924/853 714/925/854
f 880/914/843 881/915/844 714/925/854 715/926/855
f 879/913/842 880/914/843 715/926/855 716/927/856
f 878/912/841 879/913/842 716/927/856 717/928/857
f 877/911/840 878/912/841 717/928/857 718/929/858
f 876/909/838 877/911/840 718/929/858 719/930/859
f 875/910/839 876/909/838 719/930/859 720/931/860
f 700/932/861 875/910/839 720/931/860 647/933/862
f 701/934/863 868/903/832 875/910/839 700/932/861
f 702/935/864 861/896/825 868/903/832 701/934/863
f 703/936/865 854/889/818 861/896/825 702/935/864
f 704/937/866 847/882/811 854/889/818 703/936/865
f 705/938/867 840/870/799 847/882/811 704/937/866
f 706/916/845 833/867/796 840/870/799 705/938/867
f 882/939/868 883/940/869 890/941/870 889/942/871
f 883/940/869 884/943/872 891/944/873 890/941/870
f 884/943/872 885/945/874 892/946/875 891/944/873
f 885/945/874 886/947/876 893/948/877 892/946/875
f 886/947/876 887/949/878 894/950/879 893/948/877
f 887/949/878 888/951/880 895/952/881 894/950/879
f 889/942/871 890/941/870 897/953/882 896/954/883
f 890/941/870 891/944/873 898/955/884 897/953/882
f 891/944/873 892/946/875 899/956/885 898/955/884
f 892/946/875 893/948/877 900/957/886 899/956/885
f 893/948/877 894/950/879 901/958/887 900/957/886
f 894/950/879 895/952/881 902/959/888 901/958/887
f 896/954/883 897/953/882 904/960/889 903/961/890
f 897/953/882 898/955/884 905/962/891 904/960/889
f 898/955/884 899/956/885 906/963/892 905/962/891
f 899/956/885 900/957/886 907/964/893 906/963/892
f 900/957/886 901/958/887 908/965/894 907/964/893
f 901/958/887 902/959/888 909/966/895 908/965/894
f 903/961/890 904/960/889 911/967/896 910/968/897
f 904/960/889 905/962/891 912/969/898 911/967/896
f 905/962/891 906/963/892 913/970/899 912/969/898
f 906/963/892 907/964/893 914/971/900 913/970/899
f 907/964/893 908/965/894 915/972/901 914/971/900
f 908/965/894 909/966/895 916/973/902 915/972/901
f 910/968/897 911/967/896 918/974/903 917/975/904
f 911/967/896 912/969/898 919/976/905 918/974/903
f 912/969/898 913/970/899 920/977/906 919/976/905
f 913/970/899 914/971/900 921/978/907 920/977/906
f 914/971/900 915/972/901 922/979/908 921/978/907
f 915/972/901 916/973/902 923/980/909 922/979/908
f 917/975/904 918/974/903 925/981/910 924/982/911
f 918/974/903 919/976/905 926/983/912 925/981/910
f 919/976/905 920/977/906 927/984/913 926/983/912
f 920/977/906 921/978/907 928/985/914 927/984/913
f 921/978/907 922/979/908 929/986/915 928/985/914
f 922/979/908 923/980/909 930/987/916 929/986/915
f 647/933/862 720/931/860 882/939/868 727/988/917
f 720/931/860 719/930/859 883/940/869 882/939/868
f 719/930/859 718/929/858 884/943/872 883/940/869
f 718/929/858 717/928/857 885/945/874 884/943/872
f 717/928/857 716/927/856 886/947/876 885/945/874
f 716/927/856 715/926/855 887/949/878 886/947/876
f 715/926/855 714/925/854 888/951/880 887/949/878
f 714/925/854 648/924/853 728/989/918 888/951/880
f 888/951/880 728/989/918 729/990/919 895/952/881
f 895/952/881 729/990/919 730/991/920 902/959/888
f 902/959/888 730/991/920 731/992/921 909/966/895
f 909/966/895 731/992/921 732/993/922 916/973/902
f 916/973/902 732/993/922 733/994/923 923/980/909
f 923/980/909 733/994/923 734/995/924 930/987/916
f 930/987/916 734/995/924 644/996/701 664/997/700
f 929/986/915 930/987/916 664/997/700 663/998/699
f 928/985/914 929/986/915 663/998/699 662/999/698
f 927/984/913 928/985/914 662/999/698 661/1000/697
f 926/983/912 927/984/913 661/1000/697 660/1001/696
f 925/981/910 926/983/912 660/1001/696 659/1002/695
f 924/982/911 925/981/910 659/1002/695 658/1003/693
f 721/1004/925 924/982/911 658/1003/693 643/1005/692
f 722/1006/926 917/975/904 924/982/911 721/1004/925
f 723/1007/927 910/968/897 917/975/904 722/1006/926
f 724/1008/928 903/961/890 910/968/897 723/1007/927
f 725/1009/929 896/954/883 903/961/890 724/1008/928
f 726/1010/930 889/942/871 896/954/883 725/1009/929
f 727/988/917 882/939/868 889/942/871 726/1010/930
f 931/1011/931 932/1012/932 939/1013/933 938/1014/934
f 932/1012/932 933/1015/935 940/1016/936 939/1013/933
f 933/1015/935 934/1017/937 941/1018/938 940/1016/936
f 934/1017/937 935/1019/939 942/1020/940 941/1018/938
f 935/1019/939 936/1021/941 943/1022/942 942/1020/940
f 936/1021/941 937/1023/943 944/1024/944 943/1022/942
f 938/1014/934 939/1013/933 946/1025/945 945/1026/946
f 939/1013/933 940/1016/936 947/1027/947 946/1025/945
f 940/1016/936 941/1018/938 948/1028/948 947/1027/947
f 941/1018/938 942/1020/940 949/1029/949 948/1028/948
f 942/1020/940 943/1022/942 950/1030/950 949/1029/949
f 943/1022/942 944/1024/944 951/1031/951 950/1030/950
f 945/1026/946 946/1025/945 953/1032/952 952/1033/953
f 946/1025/945 947/1027/947 954/1034/954 953/1032/952
f 947/1027/947 948/1028/948 955/1035/955 954/1034/954
f 948/1028/948 949/1029/949 956/1036/956 955/1035/955
f 949/1029/949 950/1030/950 957/1037/957 956/1036/956
f 950/1030/950 951/1031/951 958/1038/958 957/1037/957
f 952/1033/953 953/1032/952 960/1039/959 959/1040/960
f 953/1032/952 954/1034/954 961/1041/961 960/1039/959
f 954/1034/954 955/1035/955 962/1042/962 961/1041/961
f 955/1035/955 956/1036/956 963/1043/963 962/1042/962
f 956/1036/956 957/1037/957 964/1044/964 963/1043/963
f 957/1037/957 958/1038/958 965/1045/965 964/1044/964
f 959/1040/960 960/1039/959 967/1046/966 966/1047/967
f 960/1039/959 961/1041/961 968/1048/968 967/1046/966
f 961/1041/961 962/1042/962 969/1049/969 968/1048/968
f 962/1042/962 963/1043/963 970/1050/970 969/1049/969
f 963/1043/963 964/1044/964 971/1051/971 970/1050/970
f 964/1044/964 965/1045/965 972/1052/972 971/1051/971
f 966/1047/967 967/1046/966 974/1053/973 973/1054/974
f 967/1046/966 968/1048/968 975/1055/975 974/1053/973
f 968/1048/968 969/1049/969 976/1056/976 975/1055/975
f 969/1049/969 970/1050/970 977/1057/977 976/1056/976
f 970/1050/970 971/1051/971 978/1058/978 977/1057/977
f 971/1051/971 972/1052/972 979/1059/979 978/1058/978
f 645/1060/718 685/1061/773 931/1011/931 651/1062/717
f 685/1061/773 684/1063/795 932/1012/932 931/1011/931
f 684/1063/795 683/1064/794 933/1015/935 932/1012/932
f 683/1064/794 682/1065/793 934/1017/937 933/1015/935
f 682/1065/793 681/1066/792 935/1019/939 934/1017/937
f 681/1066/792 680/1067/791 936/1021/941 935/1019/939
f 680/1067/791 679/1068/789 937/1023/943 936/1021/941
f 679/1068/789 649/861/790 706/916/845 937/1023/943
f 937/1023/943 706/916/845 705/938/867 944/1024/944
f 944/1024/944 705/938/867 704/937/866 951/1031/951
f 951/1031/951 704/937/866 703/936/865 958/1038/958
f 958/1038/958 703/936/865 702/935/864 965/1045/965
f 965/1045/965 702/935/864 701/934/863 972/1052/972
f 972/1052/972 701/934/863 700/932/861 979/1059/979
f 979/1059/979 700/932/861 647/933/862 727/1069/917
f 978/1058/978 979/1059/979 727/1069/917 726/1070/930
f 977/1057/977 978/1058/978 726/1070/930 725/1071/929
f 976/1056/976 977/1057/977 725/1071/929 724/1072/928
f 975/1055/975 976/1056/976 724/1072/928 723/1073/927
f 974/1053/973 975/1055/975 723/1073/927 722/1074/926
f 973/1054/974 974/1053/973 722/1074/926 721/1075/925
f 657/1076/694 973/1054/974 721/1075/925 643/1077/692
f 656/1078/723 966/1047/967 973/1054/974 657/1076/694
f 655/1079/722 959/1040/960 966/1047/967 656/1078/723
f 654/1080/721 952/1033/953 959/1040/960 655/1079/722
f 653/1081/720 945/1026/946 952/1033/953 654/1080/721
f 652/1082/719 938/1014/934 945/1026/946 653/1081/720
f 651/1062/717 931/1011/931 938/1014/934 652/1082/719
f 980/1083/980 981/1084/981 988/1085/982 987/1086/983
f 981/1084/981 982/1087/984 989/1088/985 988/1085/982
f 982/1087/984 983/1089/986 990/1090/987 989/1088/985
f 983/1089/986 984/1091/988 991/1092/989 990/1090/987
f 984/1091/988 985/1093/990 992/1094/991 991/1092/989
f 985/1093/990 986/1095/992 993/1096/993 992/1094/991
f 987/1086/983 988/1085/982 995/1097/994 994/1098/995
f 988/1085/982 989/1088/985 996/1099/996 995/1097/994
f 989/1088/985 990/1090/987 997/1100/997 996/1099/996
f 990/1090/987 991/1092/989 998/1101/998 997/1100/997
f 991/1092/989 992/1094/991 999/1102/999 998/1101/998
f 992/1094/991 993/1096/993 1000/1103/1000 999/1102/999
f 994/1098/995 995/1097/994 1002/1104/1001 1001/1105/1002
f 995/1097/994 996/1099/996 1003/1106/1003 1002/1104/1001
f 996/1099/996 997/1100/997 1004/1107/1004 1003/1106/1003
f 997/1100/997 998/1101/998 1005/1108/1005 1004/1107/1004
f 998/1101/998 999/1102/999 1006/1109/1006 1005/1108/1005
f 999/1102/999 1000/1103/1000 1007/1110/1007 1006/1109/1006
f 1001/1105/1002 1002/1104/1001 1009/1111/1008 1008/1112/1009
f 1002/1104/1001 1003/1106/1003 1010/1113/1010 1009/1111/1008
f 1003/1106/1003 1004/1107/1004 1011/1114/1011 1010/1113/1010
f 1004/1107/1004 1005/1108/1005 1012/1115/1012 1011/1114/1011
f 1005/1108/1005 1006/1109/1006 1013/1116/1013 1012/1115/1012
f 1006/1109/1006 1007/1110/1007 1014/1117/1014 1013/1116/1013
f 1008/1112/1009 1009/1111/1008 1016/1118/1015 1015/1119/1016
f 1009/1111/1008 1010/1113/1010 1017/1120/1017 1016/1118/1015
f 1010/1113/1010 1011/1114/1011 1018/1121/1018 1017/1120/1017
f 1011/1114/1011 1012/1115/1012 1019/1122/1019 1018/1121/1018
f 1012/1115/1012 1013/1116/1013 1020/1123/1020 1019/1122/1019
f 1013/1116/1013 1014/1117/1014 1021/1124/1021 1020/1123/1020
f 1015/1119/1016 1016/1118/1015 1023/1125/1022 1022/1126/1023
f 1016/1118/1015 1017/1120/1017 1024/1127/1024 1023/1125/1022
f 1017/1120/1017 1018/1121/1018 1025/1128/1025 1024/1127/1024
f 1018/1121/1018 1019/1122/1019 1026/1129/1026 1025/1128/1025
f 1019/1122/1019 1020/1123/1020 1027/1130/1027 1026/1129/1026
f 1020/1123/1020 1021/1124/1021 1028/1131/1028 1027/1130/1027
f 650/852/781 692/1132/780 980/1083/980 707/917/846
f 692/1132/780 691/1133/779 981/1084/981 980/1083/980
f 691/1133/779 690/1134/778 982/1087/984 981/1084/981
f 690/1134/778 689/1135/777 983/1089/986 982/1087/984
f 689/1135/777 688/1136/776 984/1091/988 983/1089/986
f 688/1136/776 687/1137/775 985/1093/990 984/1091/988
f 687/1137/775 686/1138/774 986/1095/992 985/1093/990
f 686/1138/774 646/1139/709 671/1140/708 986/1095/992
f 986/1095/992 671/1140/708 670/1141/707 993/1096/993
f 993/1096/993 670/1141/707 669/1142/706 1000/1103/1000
f 1000/1103/1000 669/1142/706 668/1143/705 1007/1110/1007
f 1007/1110/1007 668/1143/705 667/1144/704 1014/1117/1014
f 1014/1117/1014 667/1144/704 666/1145/703 1021/1124/1021
f 1021/1124/1021 666/1145/703 665/1146/702 1028/1131/1028
f 1028/1131/1028 665/1146/702 644/1147/701 734/1148/924
f 1027/1130/1027 1028/1131/1028 734/1148/924 733/1149/923
f 1026/1129/1026 1027/1130/1027 733/1149/923 732/1150/922
f 1025/1128/1025 1026/1129/1026 732/1150/922 731/1151/921
f 1024/1127/1024 1025/1128/1025 731/1151/921 730/1152/920
f 1023/1125/1022 1024/1127/1024 730/1152/920 729/1153/919
f 1022/1126/1023 1023/1125/1022 729/1153/919 728/1154/918
f 713/923/852 1022/1126/1023 728/1154/918 648/924/853
f 712/922/851 1015/1119/1016 1022/1126/1023 713/923/852
f 711/921/850 1008/1112/1009 1015/1119/1016 712/922/851
f 710/920/849 1001/1105/1002 1008/1112/1009 711/921/850
f 709/919/848 994/1098/995 1001/1105/1002 710/920/849
f 708/918/847 987/1086/983 994/1098/995 709/919/848
f 707/917/846 980/1083/980 987/1086/983 708/918/847
o Cubo.003
v 0.122114 0.258486 0.483471
v 0.122114 0.536997 0.483471
v 0.122114 0.258486 0.128176
v 0.122114 0.536997 0.128176
v 0.400626 0.258486 0.483471
v 0.400626 0.536997 0.483471
v 0.400626 0.258486 0.128176
v 0.400626 0.536997 0.128176
v 0.112335 0.248706 0.157008
v 0.101802 0.238174 0.200425
v 0.094365 0.230737 0.251321
v 0.091600 0.227971 0.305823
v 0.094365 0.230737 0.360326
v 0.101802 0.238174 0.411221
v 0.112335 0.248706 0.454638
v 0.112335 0.281088 0.495947
v 0.101802 0.315122 0.509383
v 0.094365 0.355019 0.518871
v 0.091600 0.397743 0.522399
v 0.094365 0.440465 0.518871
v 0.101802 0.480362 0.509384
v 0.112335 0.514396 0.495948
v 0.112335 0.546777 0.454638
v 0.101802 0.557309 0.411221
v 0.094365 0.564746 0.360326
v 0.091600 0.567512 0.305823
v 0.094365 0.564746 0.251321
v 0.101802 0.557309 0.200425
v 0.112335 0.546777 0.157008
v 0.112335 0.514396 0.115699
v 0.101802 0.480362 0.102263
v 0.094365 0.440465 0.092775
v 0.091600 0.397742 0.089246
v 0.094365 0.355018 0.092775
v 0.101802 0.315122 0.102263
v 0.112335 0.281088 0.115699
v 0.378024 0.248706 0.115699
v 0.343990 0.238174 0.102263
v 0.304094 0.230737 0.092775
v 0.261370 0.227971 0.089246
v 0.218646 0.230737 0.092775
v 0.178750 0.238174 0.102263
v 0.144716 0.248706 0.115699
v 0.144716 0.546777 0.115699
v 0.178750 0.557309 0.102263
v 0.218646 0.564746 0.092776
v 0.261370 0.567512 0.089246
v 0.304094 0.564746 0.092776
v 0.343990 0.557309 0.102263
v 0.378024 0.546777 0.115699
v 0.410406 0.514396 0.115699
v 0.420938 0.480362 0.102263
v 0.428375 0.440465 0.092776
v 0.431141 0.397742 0.089246
v 0.428375 0.355018 0.092776
v 0.420938 0.315122 0.102263
v 0.410406 0.281088 0.115699
v 0.410406 0.248706 0.454638
v 0.420938 0.238174 0.411222
v 0.428375 0.230737 0.360326
v 0.431141 0.227971 0.305823
v 0.428375 0.230737 0.251321
v 0.420938 0.238174 0.200425
v 0.410406 0.248706 0.157008
v 0.410406 0.546777 0.157008
v 0.420938 0.557309 0.200425
v 0.428375 0.564746 0.251321
v 0.431141 0.567512 0.305823
v 0.428375 0.564746 0.360326
v 0.420938 0.557309 0.411221
v 0.410406 0.546777 0.454638
v 0.410406 0.514396 0.495948
v 0.420938 0.480362 0.509384
v 0.428375 0.440465 0.518871
v 0.431141 0.397743 0.522400
v 0.428375 0.355019 0.518871
v 0.420938 0.315122 0.509383
v 0.410406 0.281088 0.495947
v 0.144716 0.248706 0.495948
v 0.178750 0.238174 0.509384
v 0.218646 0.230737 0.518871
v 0.261370 0.227971 0.522400
v 0.304094 0.230737 0.518871
v 0.343990 0.238174 0.509384
v 0.378024 0.248706 0.495947
v 0.378024 0.546777 0.495947
v 0.343990 0.557309 0.509383
v 0.304094 0.564746 0.518871
v 0.261370 0.567512 0.522399
v 0.218646 0.564746 0.518871
v 0.178750 0.557309 0.509384
v 0.144716 0.546777 0.495948
v 0.091351 0.277492 0.459225
v 0.076403 0.313358 0.467590
v 0.066963 0.354268 0.474374
v 0.063642 0.397743 0.477070
v 0.066963 0.441215 0.474374
v 0.076403 0.482125 0.467590
v 0.091351 0.517991 0.459225
v 0.076403 0.270935 0.413471
v 0.058339 0.309690 0.418153
v 0.047351 0.352647 0.422385
v 0.043623 0.397743 0.424187
v 0.047351 0.442838 0.422385
v 0.058339 0.485795 0.418153
v 0.076403 0.524548 0.413471
v 0.066963 0.265616 0.361282
v 0.047351 0.306371 0.363351
v 0.035536 0.351068 0.365364
v 0.031582 0.397743 0.366264
v 0.035536 0.444416 0.365364
v 0.047351 0.489113 0.363351
v 0.066963 0.529867 0.361282
v 0.063642 0.263503 0.305823
v 0.043623 0.304958 0.305823
v 0.031582 0.350363 0.305823
v 0.027559 0.397743 0.305823
v 0.031582 0.445120 0.305823
v 0.043623 0.490524 0.305823
v 0.063642 0.531980 0.305823
v 0.066963 0.265616 0.250365
v 0.047351 0.306371 0.248295
v 0.035536 0.351068 0.246282
v 0.031582 0.397743 0.245381
v 0.035536 0.444416 0.246282
v 0.047351 0.489113 0.248295
v 0.066963 0.529867 0.250365
v 0.076403 0.270935 0.198174
v 0.058339 0.309689 0.193494
v 0.047351 0.352647 0.189262
v 0.043623 0.397742 0.187460
v 0.047351 0.442837 0.189262
v 0.058339 0.485795 0.193495
v 0.076403 0.524548 0.198174
v 0.091351 0.277492 0.152421
v 0.076403 0.313358 0.144056
v 0.066963 0.354268 0.137271
v 0.063642 0.397742 0.134575
v 0.066963 0.441215 0.137271
v 0.076403 0.482125 0.144056
v 0.091351 0.517991 0.152421
v 0.141120 0.277492 0.088929
v 0.134564 0.313358 0.069860
v 0.129245 0.354268 0.057817
v 0.127132 0.397742 0.053582
v 0.129245 0.441215 0.057817
v 0.134564 0.482125 0.069860
v 0.141120 0.517991 0.088929
v 0.176986 0.270935 0.069860
v 0.173317 0.309689 0.046817
v 0.169999 0.352647 0.032799
v 0.168587 0.397742 0.028043
v 0.169999 0.442837 0.032799
v 0.173317 0.485795 0.046817
v 0.176986 0.524548 0.069860
v 0.217897 0.265616 0.057817
v 0.216275 0.306371 0.032799
v 0.214696 0.351068 0.017728
v 0.213992 0.397742 0.012682
v 0.214696 0.444416 0.017728
v 0.216275 0.489113 0.032799
v 0.217897 0.529867 0.057817
v 0.261370 0.263503 0.053582
v 0.261370 0.304958 0.028043
v 0.261370 0.350363 0.012682
v 0.261370 0.397742 0.007551
v 0.261370 0.445120 0.012682
v 0.261370 0.490524 0.028043
v 0.261370 0.531980 0.053582
v 0.304844 0.265616 0.057817
v 0.306465 0.306371 0.032799
v 0.308044 0.351068 0.017728
v 0.308749 0.397742 0.012682
v 0.308044 0.444416 0.017728
v 0.306465 0.489113 0.032799
v 0.304844 0.529867 0.057817
v 0.345754 0.270935 0.069860
v 0.349423 0.309689 0.046817
v 0.352741 0.352647 0.032799
v 0.354153 0.397742 0.028043
v 0.352741 0.442837 0.032799
v 0.349423 0.485795 0.046817
v 0.345754 0.524548 0.069860
v 0.381620 0.277492 0.088929
v 0.388177 0.313358 0.069860
v 0.393495 0.354268 0.057817
v 0.395609 0.397742 0.053582
v 0.393495 0.441215 0.057817
v 0.388177 0.482125 0.069860
v 0.381620 0.517991 0.088929
v 0.431389 0.277492 0.152421
v 0.446338 0.313358 0.144056
v 0.455778 0.354268 0.137271
v 0.459098 0.397742 0.134575
v 0.455778 0.441215 0.137271
v 0.446338 0.482125 0.144056
v 0.431389 0.517991 0.152421
v 0.446338 0.270935 0.198174
v 0.464401 0.309689 0.193494
v 0.475390 0.352647 0.189261
v 0.479118 0.397742 0.187460
v 0.475390 0.442837 0.189261
v 0.464401 0.485795 0.193494
v 0.446338 0.524548 0.198174
v 0.455778 0.265616 0.250365
v 0.475390 0.306371 0.248295
v 0.487204 0.351068 0.246282
v 0.491158 0.397743 0.245381
v 0.487204 0.444416 0.246282
v 0.475390 0.489113 0.248295
v 0.455778 0.529867 0.250365
v 0.459098 0.263503 0.305823
v 0.479118 0.304958 0.305823
v 0.491158 0.350363 0.305823
v 0.495181 0.397743 0.305823
v 0.491158 0.445120 0.305823
v 0.479118 0.490524 0.305823
v 0.459098 0.531980 0.305823
v 0.455778 0.265616 0.361282
v 0.475390 0.306371 0.363351
v 0.487204 0.351068 0.365364
v 0.491158 0.397743 0.366264
v 0.487204 0.444416 0.365364
v 0.475390 0.489113 0.363351
v 0.455778 0.529867 0.361282
v 0.446338 0.270935 0.413471
v 0.464401 0.309690 0.418153
v 0.475390 0.352647 0.422385
v 0.479118 0.397743 0.424187
v 0.475390 0.442838 0.422385
v 0.464401 0.485795 0.418153
v 0.446338 0.524548 0.413471
v 0.431389 0.277492 0.459225
v 0.446338 0.313358 0.467590
v 0.455778 0.354268 0.474374
v 0.459098 0.397743 0.477070
v 0.455778 0.441215 0.474374
v 0.446338 0.482125 0.467590
v 0.431389 0.517991 0.459225
v 0.381620 0.277492 0.522716
v 0.388177 0.313358 0.541786
v 0.393495 0.354268 0.553828
v 0.395609 0.397743 0.558065
v 0.393495 0.441215 0.553828
v 0.388177 0.482125 0.541786
v 0.381620 0.517991 0.522716
v 0.345754 0.270935 0.541786
v 0.349423 0.309690 0.564830
v 0.352741 0.352647 0.578846
v 0.354153 0.397743 0.583603
v 0.352741 0.442838 0.578846
v 0.349423 0.485795 0.564830
v 0.345754 0.524548 0.541786
v 0.304844 0.265616 0.553828
v 0.306465 0.306371 0.578846
v 0.308044 0.351068 0.593919
v 0.308749 0.397743 0.598963
v 0.308044 0.444416 0.593919
v 0.306465 0.489113 0.578846
v 0.304844 0.529867 0.553828
v 0.261370 0.263503 0.558065
v 0.261370 0.304958 0.583603
v 0.261370 0.350363 0.598963
v 0.261370 0.397743 0.604096
v 0.261370 0.445120 0.598963
v 0.261370 0.490524 0.583603
v 0.261370 0.531980 0.558065
v 0.217897 0.265616 0.553828
v 0.216275 0.306371 0.578846
v 0.214696 0.351068 0.593919
v 0.213992 0.397743 0.598963
v 0.214696 0.444416 0.593919
v 0.216275 0.489113 0.578846
v 0.217897 0.529867 0.553828
v 0.176986 0.270935 0.541786
v 0.173317 0.309690 0.564830
v 0.169999 0.352647 0.578846
v 0.168587 0.397743 0.583603
v 0.169999 0.442838 0.578846
v 0.173317 0.485795 0.564830
v 0.176986 0.524548 0.541786
v 0.141120 0.277492 0.522716
v 0.134564 0.313358 0.541786
v 0.129245 0.354268 0.553828
v 0.127132 0.397743 0.558065
v 0.129245 0.441215 0.553828
v 0.134564 0.482125 0.541786
v 0.141120 0.517991 0.522716
v 0.141120 0.227722 0.152421
v 0.176986 0.212774 0.144056
v 0.217897 0.203334 0.137271
v 0.261370 0.200014 0.134574
v 0.304844 0.203334 0.137271
v 0.345754 0.212774 0.144056
v 0.381620 0.227722 0.152421
v 0.134564 0.212774 0.198174
v 0.173317 0.194710 0.193494
v 0.216275 0.183723 0.189261
v 0.261370 0.179994 0.187460
v 0.306465 0.183723 0.189261
v 0.349423 0.194710 0.193494
v 0.388177 0.212774 0.198174
v 0.129245 0.203334 0.250365
v 0.169999 0.183723 0.248295
v 0.214696 0.171908 0.246282
v 0.261370 0.167954 0.245381
v 0.308044 0.171908 0.246282
v 0.352741 0.183723 0.248295
v 0.393495 0.203334 0.250365
v 0.127132 0.200014 0.305823
v 0.168587 0.179994 0.305823
v 0.213992 0.167954 0.305823
v 0.261370 0.163930 0.305823
v 0.308749 0.167954 0.305823
v 0.354153 0.179994 0.305823
v 0.395609 0.200014 0.305823
v 0.129245 0.203334 0.361282
v 0.169999 0.183723 0.363351
v 0.214696 0.171908 0.365364
v 0.261370 0.167954 0.366264
v 0.308044 0.171908 0.365364
v 0.352741 0.183723 0.363351
v 0.393495 0.203334 0.361282
v 0.134564 0.212774 0.413471
v 0.173317 0.194710 0.418153
v 0.216275 0.183723 0.422385
v 0.261370 0.179994 0.424187
v 0.306465 0.183723 0.422385
v 0.349423 0.194710 0.418153
v 0.388177 0.212774 0.413471
v 0.141120 0.227722 0.459225
v 0.176986 0.212774 0.467590
v 0.217897 0.203334 0.474374
v 0.261370 0.200014 0.477070
v 0.304844 0.203334 0.474374
v 0.345754 0.212774 0.467590
v 0.381620 0.227722 0.459225
v 0.381620 0.567761 0.152421
v 0.345754 0.582709 0.144056
v 0.304844 0.592148 0.137271
v 0.261370 0.595470 0.134575
v 0.217897 0.592148 0.137271
v 0.176986 0.582709 0.144056
v 0.141120 0.567761 0.152421
v 0.388177 0.582709 0.198174
v 0.349423 0.600772 0.193494
v 0.306465 0.611761 0.189261
v 0.261370 0.615489 0.187460
v 0.216275 0.611761 0.189261
v 0.173317 0.600772 0.193494
v 0.134564 0.582709 0.198174
v 0.393495 0.592148 0.250365
v 0.352741 0.611762 0.248295
v 0.308044 0.623575 0.246282
v 0.261370 0.627530 0.245381
v 0.214696 0.623575 0.246282
v 0.169999 0.611762 0.248295
v 0.129245 0.592148 0.250365
v 0.395609 0.595470 0.305823
v 0.354153 0.615489 0.305823
v 0.308749 0.627530 0.305823
v 0.261370 0.631553 0.305823
v 0.213992 0.627530 0.305823
v 0.168587 0.615489 0.305823
v 0.127132 0.595470 0.305823
v 0.393495 0.592148 0.361282
v 0.352741 0.611762 0.363351
v 0.308044 0.623575 0.365364
v 0.261370 0.627530 0.366264
v 0.214696 0.623575 0.365364
v 0.169999 0.611762 0.363351
v 0.129245 0.592148 0.361282
v 0.388177 0.582709 0.413471
v 0.349423 0.600772 0.418153
v 0.306465 0.611762 0.422385
v 0.261370 0.615489 0.424187
v 0.216275 0.611762 0.422385
v 0.173317 0.600772 0.418153
v 0.134564 0.582709 0.413471
v 0.381620 0.567762 0.459225
v 0.345754 0.582709 0.467590
v 0.304844 0.592148 0.474374
v 0.261370 0.595470 0.477070
v 0.217897 0.592148 0.474374
v 0.176986 0.582709 0.467590
v 0.141120 0.567762 0.459225
vn -0.7684 -0.5036 0.3950
vn -0.8383 -0.3487 0.4191
vn -0.8971 -0.3478 0.2726
vn -0.8129 -0.5185 0.2651
vn -0.8821 -0.1818 0.4346
vn -0.9443 -0.1764 0.2777
vn -0.8979 -0.0000 0.4402
vn -0.9601 -0.0000 0.2795
vn -0.8821 0.1818 0.4346
vn -0.9443 0.1764 0.2777
vn -0.8383 0.3487 0.4191
vn -0.8971 0.3478 0.2726
vn -0.7681 0.5036 0.3954
vn -0.8129 0.5185 0.2651
vn -0.9275 -0.3481 0.1364
vn -0.8387 -0.5273 0.1359
vn -0.9755 -0.1731 0.1358
vn -0.9908 -0.0000 0.1355
vn -0.9755 0.1731 0.1357
vn -0.9276 0.3480 0.1361
vn -0.8388 0.5272 0.1356
vn -0.9374 -0.3481 -0.0000
vn -0.8478 -0.5303 -0.0000
vn -0.9851 -0.1719 -0.0000
vn -1.0000 -0.0000 -0.0000
vn -0.9851 0.1719 -0.0000
vn -0.9374 0.3481 -0.0000
vn -0.8478 0.5303 -0.0000
vn -0.9276 -0.3480 -0.1359
vn -0.8389 -0.5272 -0.1353
vn -0.9755 -0.1731 -0.1357
vn -0.9908 -0.0000 -0.1357
vn -0.9755 0.1731 -0.1357
vn -0.9275 0.3481 -0.1364
vn -0.8389 0.5272 -0.1354
vn -0.8971 -0.3478 -0.2726
vn -0.8129 -0.5185 -0.2652
vn -0.9443 -0.1764 -0.2777
vn -0.9601 -0.0000 -0.2795
vn -0.9443 0.1764 -0.2777
vn -0.8971 0.3478 -0.2726
vn -0.8129 0.5185 -0.2651
vn -0.8383 -0.3487 -0.4191
vn -0.7685 -0.5036 -0.3948
vn -0.8821 -0.1818 -0.4346
vn -0.8979 -0.0000 -0.4402
vn -0.8821 0.1818 -0.4346
vn -0.8383 0.3487 -0.4191
vn -0.7685 0.5036 -0.3947
vn -0.6185 -0.6184 0.4848
vn -0.6803 -0.5028 0.5333
vn -0.6543 -0.6543 0.3792
vn -0.7348 -0.3582 0.5760
vn -0.7727 -0.1901 0.6057
vn -0.7870 -0.0000 0.6169
vn -0.7727 0.1901 0.6057
vn -0.7348 0.3582 0.5760
vn -0.6803 0.5028 0.5333
vn -0.6185 0.6185 0.4847
vn -0.6543 0.6543 0.3792
vn -0.6825 0.6825 0.2613
vn -0.7006 0.7006 0.1350
vn -0.7071 0.7071 -0.0000
vn -0.7006 0.7006 -0.1355
vn -0.6825 0.6825 -0.2613
vn -0.6543 0.6543 -0.3792
vn -0.6185 0.6185 -0.4847
vn -0.6802 0.5028 -0.5334
vn -0.7348 0.3582 -0.5760
vn -0.7726 0.1902 -0.6057
vn -0.7870 -0.0000 -0.6169
vn -0.7727 -0.1901 -0.6057
vn -0.7348 -0.3582 -0.5760
vn -0.6803 -0.5028 -0.5333
vn -0.6543 -0.6543 -0.3792
vn -0.6185 -0.6184 -0.4847
vn -0.6825 -0.6825 -0.2613
vn -0.7006 -0.7006 -0.1355
vn -0.7071 -0.7071 -0.0000
vn -0.7006 -0.7006 0.1355
vn -0.6826 -0.6826 0.2610
vn -0.5399 -0.5398 -0.6459
vn -0.5837 -0.3806 -0.7173
vn -0.4053 -0.4053 -0.8194
vn -0.3806 -0.5837 -0.7173
vn -0.6128 -0.2009 -0.7643
vn -0.4221 -0.2102 -0.8819
vn -0.6237 -0.0000 -0.7817
vn -0.4281 -0.0000 -0.9037
vn -0.6128 0.2009 -0.7643
vn -0.4221 0.2102 -0.8819
vn -0.5837 0.3806 -0.7173
vn -0.4053 0.4053 -0.8194
vn -0.5399 0.5399 -0.6458
vn -0.3806 0.5837 -0.7173
vn -0.2102 -0.4221 -0.8819
vn -0.2009 -0.6128 -0.7643
vn -0.2156 -0.2156 -0.9524
vn -0.2173 -0.0000 -0.9761
vn -0.2156 0.2156 -0.9524
vn -0.2102 0.4221 -0.8818
vn -0.2009 0.6128 -0.7643
vn -0.0000 -0.4281 -0.9037
vn -0.0000 -0.6237 -0.7817
vn -0.0000 -0.2173 -0.9761
vn -0.0000 -0.0000 -1.0000
vn -0.0000 0.2173 -0.9761
vn -0.0000 0.4281 -0.9037
vn -0.0000 0.6237 -0.7816
vn 0.2102 -0.4221 -0.8818
vn 0.2009 -0.6128 -0.7643
vn 0.2156 -0.2156 -0.9524
vn 0.2173 -0.0000 -0.9761
vn 0.2156 0.2156 -0.9524
vn 0.2102 0.4221 -0.8819
vn 0.2009 0.6128 -0.7643
vn 0.4053 -0.4053 -0.8194
vn 0.3806 -0.5837 -0.7173
vn 0.4221 -0.2102 -0.8819
vn 0.4281 -0.0000 -0.9037
vn 0.4221 0.2102 -0.8819
vn 0.4053 0.4053 -0.8194
vn 0.3806 0.5837 -0.7173
vn 0.5837 -0.3806 -0.7173
vn 0.5398 -0.5398 -0.6460
vn 0.6128 -0.2009 -0.7643
vn 0.6237 -0.0000 -0.7816
vn 0.6128 0.2009 -0.7643
vn 0.5837 0.3806 -0.7173
vn 0.5398 0.5398 -0.6459
vn -0.5028 -0.6803 -0.5333
vn -0.5028 0.6803 -0.5333
vn -0.3582 0.7348 -0.5760
vn -0.1902 0.7726 -0.6057
vn -0.0000 0.7870 -0.6169
vn 0.1902 0.7726 -0.6057
vn 0.3582 0.7348 -0.5760
vn 0.5028 0.6803 -0.5333
vn 0.6185 0.6185 -0.4847
vn 0.6803 0.5028 -0.5333
vn 0.7348 0.3582 -0.5760
vn 0.7726 0.1902 -0.6057
vn 0.7870 -0.0000 -0.6169
vn 0.7726 -0.1902 -0.6057
vn 0.7348 -0.3582 -0.5760
vn 0.6803 -0.5028 -0.5333
vn 0.5028 -0.6803 -0.5333
vn 0.6185 -0.6185 -0.4847
vn 0.3582 -0.7348 -0.5760
vn 0.1902 -0.7726 -0.6057
vn -0.0000 -0.7870 -0.6169
vn -0.1902 -0.7726 -0.6057
vn -0.3582 -0.7348 -0.5760
vn 0.7685 -0.5036 -0.3947
vn 0.8383 -0.3487 -0.4192
vn 0.8970 -0.3478 -0.2729
vn 0.8129 -0.5185 -0.2653
vn 0.8821 -0.1818 -0.4346
vn 0.9443 -0.1764 -0.2777
vn 0.8979 -0.0000 -0.4403
vn 0.9601 -0.0000 -0.2795
vn 0.8821 0.1818 -0.4346
vn 0.9443 0.1764 -0.2777
vn 0.8383 0.3487 -0.4192
vn 0.8971 0.3478 -0.2725
vn 0.7685 0.5036 -0.3948
vn 0.8129 0.5185 -0.2651
vn 0.9275 -0.3481 -0.1364
vn 0.8387 -0.5273 -0.1359
vn 0.9755 -0.1731 -0.1356
vn 0.9907 -0.0000 -0.1358
vn 0.9755 0.1731 -0.1357
vn 0.9276 0.3480 -0.1361
vn 0.8389 0.5272 -0.1354
vn 0.9375 -0.3481 -0.0000
vn 0.8478 -0.5303 -0.0000
vn 0.9851 -0.1719 -0.0000
vn 1.0000 -0.0000 -0.0000
vn 0.9851 0.1719 -0.0000
vn 0.9375 0.3481 -0.0000
vn 0.8478 0.5303 -0.0000
vn 0.9276 -0.3480 0.1359
vn 0.8388 -0.5272 0.1356
vn 0.9755 -0.1731 0.1356
vn 0.9908 -0.0000 0.1357
vn 0.9755 0.1731 0.1356
vn 0.9276 0.3480 0.1358
vn 0.8389 0.5272 0.1354
vn 0.8971 -0.3478 0.2726
vn 0.8129 -0.5185 0.2651
vn 0.9443 -0.1764 0.2777
vn 0.9601 -0.0000 0.2795
vn 0.9443 0.1764 0.2779
vn 0.8971 0.3478 0.2725
vn 0.8126 0.5186 0.2657
vn 0.8383 -0.3487 0.4192
vn 0.7685 -0.5036 0.3948
vn 0.8821 -0.1818 0.4346
vn 0.8979 -0.0000 0.4403
vn 0.8821 0.1818 0.4346
vn 0.8383 0.3487 0.4192
vn 0.7683 0.5036 0.3951
vn 0.6543 -0.6543 -0.3792
vn 0.6543 0.6543 -0.3792
vn 0.6825 0.6825 -0.2613
vn 0.7006 0.7006 -0.1355
vn 0.7071 0.7071 -0.0000
vn 0.7006 0.7006 0.1355
vn 0.6825 0.6825 0.2613
vn 0.6543 0.6543 0.3792
vn 0.6184 0.6185 0.4847
vn 0.6803 0.5028 0.5333
vn 0.7348 0.3582 0.5760
vn 0.7727 0.1901 0.6057
vn 0.7870 -0.0000 0.6169
vn 0.7727 -0.1901 0.6057
vn 0.7348 -0.3582 0.5760
vn 0.6803 -0.5028 0.5333
vn 0.6543 -0.6543 0.3792
vn 0.6185 -0.6185 0.4847
vn 0.6825 -0.6825 0.2613
vn 0.7006 -0.7006 0.1355
vn 0.7071 -0.7071 -0.0000
vn 0.7006 -0.7006 -0.1355
vn 0.6825 -0.6825 -0.2613
vn 0.5399 -0.5399 0.6458
vn 0.5837 -0.3806 0.7173
vn 0.4053 -0.4053 0.8194
vn 0.3806 -0.5837 0.7173
vn 0.6128 -0.2009 0.7643
vn 0.4221 -0.2102 0.8819
vn 0.6237 -0.0000 0.7817
vn 0.4281 -0.0000 0.9037
vn 0.6128 0.2009 0.7643
vn 0.4221 0.2102 0.8819
vn 0.5837 0.3806 0.7173
vn 0.4053 0.4053 0.8194
vn 0.5398 0.5399 0.6459
vn 0.3806 0.5837 0.7173
vn 0.2102 -0.4221 0.8819
vn 0.2009 -0.6128 0.7643
vn 0.2156 -0.2156 0.9524
vn 0.2173 -0.0000 0.9761
vn 0.2156 0.2156 0.9524
vn 0.2102 0.4221 0.8819
vn 0.2009 0.6128 0.7643
vn -0.0000 -0.4281 0.9037
vn -0.0000 -0.6237 0.7817
vn -0.0000 -0.2173 0.9761
vn -0.0000 -0.0000 1.0000
vn -0.0000 0.2172 0.9761
vn -0.0000 0.4281 0.9037
vn -0.0000 0.6237 0.7816
vn -0.2102 -0.4221 0.8819
vn -0.2009 -0.6128 0.7643
vn -0.2156 -0.2156 0.9524
vn -0.2173 -0.0000 0.9761
vn -0.2156 0.2156 0.9524
vn -0.2102 0.4221 0.8818
vn -0.2009 0.6128 0.7643
vn -0.4053 -0.4053 0.8194
vn -0.3806 -0.5835 0.7174
vn -0.4221 -0.2102 0.8819
vn -0.4281 -0.0000 0.9037
vn -0.4221 0.2102 0.8819
vn -0.4053 0.4053 0.8194
vn -0.3806 0.5837 0.7173
vn -0.5837 -0.3806 0.7173
vn -0.5398 -0.5398 0.6459
vn -0.6128 -0.2009 0.7643
vn -0.6237 -0.0000 0.7816
vn -0.6128 0.2009 0.7643
vn -0.5837 0.3806 0.7173
vn -0.5399 0.5399 0.6458
vn 0.5028 -0.6803 0.5333
vn 0.5028 0.6803 0.5333
vn 0.3582 0.7348 0.5760
vn 0.1902 0.7726 0.6057
vn -0.0000 0.7870 0.6169
vn -0.1901 0.7727 0.6057
vn -0.3582 0.7348 0.5760
vn -0.5028 0.6803 0.5333
vn -0.5028 -0.6803 0.5333
vn -0.3582 -0.7348 0.5760
vn -0.1901 -0.7727 0.6057
vn -0.0000 -0.7870 0.6169
vn 0.1901 -0.7727 0.6057
vn 0.3582 -0.7348 0.5760
vn -0.5036 -0.7684 -0.3950
vn -0.3487 -0.8383 -0.4191
vn -0.3478 -0.8971 -0.2725
vn -0.5185 -0.8129 -0.2651
vn -0.1818 -0.8821 -0.4346
vn -0.1764 -0.9443 -0.2777
vn -0.0000 -0.8979 -0.4402
vn -0.0000 -0.9601 -0.2795
vn 0.1818 -0.8821 -0.4346
vn 0.1764 -0.9443 -0.2777
vn 0.3487 -0.8383 -0.4191
vn 0.3478 -0.8971 -0.2726
vn 0.5036 -0.7684 -0.3949
vn 0.5185 -0.8130 -0.2651
vn -0.3480 -0.9276 -0.1358
vn -0.5272 -0.8388 -0.1356
vn -0.1731 -0.9755 -0.1356
vn -0.0000 -0.9908 -0.1355
vn 0.1731 -0.9755 -0.1358
vn 0.3481 -0.9275 -0.1364
vn 0.5273 -0.8387 -0.1359
vn -0.3481 -0.9375 -0.0000
vn -0.5303 -0.8478 -0.0000
vn -0.1719 -0.9851 -0.0000
vn -0.0000 -1.0000 -0.0000
vn 0.1719 -0.9851 -0.0000
vn 0.3481 -0.9375 -0.0000
vn 0.5303 -0.8478 -0.0000
vn -0.3480 -0.9276 0.1358
vn -0.5273 -0.8387 0.1359
vn -0.1731 -0.9755 0.1357
vn -0.0000 -0.9907 0.1358
vn 0.1731 -0.9755 0.1357
vn 0.3480 -0.9276 0.1358
vn 0.5272 -0.8389 0.1354
vn -0.3478 -0.8971 0.2726
vn -0.5185 -0.8130 0.2651
vn -0.1764 -0.9443 0.2778
vn -0.0000 -0.9601 0.2795
vn 0.1764 -0.9443 0.2777
vn 0.3478 -0.8971 0.2726
vn 0.5185 -0.8130 0.2651
vn -0.3487 -0.8383 0.4191
vn -0.5036 -0.7685 0.3948
vn -0.1818 -0.8821 0.4346
vn -0.0000 -0.8979 0.4402
vn 0.1818 -0.8821 0.4346
vn 0.3487 -0.8383 0.4191
vn 0.5036 -0.7685 0.3948
vn 0.5036 0.7685 -0.3948
vn 0.3487 0.8382 -0.4192
vn 0.3478 0.8971 -0.2725
vn 0.5185 0.8129 -0.2651
vn 0.1818 0.8821 -0.4346
vn 0.1764 0.9443 -0.2777
vn -0.0000 0.8979 -0.4402
vn -0.0000 0.9601 -0.2795
vn -0.1818 0.8821 -0.4346
vn -0.1764 0.9443 -0.2777
vn -0.3487 0.8383 -0.4192
vn -0.3478 0.8970 -0.2727
vn -0.5036 0.7681 -0.3954
vn -0.5185 0.8129 -0.2652
vn 0.3480 0.9276 -0.1359
vn 0.5272 0.8389 -0.1352
vn 0.1731 0.9755 -0.1357
vn -0.0000 0.9908 -0.1357
vn -0.1731 0.9755 -0.1357
vn -0.3480 0.9276 -0.1359
vn -0.5273 0.8387 -0.1359
vn 0.3481 0.9374 -0.0000
vn 0.5303 0.8478 -0.0000
vn 0.1719 0.9851 -0.0000
vn -0.0000 1.0000 -0.0000
vn -0.1719 0.9851 -0.0000
vn -0.3481 0.9374 -0.0000
vn -0.5303 0.8478 -0.0000
vn 0.3481 0.9275 0.1364
vn 0.5272 0.8388 0.1356
vn 0.1731 0.9755 0.1358
vn -0.0000 0.9908 0.1357
vn -0.1731 0.9755 0.1357
vn -0.3480 0.9276 0.1359
vn -0.5273 0.8387 0.1359
vn 0.3478 0.8969 0.2730
vn 0.5185 0.8129 0.2651
vn 0.1764 0.9443 0.2777
vn -0.0000 0.9601 0.2795
vn -0.1764 0.9443 0.2777
vn -0.3478 0.8969 0.2731
vn -0.5185 0.8129 0.2653
vn 0.3487 0.8383 0.4192
vn 0.5036 0.7685 0.3948
vn 0.1818 0.8821 0.4346
vn -0.0000 0.8978 0.4403
vn -0.1818 0.8821 0.4346
vn -0.3487 0.8383 0.4191
vn -0.5036 0.7684 0.3950
vt 0.406250 0.031250
vt 0.437500 0.031250
vt 0.437500 0.062500
vt 0.406250 0.062500
vt 0.468750 0.031250
vt 0.468750 0.062500
vt 0.500000 0.031250
vt 0.500000 0.062500
vt 0.531250 0.031250
vt 0.531250 0.062500
vt 0.562500 0.031250
vt 0.562500 0.062500
vt 0.593750 0.031250
vt 0.593750 0.062500
vt 0.437500 0.093750
vt 0.406250 0.093750
vt 0.468750 0.093750
vt 0.500000 0.093750
vt 0.531250 0.093750
vt 0.562500 0.093750
vt 0.593750 0.093750
vt 0.437500 0.125000
vt 0.406250 0.125000
vt 0.468750 0.125000
vt 0.500000 0.125000
vt 0.531250 0.125000
vt 0.562500 0.125000
vt 0.593750 0.125000
vt 0.437500 0.156250
vt 0.406250 0.156250
vt 0.468750 0.156250
vt 0.500000 0.156250
vt 0.531250 0.156250
vt 0.562500 0.156250
vt 0.593750 0.156250
vt 0.437500 0.187500
vt 0.406250 0.187500
vt 0.468750 0.187500
vt 0.500000 0.187500
vt 0.531250 0.187500
vt 0.562500 0.187500
vt 0.593750 0.187500
vt 0.437500 0.218750
vt 0.406250 0.218750
vt 0.468750 0.218750
vt 0.500000 0.218750
vt 0.531250 0.218750
vt 0.562500 0.218750
vt 0.593750 0.218750
vt 0.375000 0.000000
vt 0.406250 0.000000
vt 0.375000 0.031250
vt 0.437500 0.000000
vt 0.468750 0.000000
vt 0.500000 0.000000
vt 0.531250 0.000000
vt 0.562500 0.000000
vt 0.593750 0.000000
vt 0.625000 0.000000
vt 0.625000 0.031250
vt 0.625000 0.062500
vt 0.625000 0.093750
vt 0.625000 0.125000
vt 0.625000 0.156250
vt 0.625000 0.187500
vt 0.625000 0.218750
vt 0.625000 0.250000
vt 0.593750 0.250000
vt 0.562500 0.250000
vt 0.531250 0.250000
vt 0.500000 0.250000
vt 0.468750 0.250000
vt 0.437500 0.250000
vt 0.406250 0.250000
vt 0.375000 0.218750
vt 0.375000 0.250000
vt 0.375000 0.187500
vt 0.375000 0.156250
vt 0.375000 0.125000
vt 0.375000 0.093750
vt 0.375000 0.062500
vt 0.406250 0.281250
vt 0.437500 0.281250
vt 0.437500 0.312500
vt 0.406250 0.312500
vt 0.468750 0.281250
vt 0.468750 0.312500
vt 0.500000 0.281250
vt 0.500000 0.312500
vt 0.531250 0.281250
vt 0.531250 0.312500
vt 0.562500 0.281250
vt 0.562500 0.312500
vt 0.593750 0.281250
vt 0.593750 0.312500
vt 0.437500 0.343750
vt 0.406250 0.343750
vt 0.468750 0.343750
vt 0.500000 0.343750
vt 0.531250 0.343750
vt 0.562500 0.343750
vt 0.593750 0.343750
vt 0.437500 0.375000
vt 0.406250 0.375000
vt 0.468750 0.375000
vt 0.500000 0.375000
vt 0.531250 0.375000
vt 0.562500 0.375000
vt 0.593750 0.375000
vt 0.437500 0.406250
vt 0.406250 0.406250
vt 0.468750 0.406250
vt 0.500000 0.406250
vt 0.531250 0.406250
vt 0.562500 0.406250
vt 0.593750 0.406250
vt 0.437500 0.437500
vt 0.406250 0.437500
vt 0.468750 0.437500
vt 0.500000 0.437500
vt 0.531250 0.437500
vt 0.562500 0.437500
vt 0.593750 0.437500
vt 0.437500 0.468750
vt 0.406250 0.468750
vt 0.468750 0.468750
vt 0.500000 0.468750
vt 0.531250 0.468750
vt 0.562500 0.468750
vt 0.593750 0.468750
vt 0.375000 0.281250
vt 0.625000 0.281250
vt 0.625000 0.312500
vt 0.625000 0.343750
vt 0.625000 0.375000
vt 0.625000 0.406250
vt 0.625000 0.437500
vt 0.625000 0.468750
vt 0.625000 0.500000
vt 0.593750 0.500000
vt 0.562500 0.500000
vt 0.531250 0.500000
vt 0.500000 0.500000
vt 0.468750 0.500000
vt 0.437500 0.500000
vt 0.406250 0.500000
vt 0.375000 0.468750
vt 0.375000 0.500000
vt 0.375000 0.437500
vt 0.375000 0.406250
vt 0.375000 0.375000
vt 0.375000 0.343750
vt 0.375000 0.312500
vt 0.406250 0.531250
vt 0.437500 0.531250
vt 0.437500 0.562500
vt 0.406250 0.562500
vt 0.468750 0.531250
vt 0.468750 0.562500
vt 0.500000 0.531250
vt 0.500000 0.562500
vt 0.531250 0.531250
vt 0.531250 0.562500
vt 0.562500 0.531250
vt 0.562500 0.562500
vt 0.593750 0.531250
vt 0.593750 0.562500
vt 0.437500 0.593750
vt 0.406250 0.593750
vt 0.468750 0.593750
vt 0.500000 0.593750
vt 0.531250 0.593750
vt 0.562500 0.593750
vt 0.593750 0.593750
vt 0.437500 0.625000
vt 0.406250 0.625000
vt 0.468750 0.625000
vt 0.500000 0.625000
vt 0.531250 0.625000
vt 0.562500 0.625000
vt 0.593750 0.625000
vt 0.437500 0.656250
vt 0.406250 0.656250
vt 0.468750 0.656250
vt 0.500000 0.656250
vt 0.531250 0.656250
vt 0.562500 0.656250
vt 0.593750 0.656250
vt 0.437500 0.687500
vt 0.406250 0.687500
vt 0.468750 0.687500
vt 0.500000 0.687500
vt 0.531250 0.687500
vt 0.562500 0.687500
vt 0.593750 0.687500
vt 0.437500 0.718750
vt 0.406250 0.718750
vt 0.468750 0.718750
vt 0.500000 0.718750
vt 0.531250 0.718750
vt 0.562500 0.718750
vt 0.593750 0.718750
vt 0.375000 0.531250
vt 0.625000 0.531250
vt 0.625000 0.562500
vt 0.625000 0.593750
vt 0.625000 0.625000
vt 0.625000 0.656250
vt 0.625000 0.687500
vt 0.625000 0.718750
vt 0.625000 0.750000
vt 0.593750 0.750000
vt 0.562500 0.750000
vt 0.531250 0.750000
vt 0.500000 0.750000
vt 0.468750 0.750000
vt 0.437500 0.750000
vt 0.406250 0.750000
vt 0.375000 0.718750
vt 0.375000 0.750000
vt 0.375000 0.687500
vt 0.375000 0.656250
vt 0.375000 0.625000
vt 0.375000 0.593750
vt 0.375000 0.562500
vt 0.406250 0.781250
vt 0.437500 0.781250
vt 0.437500 0.812500
vt 0.406250 0.812500
vt 0.468750 0.781250
vt 0.468750 0.812500
vt 0.500000 0.781250
vt 0.500000 0.812500
vt 0.531250 0.781250
vt 0.531250 0.812500
vt 0.562500 0.781250
vt 0.562500 0.812500
vt 0.593750 0.781250
vt 0.593750 0.812500
vt 0.437500 0.843750
vt 0.406250 0.843750
vt 0.468750 0.843750
vt 0.500000 0.843750
vt 0.531250 0.843750
vt 0.562500 0.843750
vt 0.593750 0.843750
vt 0.437500 0.875000
vt 0.406250 0.875000
vt 0.468750 0.875000
vt 0.500000 0.875000
vt 0.531250 0.875000
vt 0.562500 0.875000
vt 0.593750 0.875000
vt 0.437500 0.906250
vt 0.406250 0.906250
vt 0.468750 0.906250
vt 0.500000 0.906250
vt 0.531250 0.906250
vt 0.562500 0.906250
vt 0.593750 0.906250
vt 0.437500 0.937500
vt 0.406250 0.937500
vt 0.468750 0.937500
vt 0.500000 0.937500
vt 0.531250 0.937500
vt 0.562500 0.937500
vt 0.593750 0.937500
vt 0.437500 0.968750
vt 0.406250 0.968750
vt 0.468750 0.968750
vt 0.500000 0.968750
vt 0.531250 0.968750
vt 0.562500 0.968750
vt 0.593750 0.968750
vt 0.375000 0.781250
vt 0.625000 0.781250
vt 0.625000 0.812500
vt 0.625000 0.843750
vt 0.625000 0.875000
vt 0.625000 0.906250
vt 0.625000 0.937500
vt 0.625000 0.968750
vt 0.625000 1.000000
vt 0.593750 1.000000
vt 0.562500 1.000000
vt 0.531250 1.000000
vt 0.500000 1.000000
vt 0.468750 1.000000
vt 0.437500 1.000000
vt 0.406250 1.000000
vt 0.375000 0.968750
vt 0.375000 1.000000
vt 0.375000 0.937500
vt 0.375000 0.906250
vt 0.375000 0.875000
vt 0.375000 0.843750
vt 0.375000 0.812500
vt 0.156250 0.531250
vt 0.187500 0.531250
vt 0.187500 0.562500
vt 0.156250 0.562500
vt 0.218750 0.531250
vt 0.218750 0.562500
vt 0.250000 0.531250
vt 0.250000 0.562500
vt 0.281250 0.531250
vt 0.281250 0.562500
vt 0.312500 0.531250
vt 0.312500 0.562500
vt 0.343750 0.531250
vt 0.343750 0.562500
vt 0.187500 0.593750
vt 0.156250 0.593750
vt 0.218750 0.593750
vt 0.250000 0.593750
vt 0.281250 0.593750
vt 0.312500 0.593750
vt 0.343750 0.593750
vt 0.187500 0.625000
vt 0.156250 0.625000
vt 0.218750 0.625000
vt 0.250000 0.625000
vt 0.281250 0.625000
vt 0.312500 0.625000
vt 0.343750 0.625000
vt 0.187500 0.656250
vt 0.156250 0.656250
vt 0.218750 0.656250
vt 0.250000 0.656250
vt 0.281250 0.656250
vt 0.312500 0.656250
vt 0.343750 0.656250
vt 0.187500 0.687500
vt 0.156250 0.687500
vt 0.218750 0.687500
vt 0.250000 0.687500
vt 0.281250 0.687500
vt 0.312500 0.687500
vt 0.343750 0.687500
vt 0.187500 0.718750
vt 0.156250 0.718750
vt 0.218750 0.718750
vt 0.250000 0.718750
vt 0.281250 0.718750
vt 0.312500 0.718750
vt 0.343750 0.718750
vt 0.125000 0.500000
vt 0.156250 0.500000
vt 0.125000 0.531250
vt 0.187500 0.500000
vt 0.218750 0.500000
vt 0.250000 0.500000
vt 0.281250 0.500000
vt 0.312500 0.500000
vt 0.343750 0.500000
vt 0.343750 0.750000
vt 0.312500 0.750000
vt 0.281250 0.750000
vt 0.250000 0.750000
vt 0.218750 0.750000
vt 0.187500 0.750000
vt 0.156250 0.750000
vt 0.125000 0.718750
vt 0.125000 0.750000
vt 0.125000 0.687500
vt 0.125000 0.656250
vt 0.125000 0.625000
vt 0.125000 0.593750
vt 0.125000 0.562500
vt 0.656250 0.531250
vt 0.687500 0.531250
vt 0.687500 0.562500
vt 0.656250 0.562500
vt 0.718750 0.531250
vt 0.718750 0.562500
vt 0.750000 0.531250
vt 0.750000 0.562500
vt 0.781250 0.531250
vt 0.781250 0.562500
vt 0.812500 0.531250
vt 0.812500 0.562500
vt 0.843750 0.531250
vt 0.843750 0.562500
vt 0.687500 0.593750
vt 0.656250 0.593750
vt 0.718750 0.593750
vt 0.750000 0.593750
vt 0.781250 0.593750
vt 0.812500 0.593750
vt 0.843750 0.593750
vt 0.687500 0.625000
vt 0.656250 0.625000
vt 0.718750 0.625000
vt 0.750000 0.625000
vt 0.781250 0.625000
vt 0.812500 0.625000
vt 0.843750 0.625000
vt 0.687500 0.656250
vt 0.656250 0.656250
vt 0.718750 0.656250
vt 0.750000 0.656250
vt 0.781250 0.656250
vt 0.812500 0.656250
vt 0.843750 0.656250
vt 0.687500 0.687500
vt 0.656250 0.687500
vt 0.718750 0.687500
vt 0.750000 0.687500
vt 0.781250 0.687500
vt 0.812500 0.687500
vt 0.843750 0.687500
vt 0.687500 0.718750
vt 0.656250 0.718750
vt 0.718750 0.718750
vt 0.750000 0.718750
vt 0.781250 0.718750
vt 0.812500 0.718750
vt 0.843750 0.718750
vt 0.656250 0.500000
vt 0.687500 0.500000
vt 0.718750 0.500000
vt 0.750000 0.500000
vt 0.781250 0.500000
vt 0.812500 0.500000
vt 0.843750 0.500000
vt 0.875000 0.500000
vt 0.875000 0.531250
vt 0.875000 0.562500
vt 0.875000 0.593750
vt 0.875000 0.625000
vt 0.875000 0.656250
vt 0.875000 0.687500
vt 0.875000 0.718750
vt 0.875000 0.750000
vt 0.843750 0.750000
vt 0.812500 0.750000
vt 0.781250 0.750000
vt 0.750000 0.750000
vt 0.718750 0.750000
vt 0.687500 0.750000
vt 0.656250 0.750000
s 1
usemtl ojos.001
f 1121/1155/1029 1122/1156/1030 1129/1157/1031 1128/1158/1032
f 1122/1156/1030 1123/1159/1033 1130/1160/1034 1129/1157/1031
f 1123/1159/1033 1124/1161/1035 1131/1162/1036 1130/1160/1034
f 1124/1161/1035 1125/1163/1037 1132/1164/1038 1131/1162/1036
f 1125/1163/1037 1126/1165/1039 1133/1166/1040 1132/1164/1038
f 1126/1165/1039 1127/1167/1041 1134/1168/1042 1133/1166/1040
f 1128/1158/1032 1129/1157/1031 1136/1169/1043 1135/1170/1044
f 1129/1157/1031 1130/1160/1034 1137/1171/1045 1136/1169/1043
f 1130/1160/1034 1131/1162/1036 1138/1172/1046 1137/1171/1045
f 1131/1162/1036 1132/1164/1038 1139/1173/1047 1138/1172/1046
f 1132/1164/1038 1133/1166/1040 1140/1174/1048 1139/1173/1047
f 1133/1166/1040 1134/1168/1042 1141/1175/1049 1140/1174/1048
f 1135/1170/1044 1136/1169/1043 1143/1176/1050 1142/1177/1051
f 1136/1169/1043 1137/1171/1045 1144/1178/1052 1143/1176/1050
f 1137/1171/1045 1138/1172/1046 1145/1179/1053 1144/1178/1052
f 1138/1172/1046 1139/1173/1047 1146/1180/1054 1145/1179/1053
f 1139/1173/1047 1140/1174/1048 1147/1181/1055 1146/1180/1054
f 1140/1174/1048 1141/1175/1049 1148/1182/1056 1147/1181/1055
f 1142/1177/1051 1143/1176/1050 1150/1183/1057 1149/1184/1058
f 1143/1176/1050 1144/1178/1052 1151/1185/1059 1150/1183/1057
f 1144/1178/1052 1145/1179/1053 1152/1186/1060 1151/1185/1059
f 1145/1179/1053 1146/1180/1054 1153/1187/1061 1152/1186/1060
f 1146/1180/1054 1147/1181/1055 1154/1188/1062 1153/1187/1061
f 1147/1181/1055 1148/1182/1056 1155/1189/1063 1154/1188/1062
f 1149/1184/1058 1150/1183/1057 1157/1190/1064 1156/1191/1065
f 1150/1183/1057 1151/1185/1059 1158/1192/1066 1157/1190/1064
f 1151/1185/1059 1152/1186/1060 1159/1193/1067 1158/1192/1066
f 1152/1186/1060 1153/1187/1061 1160/1194/1068 1159/1193/1067
f 1153/1187/1061 1154/1188/1062 1161/1195/1069 1160/1194/1068
f 1154/1188/1062 1155/1189/1063 1162/1196/1070 1161/1195/1069
f 1156/1191/1065 1157/1190/1064 1164/1197/1071 1163/1198/1072
f 1157/1190/1064 1158/1192/1066 1165/1199/1073 1164/1197/1071
f 1158/1192/1066 1159/1193/1067 1166/1200/1074 1165/1199/1073
f 1159/1193/1067 1160/1194/1068 1167/1201/1075 1166/1200/1074
f 1160/1194/1068 1161/1195/1069 1168/1202/1076 1167/1201/1075
f 1161/1195/1069 1162/1196/1070 1169/1203/1077 1168/1202/1076
f 1029/1204/1078 1044/1205/1079 1121/1155/1029 1043/1206/1080
f 1044/1205/1079 1045/1207/1081 1122/1156/1030 1121/1155/1029
f 1045/1207/1081 1046/1208/1082 1123/1159/1033 1122/1156/1030
f 1046/1208/1082 1047/1209/1083 1124/1161/1035 1123/1159/1033
f 1047/1209/1083 1048/1210/1084 1125/1163/1037 1124/1161/1035
f 1048/1210/1084 1049/1211/1085 1126/1165/1039 1125/1163/1037
f 1049/1211/1085 1050/1212/1086 1127/1167/1041 1126/1165/1039
f 1050/1212/1086 1030/1213/1087 1051/1214/1088 1127/1167/1041
f 1127/1167/1041 1051/1214/1088 1052/1215/1089 1134/1168/1042
f 1134/1168/1042 1052/1215/1089 1053/1216/1090 1141/1175/1049
f 1141/1175/1049 1053/1216/1090 1054/1217/1091 1148/1182/1056
f 1148/1182/1056 1054/1217/1091 1055/1218/1092 1155/1189/1063
f 1155/1189/1063 1055/1218/1092 1056/1219/1093 1162/1196/1070
f 1162/1196/1070 1056/1219/1093 1057/1220/1094 1169/1203/1077
f 1169/1203/1077 1057/1220/1094 1032/1221/1095 1058/1222/1096
f 1168/1202/1076 1169/1203/1077 1058/1222/1096 1059/1223/1097
f 1167/1201/1075 1168/1202/1076 1059/1223/1097 1060/1224/1098
f 1166/1200/1074 1167/1201/1075 1060/1224/1098 1061/1225/1099
f 1165/1199/1073 1166/1200/1074 1061/1225/1099 1062/1226/1100
f 1164/1197/1071 1165/1199/1073 1062/1226/1100 1063/1227/1101
f 1163/1198/1072 1164/1197/1071 1063/1227/1101 1064/1228/1102
f 1037/1229/1103 1163/1198/1072 1064/1228/1102 1031/1230/1104
f 1038/1231/1105 1156/1191/1065 1163/1198/1072 1037/1229/1103
f 1039/1232/1106 1149/1184/1058 1156/1191/1065 1038/1231/1105
f 1040/1233/1107 1142/1177/1051 1149/1184/1058 1039/1232/1106
f 1041/1234/1108 1135/1170/1044 1142/1177/1051 1040/1233/1107
f 1042/1235/1109 1128/1158/1032 1135/1170/1044 1041/1234/1108
f 1043/1206/1080 1121/1155/1029 1128/1158/1032 1042/1235/1109
f 1170/1236/1110 1171/1237/1111 1178/1238/1112 1177/1239/1113
f 1171/1237/1111 1172/1240/1114 1179/1241/1115 1178/1238/1112
f 1172/1240/1114 1173/1242/1116 1180/1243/1117 1179/1241/1115
f 1173/1242/1116 1174/1244/1118 1181/1245/1119 1180/1243/1117
f 1174/1244/1118 1175/1246/1120 1182/1247/1121 1181/1245/1119
f 1175/1246/1120 1176/1248/1122 1183/1249/1123 1182/1247/1121
f 1177/1239/1113 1178/1238/1112 1185/1250/1124 1184/1251/1125
f 1178/1238/1112 1179/1241/1115 1186/1252/1126 1185/1250/1124
f 1179/1241/1115 1180/1243/1117 1187/1253/1127 1186/1252/1126
f 1180/1243/1117 1181/1245/1119 1188/1254/1128 1187/1253/1127
f 1181/1245/1119 1182/1247/1121 1189/1255/1129 1188/1254/1128
f 1182/1247/1121 1183/1249/1123 1190/1256/1130 1189/1255/1129
f 1184/1251/1125 1185/1250/1124 1192/1257/1131 1191/1258/1132
f 1185/1250/1124 1186/1252/1126 1193/1259/1133 1192/1257/1131
f 1186/1252/1126 1187/1253/1127 1194/1260/1134 1193/1259/1133
f 1187/1253/1127 1188/1254/1128 1195/1261/1135 1194/1260/1134
f 1188/1254/1128 1189/1255/1129 1196/1262/1136 1195/1261/1135
f 1189/1255/1129 1190/1256/1130 1197/1263/1137 1196/1262/1136
f 1191/1258/1132 1192/1257/1131 1199/1264/1138 1198/1265/1139
f 1192/1257/1131 1193/1259/1133 1200/1266/1140 1199/1264/1138
f 1193/1259/1133 1194/1260/1134 1201/1267/1141 1200/1266/1140
f 1194/1260/1134 1195/1261/1135 1202/1268/1142 1201/1267/1141
f 1195/1261/1135 1196/1262/1136 1203/1269/1143 1202/1268/1142
f 1196/1262/1136 1197/1263/1137 1204/1270/1144 1203/1269/1143
f 1198/1265/1139 1199/1264/1138 1206/1271/1145 1205/1272/1146
f 1199/1264/1138 1200/1266/1140 1207/1273/1147 1206/1271/1145
f 1200/1266/1140 1201/1267/1141 1208/1274/1148 1207/1273/1147
f 1201/1267/1141 1202/1268/1142 1209/1275/1149 1208/1274/1148
f 1202/1268/1142 1203/1269/1143 1210/1276/1150 1209/1275/1149
f 1203/1269/1143 1204/1270/1144 1211/1277/1151 1210/1276/1150
f 1205/1272/1146 1206/1271/1145 1213/1278/1152 1212/1279/1153
f 1206/1271/1145 1207/1273/1147 1214/1280/1154 1213/1278/1152
f 1207/1273/1147 1208/1274/1148 1215/1281/1155 1214/1280/1154
f 1208/1274/1148 1209/1275/1149 1216/1282/1156 1215/1281/1155
f 1209/1275/1149 1210/1276/1150 1217/1283/1157 1216/1282/1156
f 1210/1276/1150 1211/1277/1151 1218/1284/1158 1217/1283/1157
f 1031/1230/1104 1064/1228/1102 1170/1236/1110 1071/1285/1159
f 1064/1228/1102 1063/1227/1101 1171/1237/1111 1170/1236/1110
f 1063/1227/1101 1062/1226/1100 1172/1240/1114 1171/1237/1111
f 1062/1226/1100 1061/1225/1099 1173/1242/1116 1172/1240/1114
f 1061/1225/1099 1060/1224/1098 1174/1244/1118 1173/1242/1116
f 1060/1224/1098 1059/1223/1097 1175/1246/1120 1174/1244/1118
f 1059/1223/1097 1058/1222/1096 1176/1248/1122 1175/1246/1120
f 1058/1222/1096 1032/1221/1095 1072/1286/1160 1176/1248/1122
f 1176/1248/1122 1072/1286/1160 1073/1287/1161 1183/1249/1123
f 1183/1249/1123 1073/1287/1161 1074/1288/1162 1190/1256/1130
f 1190/1256/1130 1074/1288/1162 1075/1289/1163 1197/1263/1137
f 1197/1263/1137 1075/1289/1163 1076/1290/1164 1204/1270/1144
f 1204/1270/1144 1076/1290/1164 1077/1291/1165 1211/1277/1151
f 1211/1277/1151 1077/1291/1165 1078/1292/1166 1218/1284/1158
f 1218/1284/1158 1078/1292/1166 1036/1293/1167 1079/1294/1168
f 1217/1283/1157 1218/1284/1158 1079/1294/1168 1080/1295/1169
f 1216/1282/1156 1217/1283/1157 1080/1295/1169 1081/1296/1170
f 1215/1281/1155 1216/1282/1156 1081/1296/1170 1082/1297/1171
f 1214/1280/1154 1215/1281/1155 1082/1297/1171 1083/1298/1172
f 1213/1278/1152 1214/1280/1154 1083/1298/1172 1084/1299/1173
f 1212/1279/1153 1213/1278/1152 1084/1299/1173 1085/1300/1174
f 1065/1301/1175 1212/1279/1153 1085/1300/1174 1035/1302/1176
f 1066/1303/1177 1205/1272/1146 1212/1279/1153 1065/1301/1175
f 1067/1304/1178 1198/1265/1139 1205/1272/1146 1066/1303/1177
f 1068/1305/1179 1191/1258/1132 1198/1265/1139 1067/1304/1178
f 1069/1306/1180 1184/1251/1125 1191/1258/1132 1068/1305/1179
f 1070/1307/1181 1177/1239/1113 1184/1251/1125 1069/1306/1180
f 1071/1285/1159 1170/1236/1110 1177/1239/1113 1070/1307/1181
f 1219/1308/1182 1220/1309/1183 1227/1310/1184 1226/1311/1185
f 1220/1309/1183 1221/1312/1186 1228/1313/1187 1227/1310/1184
f 1221/1312/1186 1222/1314/1188 1229/1315/1189 1228/1313/1187
f 1222/1314/1188 1223/1316/1190 1230/1317/1191 1229/1315/1189
f 1223/1316/1190 1224/1318/1192 1231/1319/1193 1230/1317/1191
f 1224/1318/1192 1225/1320/1194 1232/1321/1195 1231/1319/1193
f 1226/1311/1185 1227/1310/1184 1234/1322/1196 1233/1323/1197
f 1227/1310/1184 1228/1313/1187 1235/1324/1198 1234/1322/1196
f 1228/1313/1187 1229/1315/1189 1236/1325/1199 1235/1324/1198
f 1229/1315/1189 1230/1317/1191 1237/1326/1200 1236/1325/1199
f 1230/1317/1191 1231/1319/1193 1238/1327/1201 1237/1326/1200
f 1231/1319/1193 1232/1321/1195 1239/1328/1202 1238/1327/1201
f 1233/1323/1197 1234/1322/1196 1241/1329/1203 1240/1330/1204
f 1234/1322/1196 1235/1324/1198 1242/1331/1205 1241/1329/1203
f 1235/1324/1198 1236/1325/1199 1243/1332/1206 1242/1331/1205
f 1236/1325/1199 1237/1326/1200 1244/1333/1207 1243/1332/1206
f 1237/1326/1200 1238/1327/1201 1245/1334/1208 1244/1333/1207
f 1238/1327/1201 1239/1328/1202 1246/1335/1209 1245/1334/1208
f 1240/1330/1204 1241/1329/1203 1248/1336/1210 1247/1337/1211
f 1241/1329/1203 1242/1331/1205 1249/1338/1212 1248/1336/1210
f 1242/1331/1205 1243/1332/1206 1250/1339/1213 1249/1338/1212
f 1243/1332/1206 1244/1333/1207 1251/1340/1214 1250/1339/1213
f 1244/1333/1207 1245/1334/1208 1252/1341/1215 1251/1340/1214
f 1245/1334/1208 1246/1335/1209 1253/1342/1216 1252/1341/1215
f 1247/1337/1211 1248/1336/1210 1255/1343/1217 1254/1344/1218
f 1248/1336/1210 1249/1338/1212 1256/1345/1219 1255/1343/1217
f 1249/1338/1212 1250/1339/1213 1257/1346/1220 1256/1345/1219
f 1250/1339/1213 1251/1340/1214 1258/1347/1221 1257/1346/1220
f 1251/1340/1214 1252/1341/1215 1259/1348/1222 1258/1347/1221
f 1252/1341/1215 1253/1342/1216 1260/1349/1223 1259/1348/1222
f 1254/1344/1218 1255/1343/1217 1262/1350/1224 1261/1351/1225
f 1255/1343/1217 1256/1345/1219 1263/1352/1226 1262/1350/1224
f 1256/1345/1219 1257/1346/1220 1264/1353/1227 1263/1352/1226
f 1257/1346/1220 1258/1347/1221 1265/1354/1228 1264/1353/1227
f 1258/1347/1221 1259/1348/1222 1266/1355/1229 1265/1354/1228
f 1259/1348/1222 1260/1349/1223 1267/1356/1230 1266/1355/1229
f 1035/1302/1176 1085/1300/1174 1219/1308/1182 1092/1357/1231
f 1085/1300/1174 1084/1299/1173 1220/1309/1183 1219/1308/1182
f 1084/1299/1173 1083/1298/1172 1221/1312/1186 1220/1309/1183
f 1083/1298/1172 1082/1297/1171 1222/1314/1188 1221/1312/1186
f 1082/1297/1171 1081/1296/1170 1223/1316/1190 1222/1314/1188
f 1081/1296/1170 1080/1295/1169 1224/1318/1192 1223/1316/1190
f 1080/1295/1169 1079/1294/1168 1225/1320/1194 1224/1318/1192
f 1079/1294/1168 1036/1293/1167 1093/1358/1232 1225/1320/1194
f 1225/1320/1194 1093/1358/1232 1094/1359/1233 1232/1321/1195
f 1232/1321/1195 1094/1359/1233 1095/1360/1234 1239/1328/1202
f 1239/1328/1202 1095/1360/1234 1096/1361/1235 1246/1335/1209
f 1246/1335/1209 1096/1361/1235 1097/1362/1236 1253/1342/1216
f 1253/1342/1216 1097/1362/1236 1098/1363/1237 1260/1349/1223
f 1260/1349/1223 1098/1363/1237 1099/1364/1238 1267/1356/1230
f 1267/1356/1230 1099/1364/1238 1034/1365/1239 1100/1366/1240
f 1266/1355/1229 1267/1356/1230 1100/1366/1240 1101/1367/1241
f 1265/1354/1228 1266/1355/1229 1101/1367/1241 1102/1368/1242
f 1264/1353/1227 1265/1354/1228 1102/1368/1242 1103/1369/1243
f 1263/1352/1226 1264/1353/1227 1103/1369/1243 1104/1370/1244
f 1262/1350/1224 1263/1352/1226 1104/1370/1244 1105/1371/1245
f 1261/1351/1225 1262/1350/1224 1105/1371/1245 1106/1372/1246
f 1086/1373/1247 1261/1351/1225 1106/1372/1246 1033/1374/1248
f 1087/1375/1249 1254/1344/1218 1261/1351/1225 1086/1373/1247
f 1088/1376/1250 1247/1337/1211 1254/1344/1218 1087/1375/1249
f 1089/1377/1251 1240/1330/1204 1247/1337/1211 1088/1376/1250
f 1090/1378/1252 1233/1323/1197 1240/1330/1204 1089/1377/1251
f 1091/1379/1253 1226/1311/1185 1233/1323/1197 1090/1378/1252
f 1092/1357/1231 1219/1308/1182 1226/1311/1185 1091/1379/1253
f 1268/1380/1254 1269/1381/1255 1276/1382/1256 1275/1383/1257
f 1269/1381/1255 1270/1384/1258 1277/1385/1259 1276/1382/1256
f 1270/1384/1258 1271/1386/1260 1278/1387/1261 1277/1385/1259
f 1271/1386/1260 1272/1388/1262 1279/1389/1263 1278/1387/1261
f 1272/1388/1262 1273/1390/1264 1280/1391/1265 1279/1389/1263
f 1273/1390/1264 1274/1392/1266 1281/1393/1267 1280/1391/1265
f 1275/1383/1257 1276/1382/1256 1283/1394/1268 1282/1395/1269
f 1276/1382/1256 1277/1385/1259 1284/1396/1270 1283/1394/1268
f 1277/1385/1259 1278/1387/1261 1285/1397/1271 1284/1396/1270
f 1278/1387/1261 1279/1389/1263 1286/1398/1272 1285/1397/1271
f 1279/1389/1263 1280/1391/1265 1287/1399/1273 1286/1398/1272
f 1280/1391/1265 1281/1393/1267 1288/1400/1274 1287/1399/1273
f 1282/1395/1269 1283/1394/1268 1290/1401/1275 1289/1402/1276
f 1283/1394/1268 1284/1396/1270 1291/1403/1277 1290/1401/1275
f 1284/1396/1270 1285/1397/1271 1292/1404/1278 1291/1403/1277
f 1285/1397/1271 1286/1398/1272 1293/1405/1279 1292/1404/1278
f 1286/1398/1272 1287/1399/1273 1294/1406/1280 1293/1405/1279
f 1287/1399/1273 1288/1400/1274 1295/1407/1281 1294/1406/1280
f 1289/1402/1276 1290/1401/1275 1297/1408/1282 1296/1409/1283
f 1290/1401/1275 1291/1403/1277 1298/1410/1284 1297/1408/1282
f 1291/1403/1277 1292/1404/1278 1299/1411/1285 1298/1410/1284
f 1292/1404/1278 1293/1405/1279 1300/1412/1286 1299/1411/1285
f 1293/1405/1279 1294/1406/1280 1301/1413/1287 1300/1412/1286
f 1294/1406/1280 1295/1407/1281 1302/1414/1288 1301/1413/1287
f 1296/1409/1283 1297/1408/1282 1304/1415/1289 1303/1416/1290
f 1297/1408/1282 1298/1410/1284 1305/1417/1291 1304/1415/1289
f 1298/1410/1284 1299/1411/1285 1306/1418/1292 1305/1417/1291
f 1299/1411/1285 1300/1412/1286 1307/1419/1293 1306/1418/1292
f 1300/1412/1286 1301/1413/1287 1308/1420/1294 1307/1419/1293
f 1301/1413/1287 1302/1414/1288 1309/1421/1295 1308/1420/1294
f 1303/1416/1290 1304/1415/1289 1311/1422/1296 1310/1423/1297
f 1304/1415/1289 1305/1417/1291 1312/1424/1298 1311/1422/1296
f 1305/1417/1291 1306/1418/1292 1313/1425/1299 1312/1424/1298
f 1306/1418/1292 1307/1419/1293 1314/1426/1300 1313/1425/1299
f 1307/1419/1293 1308/1420/1294 1315/1427/1301 1314/1426/1300
f 1308/1420/1294 1309/1421/1295 1316/1428/1302 1315/1427/1301
f 1033/1374/1248 1106/1372/1246 1268/1380/1254 1113/1429/1303
f 1106/1372/1246 1105/1371/1245 1269/1381/1255 1268/1380/1254
f 1105/1371/1245 1104/1370/1244 1270/1384/1258 1269/1381/1255
f 1104/1370/1244 1103/1369/1243 1271/1386/1260 1270/1384/1258
f 1103/1369/1243 1102/1368/1242 1272/1388/1262 1271/1386/1260
f 1102/1368/1242 1101/1367/1241 1273/1390/1264 1272/1388/1262
f 1101/1367/1241 1100/1366/1240 1274/1392/1266 1273/1390/1264
f 1100/1366/1240 1034/1365/1239 1114/1430/1304 1274/1392/1266
f 1274/1392/1266 1114/1430/1304 1115/1431/1305 1281/1393/1267
f 1281/1393/1267 1115/1431/1305 1116/1432/1306 1288/1400/1274
f 1288/1400/1274 1116/1432/1306 1117/1433/1307 1295/1407/1281
f 1295/1407/1281 1117/1433/1307 1118/1434/1308 1302/1414/1288
f 1302/1414/1288 1118/1434/1308 1119/1435/1309 1309/1421/1295
f 1309/1421/1295 1119/1435/1309 1120/1436/1310 1316/1428/1302
f 1316/1428/1302 1120/1436/1310 1030/1437/1087 1050/1438/1086
f 1315/1427/1301 1316/1428/1302 1050/1438/1086 1049/1439/1085
f 1314/1426/1300 1315/1427/1301 1049/1439/1085 1048/1440/1084
f 1313/1425/1299 1314/1426/1300 1048/1440/1084 1047/1441/1083
f 1312/1424/1298 1313/1425/1299 1047/1441/1083 1046/1442/1082
f 1311/1422/1296 1312/1424/1298 1046/1442/1082 1045/1443/1081
f 1310/1423/1297 1311/1422/1296 1045/1443/1081 1044/1444/1079
f 1107/1445/1311 1310/1423/1297 1044/1444/1079 1029/1446/1078
f 1108/1447/1312 1303/1416/1290 1310/1423/1297 1107/1445/1311
f 1109/1448/1313 1296/1409/1283 1303/1416/1290 1108/1447/1312
f 1110/1449/1314 1289/1402/1276 1296/1409/1283 1109/1448/1313
f 1111/1450/1315 1282/1395/1269 1289/1402/1276 1110/1449/1314
f 1112/1451/1316 1275/1383/1257 1282/1395/1269 1111/1450/1315
f 1113/1429/1303 1268/1380/1254 1275/1383/1257 1112/1451/1316
f 1317/1452/1317 1318/1453/1318 1325/1454/1319 1324/1455/1320
f 1318/1453/1318 1319/1456/1321 1326/1457/1322 1325/1454/1319
f 1319/1456/1321 1320/1458/1323 1327/1459/1324 1326/1457/1322
f 1320/1458/1323 1321/1460/1325 1328/1461/1326 1327/1459/1324
f 1321/1460/1325 1322/1462/1327 1329/1463/1328 1328/1461/1326
f 1322/1462/1327 1323/1464/1329 1330/1465/1330 1329/1463/1328
f 1324/1455/1320 1325/1454/1319 1332/1466/1331 1331/1467/1332
f 1325/1454/1319 1326/1457/1322 1333/1468/1333 1332/1466/1331
f 1326/1457/1322 1327/1459/1324 1334/1469/1334 1333/1468/1333
f 1327/1459/1324 1328/1461/1326 1335/1470/1335 1334/1469/1334
f 1328/1461/1326 1329/1463/1328 1336/1471/1336 1335/1470/1335
f 1329/1463/1328 1330/1465/1330 1337/1472/1337 1336/1471/1336
f 1331/1467/1332 1332/1466/1331 1339/1473/1338 1338/1474/1339
f 1332/1466/1331 1333/1468/1333 1340/1475/1340 1339/1473/1338
f 1333/1468/1333 1334/1469/1334 1341/1476/1341 1340/1475/1340
f 1334/1469/1334 1335/1470/1335 1342/1477/1342 1341/1476/1341
f 1335/1470/1335 1336/1471/1336 1343/1478/1343 1342/1477/1342
f 1336/1471/1336 1337/1472/1337 1344/1479/1344 1343/1478/1343
f 1338/1474/1339 1339/1473/1338 1346/1480/1345 1345/1481/1346
f 1339/1473/1338 1340/1475/1340 1347/1482/1347 1346/1480/1345
f 1340/1475/1340 1341/1476/1341 1348/1483/1348 1347/1482/1347
f 1341/1476/1341 1342/1477/1342 1349/1484/1349 1348/1483/1348
f 1342/1477/1342 1343/1478/1343 1350/1485/1350 1349/1484/1349
f 1343/1478/1343 1344/1479/1344 1351/1486/1351 1350/1485/1350
f 1345/1481/1346 1346/1480/1345 1353/1487/1352 1352/1488/1353
f 1346/1480/1345 1347/1482/1347 1354/1489/1354 1353/1487/1352
f 1347/1482/1347 1348/1483/1348 1355/1490/1355 1354/1489/1354
f 1348/1483/1348 1349/1484/1349 1356/1491/1356 1355/1490/1355
f 1349/1484/1349 1350/1485/1350 1357/1492/1357 1356/1491/1356
f 1350/1485/1350 1351/1486/1351 1358/1493/1358 1357/1492/1357
f 1352/1488/1353 1353/1487/1352 1360/1494/1359 1359/1495/1360
f 1353/1487/1352 1354/1489/1354 1361/1496/1361 1360/1494/1359
f 1354/1489/1354 1355/1490/1355 1362/1497/1362 1361/1496/1361
f 1355/1490/1355 1356/1491/1356 1363/1498/1363 1362/1497/1362
f 1356/1491/1356 1357/1492/1357 1364/1499/1364 1363/1498/1363
f 1357/1492/1357 1358/1493/1358 1365/1500/1365 1364/1499/1364
f 1031/1501/1104 1071/1502/1159 1317/1452/1317 1037/1503/1103
f 1071/1502/1159 1070/1504/1181 1318/1453/1318 1317/1452/1317
f 1070/1504/1181 1069/1505/1180 1319/1456/1321 1318/1453/1318
f 1069/1505/1180 1068/1506/1179 1320/1458/1323 1319/1456/1321
f 1068/1506/1179 1067/1507/1178 1321/1460/1325 1320/1458/1323
f 1067/1507/1178 1066/1508/1177 1322/1462/1327 1321/1460/1325
f 1066/1508/1177 1065/1509/1175 1323/1464/1329 1322/1462/1327
f 1065/1509/1175 1035/1302/1176 1092/1357/1231 1323/1464/1329
f 1323/1464/1329 1092/1357/1231 1091/1379/1253 1330/1465/1330
f 1330/1465/1330 1091/1379/1253 1090/1378/1252 1337/1472/1337
f 1337/1472/1337 1090/1378/1252 1089/1377/1251 1344/1479/1344
f 1344/1479/1344 1089/1377/1251 1088/1376/1250 1351/1486/1351
f 1351/1486/1351 1088/1376/1250 1087/1375/1249 1358/1493/1358
f 1358/1493/1358 1087/1375/1249 1086/1373/1247 1365/1500/1365
f 1365/1500/1365 1086/1373/1247 1033/1374/1248 1113/1510/1303
f 1364/1499/1364 1365/1500/1365 1113/1510/1303 1112/1511/1316
f 1363/1498/1363 1364/1499/1364 1112/1511/1316 1111/1512/1315
f 1362/1497/1362 1363/1498/1363 1111/1512/1315 1110/1513/1314
f 1361/1496/1361 1362/1497/1362 1110/1513/1314 1109/1514/1313
f 1360/1494/1359 1361/1496/1361 1109/1514/1313 1108/1515/1312
f 1359/1495/1360 1360/1494/1359 1108/1515/1312 1107/1516/1311
f 1043/1517/1080 1359/1495/1360 1107/1516/1311 1029/1518/1078
f 1042/1519/1109 1352/1488/1353 1359/1495/1360 1043/1517/1080
f 1041/1520/1108 1345/1481/1346 1352/1488/1353 1042/1519/1109
f 1040/1521/1107 1338/1474/1339 1345/1481/1346 1041/1520/1108
f 1039/1522/1106 1331/1467/1332 1338/1474/1339 1040/1521/1107
f 1038/1523/1105 1324/1455/1320 1331/1467/1332 1039/1522/1106
f 1037/1503/1103 1317/1452/1317 1324/1455/1320 1038/1523/1105
f 1366/1524/1366 1367/1525/1367 1374/1526/1368 1373/1527/1369
f 1367/1525/1367 1368/1528/1370 1375/1529/1371 1374/1526/1368
f 1368/1528/1370 1369/1530/1372 1376/1531/1373 1375/1529/1371
f 1369/1530/1372 1370/1532/1374 1377/1533/1375 1376/1531/1373
f 1370/1532/1374 1371/1534/1376 1378/1535/1377 1377/1533/1375
f 1371/1534/1376 1372/1536/1378 1379/1537/1379 1378/1535/1377
f 1373/1527/1369 1374/1526/1368 1381/1538/1380 1380/1539/1381
f 1374/1526/1368 1375/1529/1371 1382/1540/1382 1381/1538/1380
f 1375/1529/1371 1376/1531/1373 1383/1541/1383 1382/1540/1382
f 1376/1531/1373 1377/1533/1375 1384/1542/1384 1383/1541/1383
f 1377/1533/1375 1378/1535/1377 1385/1543/1385 1384/1542/1384
f 1378/1535/1377 1379/1537/1379 1386/1544/1386 1385/1543/1385
f 1380/1539/1381 1381/1538/1380 1388/1545/1387 1387/1546/1388
f 1381/1538/1380 1382/1540/1382 1389/1547/1389 1388/1545/1387
f 1382/1540/1382 1383/1541/1383 1390/1548/1390 1389/1547/1389
f 1383/1541/1383 1384/1542/1384 1391/1549/1391 1390/1548/1390
f 1384/1542/1384 1385/1543/1385 1392/1550/1392 1391/1549/1391
f 1385/1543/1385 1386/1544/1386 1393/1551/1393 1392/1550/1392
f 1387/1546/1388 1388/1545/1387 1395/1552/1394 1394/1553/1395
f 1388/1545/1387 1389/1547/1389 1396/1554/1396 1395/1552/1394
f 1389/1547/1389 1390/1548/1390 1397/1555/1397 1396/1554/1396
f 1390/1548/1390 1391/1549/1391 1398/1556/1398 1397/1555/1397
f 1391/1549/1391 1392/1550/1392 1399/1557/1399 1398/1556/1398
f 1392/1550/1392 1393/1551/1393 1400/1558/1400 1399/1557/1399
f 1394/1553/1395 1395/1552/1394 1402/1559/1401 1401/1560/1402
f 1395/1552/1394 1396/1554/1396 1403/1561/1403 1402/1559/1401
f 1396/1554/1396 1397/1555/1397 1404/1562/1404 1403/1561/1403
f 1397/1555/1397 1398/1556/1398 1405/1563/1405 1404/1562/1404
f 1398/1556/1398 1399/1557/1399 1406/1564/1406 1405/1563/1405
f 1399/1557/1399 1400/1558/1400 1407/1565/1407 1406/1564/1406
f 1401/1560/1402 1402/1559/1401 1409/1566/1408 1408/1567/1409
f 1402/1559/1401 1403/1561/1403 1410/1568/1410 1409/1566/1408
f 1403/1561/1403 1404/1562/1404 1411/1569/1411 1410/1568/1410
f 1404/1562/1404 1405/1563/1405 1412/1570/1412 1411/1569/1411
f 1405/1563/1405 1406/1564/1406 1413/1571/1413 1412/1570/1412
f 1406/1564/1406 1407/1565/1407 1414/1572/1414 1413/1571/1413
f 1036/1293/1167 1078/1573/1166 1366/1524/1366 1093/1358/1232
f 1078/1573/1166 1077/1574/1165 1367/1525/1367 1366/1524/1366
f 1077/1574/1165 1076/1575/1164 1368/1528/1370 1367/1525/1367
f 1076/1575/1164 1075/1576/1163 1369/1530/1372 1368/1528/1370
f 1075/1576/1163 1074/1577/1162 1370/1532/1374 1369/1530/1372
f 1074/1577/1162 1073/1578/1161 1371/1534/1376 1370/1532/1374
f 1073/1578/1161 1072/1579/1160 1372/1536/1378 1371/1534/1376
f 1072/1579/1160 1032/1580/1095 1057/1581/1094 1372/1536/1378
f 1372/1536/1378 1057/1581/1094 1056/1582/1093 1379/1537/1379
f 1379/1537/1379 1056/1582/1093 1055/1583/1092 1386/1544/1386
f 1386/1544/1386 1055/1583/1092 1054/1584/1091 1393/1551/1393
f 1393/1551/1393 1054/1584/1091 1053/1585/1090 1400/1558/1400
f 1400/1558/1400 1053/1585/1090 1052/1586/1089 1407/1565/1407
f 1407/1565/1407 1052/1586/1089 1051/1587/1088 1414/1572/1414
f 1414/1572/1414 1051/1587/1088 1030/1588/1087 1120/1589/1310
f 1413/1571/1413 1414/1572/1414 1120/1589/1310 1119/1590/1309
f 1412/1570/1412 1413/1571/1413 1119/1590/1309 1118/1591/1308
f 1411/1569/1411 1412/1570/1412 1118/1591/1308 1117/1592/1307
f 1410/1568/1410 1411/1569/1411 1117/1592/1307 1116/1593/1306
f 1409/1566/1408 1410/1568/1410 1116/1593/1306 1115/1594/1305
f 1408/1567/1409 1409/1566/1408 1115/1594/1305 1114/1595/1304
f 1099/1364/1238 1408/1567/1409 1114/1595/1304 1034/1365/1239
f 1098/1363/1237 1401/1560/1402 1408/1567/1409 1099/1364/1238
f 1097/1362/1236 1394/1553/1395 1401/1560/1402 1098/1363/1237
f 1096/1361/1235 1387/1546/1388 1394/1553/1395 1097/1362/1236
f 1095/1360/1234 1380/1539/1381 1387/1546/1388 1096/1361/1235
f 1094/1359/1233 1373/1527/1369 1380/1539/1381 1095/1360/1234
f 1093/1358/1232 1366/1524/1366 1373/1527/1369 1094/1359/1233
o Cubo.004
v -0.415424 0.445818 0.578937
v -0.415424 0.556519 0.578937
v -0.415424 0.445818 0.435385
v -0.415424 0.556519 0.435385
v -0.302895 0.445818 0.578937
v -0.302895 0.556519 0.578937
v -0.302895 0.445818 0.435385
v -0.302895 0.556519 0.435385
v -0.419376 0.441931 0.447033
v -0.423631 0.437743 0.464576
v -0.426636 0.434787 0.485139
v -0.427753 0.433688 0.507160
v -0.426636 0.434787 0.529181
v -0.423631 0.437743 0.549746
v -0.419376 0.441931 0.567288
v -0.419376 0.454801 0.583978
v -0.423631 0.468328 0.589406
v -0.426636 0.484186 0.593239
v -0.427753 0.501168 0.594665
v -0.426636 0.518150 0.593239
v -0.423631 0.534008 0.589406
v -0.419376 0.547536 0.583978
v -0.419376 0.560406 0.567288
v -0.423631 0.564592 0.549746
v -0.426636 0.567549 0.529181
v -0.427753 0.568648 0.507160
v -0.426636 0.567549 0.485139
v -0.423631 0.564592 0.464576
v -0.419376 0.560406 0.447033
v -0.419376 0.547536 0.430342
v -0.423631 0.534008 0.424915
v -0.426636 0.518150 0.421081
v -0.427753 0.501168 0.419655
v -0.426636 0.484186 0.421081
v -0.423631 0.468328 0.424915
v -0.419376 0.454801 0.430342
v -0.312027 0.441931 0.430342
v -0.325778 0.437743 0.424915
v -0.341898 0.434787 0.421081
v -0.359160 0.433688 0.419655
v -0.376422 0.434787 0.421081
v -0.392541 0.437743 0.424915
v -0.406292 0.441931 0.430342
v -0.406292 0.560406 0.430342
v -0.392541 0.564592 0.424915
v -0.376422 0.567549 0.421081
v -0.359160 0.568648 0.419655
v -0.341898 0.567549 0.421081
v -0.325778 0.564592 0.424915
v -0.312027 0.560406 0.430342
v -0.298944 0.547536 0.430342
v -0.294688 0.534008 0.424915
v -0.291683 0.518150 0.421081
v -0.290566 0.501168 0.419655
v -0.291683 0.484186 0.421081
v -0.294688 0.468328 0.424915
v -0.298944 0.454801 0.430342
v -0.298944 0.441931 0.567288
v -0.294688 0.437743 0.549746
v -0.291683 0.434787 0.529181
v -0.290566 0.433688 0.507160
v -0.291683 0.434787 0.485139
v -0.294689 0.437743 0.464575
v -0.298944 0.441931 0.447033
v -0.298944 0.560406 0.447033
v -0.294689 0.564592 0.464575
v -0.291683 0.567549 0.485139
v -0.290566 0.568648 0.507160
v -0.291683 0.567549 0.529181
v -0.294688 0.564592 0.549746
v -0.298944 0.560406 0.567288
v -0.298944 0.547536 0.583978
v -0.294688 0.534008 0.589406
v -0.291683 0.518150 0.593239
v -0.290566 0.501168 0.594665
v -0.291683 0.484186 0.593239
v -0.294689 0.468328 0.589406
v -0.298944 0.454801 0.583978
v -0.406292 0.441931 0.583978
v -0.392541 0.437743 0.589406
v -0.376422 0.434787 0.593239
v -0.359160 0.433688 0.594665
v -0.341898 0.434787 0.593239
v -0.325778 0.437743 0.589406
v -0.312027 0.441931 0.583978
v -0.312027 0.560406 0.583978
v -0.325778 0.564592 0.589406
v -0.341898 0.567549 0.593239
v -0.359160 0.568648 0.594665
v -0.376422 0.567549 0.593239
v -0.392541 0.564592 0.589406
v -0.406292 0.560406 0.583978
v -0.427854 0.453372 0.569140
v -0.433894 0.467627 0.572519
v -0.437708 0.483888 0.575261
v -0.439050 0.501168 0.576351
v -0.437708 0.518448 0.575261
v -0.433894 0.534709 0.572519
v -0.427854 0.548964 0.569140
v -0.433894 0.450766 0.550654
v -0.441192 0.466170 0.552545
v -0.445632 0.483244 0.554255
v -0.447138 0.501168 0.554983
v -0.445632 0.519093 0.554255
v -0.441192 0.536167 0.552545
v -0.433894 0.551572 0.550654
v -0.437708 0.448651 0.529567
v -0.445632 0.464850 0.530404
v -0.450405 0.482617 0.531217
v -0.452002 0.501168 0.531581
v -0.450405 0.519720 0.531217
v -0.445632 0.537487 0.530404
v -0.437708 0.553685 0.529567
v -0.439050 0.447812 0.507160
v -0.447138 0.464289 0.507160
v -0.452002 0.482336 0.507160
v -0.453628 0.501168 0.507160
v -0.452002 0.520000 0.507160
v -0.447138 0.538047 0.507160
v -0.439050 0.554526 0.507160
v -0.437708 0.448651 0.484753
v -0.445632 0.464850 0.483916
v -0.450405 0.482617 0.483104
v -0.452002 0.501168 0.482740
v -0.450405 0.519720 0.483104
v -0.445632 0.537487 0.483916
v -0.437708 0.553685 0.484753
v -0.433894 0.450766 0.463666
v -0.441192 0.466170 0.461775
v -0.445632 0.483244 0.460065
v -0.447138 0.501168 0.459337
v -0.445632 0.519093 0.460065
v -0.441192 0.536167 0.461775
v -0.433894 0.551572 0.463666
v -0.427854 0.453372 0.445180
v -0.433894 0.467627 0.441800
v -0.437708 0.483888 0.439059
v -0.439050 0.501168 0.437970
v -0.437708 0.518448 0.439059
v -0.433894 0.534709 0.441800
v -0.427854 0.548964 0.445181
v -0.407746 0.453372 0.419527
v -0.410394 0.467627 0.411822
v -0.412543 0.483888 0.406956
v -0.413397 0.501168 0.405245
v -0.412543 0.518448 0.406956
v -0.410394 0.534709 0.411822
v -0.407746 0.548964 0.419527
v -0.393254 0.450766 0.411822
v -0.394737 0.466170 0.402512
v -0.396077 0.483244 0.396848
v -0.396648 0.501168 0.394926
v -0.396077 0.519093 0.396848
v -0.394737 0.536167 0.402512
v -0.393254 0.551572 0.411822
v -0.376724 0.448651 0.406956
v -0.377380 0.464850 0.396848
v -0.378017 0.482617 0.390758
v -0.378303 0.501168 0.388720
v -0.378017 0.519720 0.390758
v -0.377381 0.537487 0.396848
v -0.376724 0.553685 0.406956
v -0.359160 0.447812 0.405245
v -0.359160 0.464289 0.394927
v -0.359160 0.482336 0.388720
v -0.359160 0.501168 0.386647
v -0.359160 0.520000 0.388720
v -0.359160 0.538047 0.394927
v -0.359160 0.554526 0.405245
v -0.341595 0.448651 0.406956
v -0.340940 0.464850 0.396848
v -0.340302 0.482617 0.390758
v -0.340017 0.501168 0.388720
v -0.340302 0.519720 0.390758
v -0.340940 0.537487 0.396848
v -0.341595 0.553685 0.406956
v -0.325065 0.450766 0.411822
v -0.323584 0.466170 0.402512
v -0.322242 0.483244 0.396848
v -0.321671 0.501168 0.394927
v -0.322242 0.519093 0.396848
v -0.323584 0.536167 0.402512
v -0.325065 0.551572 0.411822
v -0.310575 0.453372 0.419527
v -0.307925 0.467627 0.411822
v -0.305776 0.483888 0.406956
v -0.304922 0.501168 0.405245
v -0.305776 0.518448 0.406956
v -0.307925 0.534709 0.411822
v -0.310575 0.548964 0.419527
v -0.290466 0.453372 0.445181
v -0.284425 0.467627 0.441800
v -0.280611 0.483888 0.439059
v -0.279271 0.501168 0.437970
v -0.280611 0.518448 0.439059
v -0.284425 0.534709 0.441800
v -0.290466 0.548964 0.445181
v -0.284425 0.450766 0.463666
v -0.277127 0.466170 0.461775
v -0.272688 0.483244 0.460065
v -0.271182 0.501168 0.459337
v -0.272688 0.519093 0.460065
v -0.277127 0.536167 0.461775
v -0.284425 0.551572 0.463666
v -0.280611 0.448651 0.484753
v -0.272688 0.464850 0.483916
v -0.267915 0.482617 0.483104
v -0.266316 0.501168 0.482740
v -0.267915 0.519720 0.483104
v -0.272688 0.537487 0.483916
v -0.280611 0.553685 0.484753
v -0.279270 0.447812 0.507160
v -0.271182 0.464289 0.507160
v -0.266316 0.482336 0.507160
v -0.264691 0.501168 0.507160
v -0.266316 0.520000 0.507160
v -0.271182 0.538047 0.507160
v -0.279271 0.554526 0.507160
v -0.280611 0.448651 0.529567
v -0.272688 0.464850 0.530404
v -0.267915 0.482617 0.531217
v -0.266317 0.501168 0.531581
v -0.267915 0.519720 0.531217
v -0.272688 0.537487 0.530404
v -0.280611 0.553685 0.529567
v -0.284425 0.450766 0.550654
v -0.277127 0.466170 0.552545
v -0.272688 0.483244 0.554255
v -0.271182 0.501168 0.554983
v -0.272688 0.519093 0.554255
v -0.277127 0.536167 0.552545
v -0.284425 0.551572 0.550654
v -0.290466 0.453372 0.569140
v -0.284425 0.467627 0.572520
v -0.280611 0.483888 0.575261
v -0.279271 0.501168 0.576351
v -0.280611 0.518448 0.575261
v -0.284425 0.534709 0.572520
v -0.290466 0.548964 0.569140
v -0.310575 0.453372 0.594794
v -0.307925 0.467627 0.602498
v -0.305776 0.483888 0.607364
v -0.304922 0.501168 0.609076
v -0.305776 0.518448 0.607364
v -0.307925 0.534709 0.602498
v -0.310575 0.548964 0.594794
v -0.325065 0.450766 0.602498
v -0.323584 0.466170 0.611808
v -0.322242 0.483244 0.617473
v -0.321671 0.501168 0.619394
v -0.322242 0.519093 0.617473
v -0.323584 0.536167 0.611808
v -0.325065 0.551572 0.602498
v -0.341595 0.448651 0.607364
v -0.340940 0.464850 0.617473
v -0.340302 0.482617 0.623561
v -0.340017 0.501168 0.625600
v -0.340302 0.519720 0.623561
v -0.340940 0.537487 0.617473
v -0.341595 0.553685 0.607364
v -0.359160 0.447812 0.609076
v -0.359160 0.464289 0.619394
v -0.359160 0.482336 0.625600
v -0.359160 0.501168 0.627674
v -0.359160 0.520000 0.625600
v -0.359160 0.538047 0.619394
v -0.359160 0.554526 0.609076
v -0.376724 0.448651 0.607364
v -0.377380 0.464850 0.617473
v -0.378017 0.482617 0.623561
v -0.378303 0.501168 0.625600
v -0.378017 0.519720 0.623561
v -0.377380 0.537487 0.617472
v -0.376724 0.553685 0.607364
v -0.393254 0.450766 0.602498
v -0.394737 0.466170 0.611808
v -0.396077 0.483244 0.617472
v -0.396648 0.501168 0.619394
v -0.396077 0.519093 0.617472
v -0.394737 0.536167 0.611808
v -0.393254 0.551572 0.602498
v -0.407746 0.453372 0.594794
v -0.410394 0.467627 0.602498
v -0.412543 0.483888 0.607364
v -0.413397 0.501168 0.609076
v -0.412543 0.518448 0.607364
v -0.410394 0.534709 0.602498
v -0.407746 0.548964 0.594794
v -0.407746 0.433590 0.445181
v -0.393254 0.427648 0.441800
v -0.376724 0.423895 0.439059
v -0.359160 0.422575 0.437970
v -0.341595 0.423895 0.439059
v -0.325065 0.427648 0.441800
v -0.310575 0.433590 0.445181
v -0.410394 0.427648 0.463666
v -0.394737 0.420468 0.461775
v -0.377380 0.416099 0.460065
v -0.359160 0.414618 0.459337
v -0.340940 0.416099 0.460065
v -0.323584 0.420468 0.461775
v -0.307925 0.427648 0.463666
v -0.412543 0.423895 0.484753
v -0.396077 0.416099 0.483916
v -0.378017 0.411404 0.483104
v -0.359160 0.409832 0.482740
v -0.340302 0.411404 0.483104
v -0.322242 0.416099 0.483916
v -0.305776 0.423895 0.484753
v -0.413397 0.422575 0.507160
v -0.396648 0.414618 0.507160
v -0.378303 0.409832 0.507160
v -0.359160 0.408233 0.507160
v -0.340017 0.409832 0.507160
v -0.321671 0.414618 0.507160
v -0.304922 0.422575 0.507160
v -0.412543 0.423895 0.529567
v -0.396077 0.416099 0.530404
v -0.378017 0.411404 0.531217
v -0.359160 0.409832 0.531581
v -0.340302 0.411404 0.531217
v -0.322242 0.416099 0.530404
v -0.305776 0.423895 0.529567
v -0.410394 0.427648 0.550654
v -0.394737 0.420468 0.552545
v -0.377381 0.416099 0.554255
v -0.359160 0.414618 0.554983
v -0.340940 0.416099 0.554255
v -0.323584 0.420468 0.552545
v -0.307925 0.427648 0.550654
v -0.407746 0.433590 0.569140
v -0.393254 0.427648 0.572520
v -0.376724 0.423895 0.575261
v -0.359160 0.422575 0.576351
v -0.341595 0.423895 0.575261
v -0.325065 0.427648 0.572520
v -0.310575 0.433590 0.569140
v -0.310575 0.568747 0.445181
v -0.325065 0.574689 0.441800
v -0.341595 0.578441 0.439059
v -0.359160 0.579761 0.437970
v -0.376724 0.578441 0.439059
v -0.393254 0.574689 0.441800
v -0.407746 0.568747 0.445181
v -0.307925 0.574689 0.463666
v -0.323584 0.581868 0.461775
v -0.340940 0.586237 0.460065
v -0.359160 0.587718 0.459337
v -0.377380 0.586237 0.460065
v -0.394737 0.581868 0.461775
v -0.410394 0.574689 0.463666
v -0.305776 0.578441 0.484753
v -0.322242 0.586237 0.483916
v -0.340302 0.590932 0.483104
v -0.359160 0.592504 0.482740
v -0.378017 0.590932 0.483104
v -0.396077 0.586237 0.483916
v -0.412543 0.578441 0.484753
v -0.304922 0.579761 0.507160
v -0.321671 0.587718 0.507160
v -0.340017 0.592504 0.507160
v -0.359160 0.594103 0.507160
v -0.378303 0.592504 0.507160
v -0.396648 0.587718 0.507160
v -0.413397 0.579761 0.507160
v -0.305776 0.578441 0.529567
v -0.322242 0.586237 0.530404
v -0.340302 0.590932 0.531217
v -0.359160 0.592504 0.531581
v -0.378017 0.590932 0.531217
v -0.396077 0.586237 0.530404
v -0.412543 0.578441 0.529567
v -0.307925 0.574689 0.550654
v -0.323584 0.581868 0.552545
v -0.340940 0.586237 0.554255
v -0.359160 0.587718 0.554983
v -0.377380 0.586237 0.554255
v -0.394737 0.581868 0.552545
v -0.410394 0.574689 0.550654
v -0.310575 0.568747 0.569140
v -0.325065 0.574689 0.572520
v -0.341595 0.578441 0.575261
v -0.359160 0.579761 0.576351
v -0.376724 0.578441 0.575261
v -0.393254 0.574689 0.572520
v -0.407746 0.568747 0.569140
vn -0.7653 -0.5097 0.3931
vn -0.8366 -0.3537 0.4183
vn -0.8953 -0.3527 0.2722
vn -0.8094 -0.5246 0.2639
vn -0.8816 -0.1846 0.4343
vn -0.9439 -0.1792 0.2775
vn -0.8979 -0.0000 0.4403
vn -0.9601 -0.0000 0.2797
vn -0.8816 0.1846 0.4344
vn -0.9438 0.1792 0.2776
vn -0.8366 0.3537 0.4183
vn -0.8953 0.3527 0.2721
vn -0.7653 0.5097 0.3931
vn -0.8094 0.5246 0.2639
vn -0.9258 -0.3529 0.1356
vn -0.8351 -0.5333 0.1349
vn -0.9750 -0.1758 0.1357
vn -0.9908 -0.0000 0.1357
vn -0.9749 0.1759 0.1363
vn -0.9258 0.3529 0.1356
vn -0.8351 0.5333 0.1349
vn -0.9356 -0.3530 -0.0000
vn -0.8436 -0.5369 -0.0000
vn -0.9846 -0.1746 -0.0000
vn -1.0000 -0.0000 -0.0000
vn -0.9846 0.1746 -0.0000
vn -0.9356 0.3530 -0.0000
vn -0.8440 0.5364 -0.0000
vn -0.9258 -0.3529 -0.1353
vn -0.8350 -0.5333 -0.1353
vn -0.9750 -0.1758 -0.1357
vn -0.9908 -0.0000 -0.1355
vn -0.9750 0.1758 -0.1356
vn -0.9258 0.3529 -0.1356
vn -0.8348 0.5338 -0.1349
vn -0.8953 -0.3527 -0.2721
vn -0.8091 -0.5249 -0.2641
vn -0.9438 -0.1792 -0.2776
vn -0.9601 -0.0000 -0.2795
vn -0.9438 0.1792 -0.2776
vn -0.8953 0.3527 -0.2722
vn -0.8094 0.5246 -0.2639
vn -0.8366 -0.3537 -0.4183
vn -0.7653 -0.5097 -0.3931
vn -0.8816 -0.1846 -0.4344
vn -0.8979 -0.0000 -0.4402
vn -0.8816 0.1846 -0.4344
vn -0.8366 0.3537 -0.4183
vn -0.7653 0.5097 -0.3931
vn -0.6145 -0.6248 0.4817
vn -0.6775 -0.5090 0.5310
vn -0.6498 -0.6603 0.3766
vn -0.7332 -0.3633 0.5748
vn -0.7722 -0.1931 0.6053
vn -0.7870 -0.0000 0.6169
vn -0.7722 0.1931 0.6053
vn -0.7332 0.3633 0.5748
vn -0.6775 0.5090 0.5310
vn -0.6145 0.6248 0.4817
vn -0.6498 0.6603 0.3766
vn -0.6775 0.6884 0.2589
vn -0.6951 0.7062 0.1344
vn -0.7010 0.7132 -0.0000
vn -0.6951 0.7062 -0.1344
vn -0.6775 0.6883 -0.2593
vn -0.6498 0.6603 -0.3766
vn -0.6145 0.6248 -0.4817
vn -0.6775 0.5090 -0.5310
vn -0.7332 0.3633 -0.5748
vn -0.7722 0.1931 -0.6053
vn -0.7870 -0.0000 -0.6170
vn -0.7722 -0.1931 -0.6053
vn -0.7332 -0.3633 -0.5748
vn -0.6775 -0.5090 -0.5310
vn -0.6498 -0.6603 -0.3766
vn -0.6145 -0.6248 -0.4817
vn -0.6775 -0.6883 -0.2594
vn -0.6951 -0.7062 -0.1344
vn -0.7012 -0.7130 -0.0000
vn -0.6951 -0.7062 0.1344
vn -0.6775 -0.6883 0.2594
vn -0.5373 -0.5461 -0.6427
vn -0.5823 -0.3859 -0.7156
vn -0.4042 -0.4108 -0.8172
vn -0.3785 -0.5898 -0.7134
vn -0.6124 -0.2040 -0.7638
vn -0.4218 -0.2134 -0.8812
vn -0.6238 -0.0000 -0.7816
vn -0.4281 -0.0000 -0.9037
vn -0.6124 0.2040 -0.7638
vn -0.4218 0.2134 -0.8812
vn -0.5823 0.3859 -0.7156
vn -0.4042 0.4108 -0.8172
vn -0.5373 0.5461 -0.6428
vn -0.3785 0.5898 -0.7133
vn -0.2096 -0.4276 -0.8793
vn -0.1997 -0.6188 -0.7597
vn -0.2154 -0.2189 -0.9517
vn -0.2173 -0.0000 -0.9761
vn -0.2154 0.2189 -0.9517
vn -0.2096 0.4276 -0.8793
vn -0.1996 0.6194 -0.7592
vn -0.0000 -0.4337 -0.9011
vn -0.0000 -0.6297 -0.7768
vn -0.0000 -0.2207 -0.9753
vn -0.0000 -0.0000 -1.0000
vn -0.0000 0.2207 -0.9753
vn -0.0000 0.4336 -0.9011
vn -0.0000 0.6297 -0.7768
vn 0.2096 -0.4276 -0.8793
vn 0.1997 -0.6188 -0.7597
vn 0.2154 -0.2189 -0.9517
vn 0.2173 -0.0000 -0.9761
vn 0.2154 0.2189 -0.9517
vn 0.2095 0.4276 -0.8793
vn 0.1997 0.6189 -0.7597
vn 0.4042 -0.4108 -0.8172
vn 0.3785 -0.5898 -0.7134
vn 0.4218 -0.2134 -0.8812
vn 0.4281 -0.0000 -0.9037
vn 0.4218 0.2134 -0.8812
vn 0.4042 0.4108 -0.8172
vn 0.3785 0.5898 -0.7133
vn 0.5822 -0.3859 -0.7156
vn 0.5373 -0.5461 -0.6428
vn 0.6124 -0.2040 -0.7638
vn 0.6237 -0.0000 -0.7817
vn 0.6124 0.2040 -0.7638
vn 0.5823 0.3859 -0.7156
vn 0.5373 0.5460 -0.6428
vn -0.4989 -0.6866 -0.5288
vn -0.4990 0.6861 -0.5294
vn -0.3551 0.7401 -0.5710
vn -0.1883 0.7775 -0.6000
vn -0.0000 0.7917 -0.6109
vn 0.1883 0.7775 -0.6000
vn 0.3551 0.7402 -0.5710
vn 0.4990 0.6861 -0.5293
vn 0.6145 0.6248 -0.4817
vn 0.6775 0.5090 -0.5310
vn 0.7332 0.3633 -0.5748
vn 0.7722 0.1931 -0.6053
vn 0.7870 -0.0000 -0.6169
vn 0.7722 -0.1931 -0.6053
vn 0.7332 -0.3633 -0.5748
vn 0.6774 -0.5090 -0.5310
vn 0.4990 -0.6864 -0.5290
vn 0.6145 -0.6248 -0.4817
vn 0.3550 -0.7405 -0.5707
vn 0.1883 -0.7775 -0.6000
vn -0.0000 -0.7920 -0.6105
vn -0.1883 -0.7775 -0.6000
vn -0.3550 -0.7405 -0.5707
vn 0.7653 -0.5097 -0.3931
vn 0.8366 -0.3537 -0.4183
vn 0.8953 -0.3527 -0.2721
vn 0.8091 -0.5250 -0.2639
vn 0.8816 -0.1846 -0.4343
vn 0.9438 -0.1792 -0.2776
vn 0.8979 -0.0000 -0.4402
vn 0.9601 -0.0000 -0.2795
vn 0.8816 0.1846 -0.4344
vn 0.9438 0.1792 -0.2776
vn 0.8366 0.3537 -0.4183
vn 0.8953 0.3527 -0.2722
vn 0.7653 0.5097 -0.3931
vn 0.8094 0.5246 -0.2639
vn 0.9258 -0.3529 -0.1356
vn 0.8351 -0.5333 -0.1349
vn 0.9750 -0.1758 -0.1356
vn 0.9908 -0.0000 -0.1357
vn 0.9750 0.1758 -0.1356
vn 0.9258 0.3529 -0.1358
vn 0.8348 0.5338 -0.1349
vn 0.9356 -0.3530 -0.0000
vn 0.8435 -0.5372 -0.0000
vn 0.9846 -0.1746 -0.0000
vn 1.0000 -0.0000 -0.0000
vn 0.9846 0.1746 -0.0000
vn 0.9356 0.3530 -0.0000
vn 0.8440 0.5363 -0.0000
vn 0.9258 -0.3529 0.1356
vn 0.8351 -0.5333 0.1349
vn 0.9750 -0.1758 0.1356
vn 0.9907 -0.0000 0.1359
vn 0.9750 0.1758 0.1356
vn 0.9258 0.3529 0.1355
vn 0.8351 0.5333 0.1349
vn 0.8953 -0.3527 0.2721
vn 0.8092 -0.5249 0.2638
vn 0.9438 -0.1792 0.2776
vn 0.9601 -0.0000 0.2795
vn 0.9438 0.1792 0.2776
vn 0.8953 0.3527 0.2722
vn 0.8092 0.5249 0.2639
vn 0.8366 -0.3537 0.4183
vn 0.7653 -0.5096 0.3933
vn 0.8817 -0.1846 0.4343
vn 0.8978 -0.0000 0.4403
vn 0.8817 0.1846 0.4343
vn 0.8366 0.3537 0.4183
vn 0.7653 0.5097 0.3931
vn 0.6498 -0.6603 -0.3766
vn 0.6498 0.6603 -0.3766
vn 0.6775 0.6884 -0.2589
vn 0.6951 0.7062 -0.1344
vn 0.7015 0.7126 -0.0000
vn 0.6951 0.7062 0.1344
vn 0.6775 0.6884 0.2589
vn 0.6498 0.6603 0.3766
vn 0.6145 0.6248 0.4817
vn 0.6774 0.5090 0.5311
vn 0.7332 0.3633 0.5748
vn 0.7722 0.1931 0.6053
vn 0.7870 -0.0000 0.6169
vn 0.7722 -0.1931 0.6053
vn 0.7332 -0.3633 0.5748
vn 0.6773 -0.5090 0.5312
vn 0.6498 -0.6603 0.3766
vn 0.6145 -0.6248 0.4817
vn 0.6775 -0.6883 0.2594
vn 0.6951 -0.7062 0.1344
vn 0.7015 -0.7126 -0.0000
vn 0.6952 -0.7062 -0.1341
vn 0.6775 -0.6883 -0.2594
vn 0.5373 -0.5460 0.6427
vn 0.5822 -0.3859 0.7156
vn 0.4042 -0.4108 0.8172
vn 0.3785 -0.5898 0.7134
vn 0.6124 -0.2040 0.7638
vn 0.4218 -0.2134 0.8812
vn 0.6238 -0.0000 0.7816
vn 0.4281 -0.0000 0.9037
vn 0.6124 0.2040 0.7638
vn 0.4218 0.2134 0.8812
vn 0.5823 0.3859 0.7156
vn 0.4042 0.4108 0.8172
vn 0.5373 0.5460 0.6428
vn 0.3785 0.5898 0.7133
vn 0.2096 -0.4276 0.8793
vn 0.1997 -0.6189 0.7597
vn 0.2154 -0.2193 0.9516
vn 0.2173 -0.0000 0.9761
vn 0.2154 0.2189 0.9517
vn 0.2096 0.4276 0.8793
vn 0.1997 0.6193 0.7594
vn -0.0000 -0.4337 0.9011
vn -0.0000 -0.6297 0.7768
vn -0.0000 -0.2206 0.9754
vn -0.0000 -0.0000 1.0000
vn -0.0000 0.2207 0.9753
vn -0.0000 0.4337 0.9011
vn -0.0000 0.6297 0.7768
vn -0.2096 -0.4276 0.8793
vn -0.1997 -0.6189 0.7597
vn -0.2154 -0.2189 0.9517
vn -0.2175 -0.0000 0.9761
vn -0.2154 0.2189 0.9517
vn -0.2096 0.4276 0.8793
vn -0.1997 0.6189 0.7597
vn -0.4042 -0.4108 0.8172
vn -0.3785 -0.5898 0.7134
vn -0.4218 -0.2134 0.8812
vn -0.4281 -0.0000 0.9037
vn -0.4218 0.2134 0.8812
vn -0.4042 0.4108 0.8173
vn -0.3785 0.5898 0.7134
vn -0.5823 -0.3859 0.7156
vn -0.5373 -0.5461 0.6427
vn -0.6124 -0.2040 0.7638
vn -0.6238 -0.0000 0.7816
vn -0.6124 0.2040 0.7638
vn -0.5823 0.3859 0.7156
vn -0.5373 0.5460 0.6428
vn 0.4990 -0.6864 0.5290
vn 0.4990 0.6861 0.5293
vn 0.3551 0.7402 0.5710
vn 0.1883 0.7775 0.6000
vn -0.0000 0.7920 0.6105
vn -0.1883 0.7775 0.6000
vn -0.3551 0.7401 0.5710
vn -0.4990 0.6861 0.5294
vn -0.4990 -0.6861 0.5294
vn -0.3550 -0.7405 0.5707
vn -0.1883 -0.7775 0.6000
vn -0.0000 -0.7920 0.6105
vn 0.1883 -0.7775 0.6000
vn 0.3551 -0.7402 0.5710
vn -0.4988 -0.7735 -0.3910
vn -0.3448 -0.8422 -0.4145
vn -0.3434 -0.8998 -0.2692
vn -0.5131 -0.8173 -0.2623
vn -0.1795 -0.8851 -0.4293
vn -0.1739 -0.9459 -0.2738
vn -0.0000 -0.9006 -0.4347
vn -0.0000 -0.9613 -0.2754
vn 0.1792 -0.8854 -0.4289
vn 0.1739 -0.9459 -0.2739
vn 0.3448 -0.8422 -0.4145
vn 0.3434 -0.8998 -0.2692
vn 0.4987 -0.7736 -0.3910
vn 0.5131 -0.8173 -0.2623
vn -0.3434 -0.9295 -0.1345
vn -0.5214 -0.8427 -0.1344
vn -0.1705 -0.9763 -0.1334
vn -0.0000 -0.9910 -0.1338
vn 0.1705 -0.9762 -0.1338
vn 0.3433 -0.9296 -0.1340
vn 0.5210 -0.8429 -0.1340
vn -0.3433 -0.9392 -0.0000
vn -0.5243 -0.8515 -0.0000
vn -0.1693 -0.9856 -0.0000
vn -0.0000 -1.0000 -0.0000
vn 0.1693 -0.9856 -0.0000
vn 0.3433 -0.9392 -0.0000
vn 0.5243 -0.8515 -0.0000
vn -0.3434 -0.9295 0.1345
vn -0.5214 -0.8428 0.1337
vn -0.1705 -0.9763 0.1336
vn -0.0000 -0.9911 0.1334
vn 0.1705 -0.9763 0.1337
vn 0.3433 -0.9296 0.1340
vn 0.5214 -0.8428 0.1338
vn -0.3434 -0.8998 0.2692
vn -0.5131 -0.8171 0.2626
vn -0.1739 -0.9459 0.2738
vn -0.0000 -0.9613 0.2754
vn 0.1739 -0.9459 0.2739
vn 0.3434 -0.8998 0.2692
vn 0.5131 -0.8172 0.2625
vn -0.3448 -0.8422 0.4145
vn -0.4988 -0.7735 0.3910
vn -0.1795 -0.8851 0.4293
vn -0.0000 -0.9008 0.4343
vn 0.1795 -0.8852 0.4292
vn 0.3448 -0.8422 0.4145
vn 0.4987 -0.7736 0.3910
vn 0.4987 0.7736 -0.3910
vn 0.3448 0.8422 -0.4145
vn 0.3434 0.8998 -0.2691
vn 0.5131 0.8173 -0.2623
vn 0.1792 0.8854 -0.4289
vn 0.1739 0.9459 -0.2738
vn -0.0000 0.9006 -0.4347
vn -0.0000 0.9613 -0.2754
vn -0.1795 0.8851 -0.4293
vn -0.1739 0.9459 -0.2738
vn -0.3448 0.8422 -0.4145
vn -0.3434 0.8998 -0.2692
vn -0.4988 0.7735 -0.3910
vn -0.5131 0.8172 -0.2625
vn 0.3429 0.9298 -0.1338
vn 0.5214 0.8426 -0.1344
vn 0.1705 0.9763 -0.1336
vn -0.0000 0.9911 -0.1334
vn -0.1705 0.9762 -0.1338
vn -0.3434 0.9295 -0.1345
vn -0.5214 0.8426 -0.1344
vn 0.3428 0.9394 -0.0000
vn 0.5243 0.8515 -0.0000
vn 0.1693 0.9856 -0.0000
vn -0.0000 1.0000 -0.0000
vn -0.1693 0.9856 -0.0000
vn -0.3433 0.9392 -0.0000
vn -0.5243 0.8515 -0.0000
vn 0.3433 0.9296 0.1340
vn 0.5214 0.8427 0.1344
vn 0.1705 0.9763 0.1337
vn -0.0000 0.9911 0.1334
vn -0.1705 0.9762 0.1338
vn -0.3429 0.9298 0.1338
vn -0.5214 0.8427 0.1344
vn 0.3434 0.8998 0.2692
vn 0.5131 0.8171 0.2626
vn 0.1739 0.9459 0.2738
vn -0.0000 0.9613 0.2754
vn -0.1739 0.9459 0.2738
vn -0.3434 0.8998 0.2692
vn -0.5131 0.8173 0.2623
vn 0.3448 0.8422 0.4145
vn 0.4987 0.7736 0.3909
vn 0.1795 0.8851 0.4293
vn -0.0000 0.9006 0.4347
vn -0.1795 0.8851 0.4293
vn -0.3448 0.8422 0.4145
vn -0.4988 0.7735 0.3910
vt 0.406250 0.031250
vt 0.437500 0.031250
vt 0.437500 0.062500
vt 0.406250 0.062500
vt 0.468750 0.031250
vt 0.468750 0.062500
vt 0.500000 0.031250
vt 0.500000 0.062500
vt 0.531250 0.031250
vt 0.531250 0.062500
vt 0.562500 0.031250
vt 0.562500 0.062500
vt 0.593750 0.031250
vt 0.593750 0.062500
vt 0.437500 0.093750
vt 0.406250 0.093750
vt 0.468750 0.093750
vt 0.500000 0.093750
vt 0.531250 0.093750
vt 0.562500 0.093750
vt 0.593750 0.093750
vt 0.437500 0.125000
vt 0.406250 0.125000
vt 0.468750 0.125000
vt 0.500000 0.125000
vt 0.531250 0.125000
vt 0.562500 0.125000
vt 0.593750 0.125000
vt 0.437500 0.156250
vt 0.406250 0.156250
vt 0.468750 0.156250
vt 0.500000 0.156250
vt 0.531250 0.156250
vt 0.562500 0.156250
vt 0.593750 0.156250
vt 0.437500 0.187500
vt 0.406250 0.187500
vt 0.468750 0.187500
vt 0.500000 0.187500
vt 0.531250 0.187500
vt 0.562500 0.187500
vt 0.593750 0.187500
vt 0.437500 0.218750
vt 0.406250 0.218750
vt 0.468750 0.218750
vt 0.500000 0.218750
vt 0.531250 0.218750
vt 0.562500 0.218750
vt 0.593750 0.218750
vt 0.375000 0.000000
vt 0.406250 0.000000
vt 0.375000 0.031250
vt 0.437500 0.000000
vt 0.468750 0.000000
vt 0.500000 0.000000
vt 0.531250 0.000000
vt 0.562500 0.000000
vt 0.593750 0.000000
vt 0.625000 0.000000
vt 0.625000 0.031250
vt 0.625000 0.062500
vt 0.625000 0.093750
vt 0.625000 0.125000
vt 0.625000 0.156250
vt 0.625000 0.187500
vt 0.625000 0.218750
vt 0.625000 0.250000
vt 0.593750 0.250000
vt 0.562500 0.250000
vt 0.531250 0.250000
vt 0.500000 0.250000
vt 0.468750 0.250000
vt 0.437500 0.250000
vt 0.406250 0.250000
vt 0.375000 0.218750
vt 0.375000 0.250000
vt 0.375000 0.187500
vt 0.375000 0.156250
vt 0.375000 0.125000
vt 0.375000 0.093750
vt 0.375000 0.062500
vt 0.406250 0.281250
vt 0.437500 0.281250
vt 0.437500 0.312500
vt 0.406250 0.312500
vt 0.468750 0.281250
vt 0.468750 0.312500
vt 0.500000 0.281250
vt 0.500000 0.312500
vt 0.531250 0.281250
vt 0.531250 0.312500
vt 0.562500 0.281250
vt 0.562500 0.312500
vt 0.593750 0.281250
vt 0.593750 0.312500
vt 0.437500 0.343750
vt 0.406250 0.343750
vt 0.468750 0.343750
vt 0.500000 0.343750
vt 0.531250 0.343750
vt 0.562500 0.343750
vt 0.593750 0.343750
vt 0.437500 0.375000
vt 0.406250 0.375000
vt 0.468750 0.375000
vt 0.500000 0.375000
vt 0.531250 0.375000
vt 0.562500 0.375000
vt 0.593750 0.375000
vt 0.437500 0.406250
vt 0.406250 0.406250
vt 0.468750 0.406250
vt 0.500000 0.406250
vt 0.531250 0.406250
vt 0.562500 0.406250
vt 0.593750 0.406250
vt 0.437500 0.437500
vt 0.406250 0.437500
vt 0.468750 0.437500
vt 0.500000 0.437500
vt 0.531250 0.437500
vt 0.562500 0.437500
vt 0.593750 0.437500
vt 0.437500 0.468750
vt 0.406250 0.468750
vt 0.468750 0.468750
vt 0.500000 0.468750
vt 0.531250 0.468750
vt 0.562500 0.468750
vt 0.593750 0.468750
vt 0.375000 0.281250
vt 0.625000 0.281250
vt 0.625000 0.312500
vt 0.625000 0.343750
vt 0.625000 0.375000
vt 0.625000 0.406250
vt 0.625000 0.437500
vt 0.625000 0.468750
vt 0.625000 0.500000
vt 0.593750 0.500000
vt 0.562500 0.500000
vt 0.531250 0.500000
vt 0.500000 0.500000
vt 0.468750 0.500000
vt 0.437500 0.500000
vt 0.406250 0.500000
vt 0.375000 0.468750
vt 0.375000 0.500000
vt 0.375000 0.437500
vt 0.375000 0.406250
vt 0.375000 0.375000
vt 0.375000 0.343750
vt 0.375000 0.312500
vt 0.406250 0.531250
vt 0.437500 0.531250
vt 0.437500 0.562500
vt 0.406250 0.562500
vt 0.468750 0.531250
vt 0.468750 0.562500
vt 0.500000 0.531250
vt 0.500000 0.562500
vt 0.531250 0.531250
vt 0.531250 0.562500
vt 0.562500 0.531250
vt 0.562500 0.562500
vt 0.593750 0.531250
vt 0.593750 0.562500
vt 0.437500 0.593750
vt 0.406250 0.593750
vt 0.468750 0.593750
vt 0.500000 0.593750
vt 0.531250 0.593750
vt 0.562500 0.593750
vt 0.593750 0.593750
vt 0.437500 0.625000
vt 0.406250 0.625000
vt 0.468750 0.625000
vt 0.500000 0.625000
vt 0.531250 0.625000
vt 0.562500 0.625000
vt 0.593750 0.625000
vt 0.437500 0.656250
vt 0.406250 0.656250
vt 0.468750 0.656250
vt 0.500000 0.656250
vt 0.531250 0.656250
vt 0.562500 0.656250
vt 0.593750 0.656250
vt 0.437500 0.687500
vt 0.406250 0.687500
vt 0.468750 0.687500
vt 0.500000 0.687500
vt 0.531250 0.687500
vt 0.562500 0.687500
vt 0.593750 0.687500
vt 0.437500 0.718750
vt 0.406250 0.718750
vt 0.468750 0.718750
vt 0.500000 0.718750
vt 0.531250 0.718750
vt 0.562500 0.718750
vt 0.593750 0.718750
vt 0.375000 0.531250
vt 0.625000 0.531250
vt 0.625000 0.562500
vt 0.625000 0.593750
vt 0.625000 0.625000
vt 0.625000 0.656250
vt 0.625000 0.687500
vt 0.625000 0.718750
vt 0.625000 0.750000
vt 0.593750 0.750000
vt 0.562500 0.750000
vt 0.531250 0.750000
vt 0.500000 0.750000
vt 0.468750 0.750000
vt 0.437500 0.750000
vt 0.406250 0.750000
vt 0.375000 0.718750
vt 0.375000 0.750000
vt 0.375000 0.687500
vt 0.375000 0.656250
vt 0.375000 0.625000
vt 0.375000 0.593750
vt 0.375000 0.562500
vt 0.406250 0.781250
vt 0.437500 0.781250
vt 0.437500 0.812500
vt 0.406250 0.812500
vt 0.468750 0.781250
vt 0.468750 0.812500
vt 0.500000 0.781250
vt 0.500000 0.812500
vt 0.531250 0.781250
vt 0.531250 0.812500
vt 0.562500 0.781250
vt 0.562500 0.812500
vt 0.593750 0.781250
vt 0.593750 0.812500
vt 0.437500 0.843750
vt 0.406250 0.843750
vt 0.468750 0.843750
vt 0.500000 0.843750
vt 0.531250 0.843750
vt 0.562500 0.843750
vt 0.593750 0.843750
vt 0.437500 0.875000
vt 0.406250 0.875000
vt 0.468750 0.875000
vt 0.500000 0.875000
vt 0.531250 0.875000
vt 0.562500 0.875000
vt 0.593750 0.875000
vt 0.437500 0.906250
vt 0.406250 0.906250
vt 0.468750 0.906250
vt 0.500000 0.906250
vt 0.531250 0.906250
vt 0.562500 0.906250
vt 0.593750 0.906250
vt 0.437500 0.937500
vt 0.406250 0.937500
vt 0.468750 0.937500
vt 0.500000 0.937500
vt 0.531250 0.937500
vt 0.562500 0.937500
vt 0.593750 0.937500
vt 0.437500 0.968750
vt 0.406250 0.968750
vt 0.468750 0.968750
vt 0.500000 0.968750
vt 0.531250 0.968750
vt 0.562500 0.968750
vt 0.593750 0.968750
vt 0.375000 0.781250
vt 0.625000 0.781250
vt 0.625000 0.812500
vt 0.625000 0.843750
vt 0.625000 0.875000
vt 0.625000 0.906250
vt 0.625000 0.937500
vt 0.625000 0.968750
vt 0.625000 1.000000
vt 0.593750 1.000000
vt 0.562500 1.000000
vt 0.531250 1.000000
vt 0.500000 1.000000
vt 0.468750 1.000000
vt 0.437500 1.000000
vt 0.406250 1.000000
vt 0.375000 0.968750
vt 0.375000 1.000000
vt 0.375000 0.937500
vt 0.375000 0.906250
vt 0.375000 0.875000
vt 0.375000 0.843750
vt 0.375000 0.812500
vt 0.156250 0.531250
vt 0.187500 0.531250
vt 0.187500 0.562500
vt 0.156250 0.562500
vt 0.218750 0.531250
vt 0.218750 0.562500
vt 0.250000 0.531250
vt 0.250000 0.562500
vt 0.281250 0.531250
vt 0.281250 0.562500
vt 0.312500 0.531250
vt 0.312500 0.562500
vt 0.343750 0.531250
vt 0.343750 0.562500
vt 0.187500 0.593750
vt 0.156250 0.593750
vt 0.218750 0.593750
vt 0.250000 0.593750
vt 0.281250 0.593750
vt 0.312500 0.593750
vt 0.343750 0.593750
vt 0.187500 0.625000
vt 0.156250 0.625000
vt 0.218750 0.625000
vt 0.250000 0.625000
vt 0.281250 0.625000
vt 0.312500 0.625000
vt 0.343750 0.625000
vt 0.187500 0.656250
vt 0.156250 0.656250
vt 0.218750 0.656250
vt 0.250000 0.656250
vt 0.281250 0.656250
vt 0.312500 0.656250
vt 0.343750 0.656250
vt 0.187500 0.687500
vt 0.156250 0.687500
vt 0.218750 0.687500
vt 0.250000 0.687500
vt 0.281250 0.687500
vt 0.312500 0.687500
vt 0.343750 0.687500
vt 0.187500 0.718750
vt 0.156250 0.718750
vt 0.218750 0.718750
vt 0.250000 0.718750
vt 0.281250 0.718750
vt 0.312500 0.718750
vt 0.343750 0.718750
vt 0.125000 0.500000
vt 0.156250 0.500000
vt 0.125000 0.531250
vt 0.187500 0.500000
vt 0.218750 0.500000
vt 0.250000 0.500000
vt 0.281250 0.500000
vt 0.312500 0.500000
vt 0.343750 0.500000
vt 0.343750 0.750000
vt 0.312500 0.750000
vt 0.281250 0.750000
vt 0.250000 0.750000
vt 0.218750 0.750000
vt 0.187500 0.750000
vt 0.156250 0.750000
vt 0.125000 0.718750
vt 0.125000 0.750000
vt 0.125000 0.687500
vt 0.125000 0.656250
vt 0.125000 0.625000
vt 0.125000 0.593750
vt 0.125000 0.562500
vt 0.656250 0.531250
vt 0.687500 0.531250
vt 0.687500 0.562500
vt 0.656250 0.562500
vt 0.718750 0.531250
vt 0.718750 0.562500
vt 0.750000 0.531250
vt 0.750000 0.562500
vt 0.781250 0.531250
vt 0.781250 0.562500
vt 0.812500 0.531250
vt 0.812500 0.562500
vt 0.843750 0.531250
vt 0.843750 0.562500
vt 0.687500 0.593750
vt 0.656250 0.593750
vt 0.718750 0.593750
vt 0.750000 0.593750
vt 0.781250 0.593750
vt 0.812500 0.593750
vt 0.843750 0.593750
vt 0.687500 0.625000
vt 0.656250 0.625000
vt 0.718750 0.625000
vt 0.750000 0.625000
vt 0.781250 0.625000
vt 0.812500 0.625000
vt 0.843750 0.625000
vt 0.687500 0.656250
vt 0.656250 0.656250
vt 0.718750 0.656250
vt 0.750000 0.656250
vt 0.781250 0.656250
vt 0.812500 0.656250
vt 0.843750 0.656250
vt 0.687500 0.687500
vt 0.656250 0.687500
vt 0.718750 0.687500
vt 0.750000 0.687500
vt 0.781250 0.687500
vt 0.812500 0.687500
vt 0.843750 0.687500
vt 0.687500 0.718750
vt 0.656250 0.718750
vt 0.718750 0.718750
vt 0.750000 0.718750
vt 0.781250 0.718750
vt 0.812500 0.718750
vt 0.843750 0.718750
vt 0.656250 0.500000
vt 0.687500 0.500000
vt 0.718750 0.500000
vt 0.750000 0.500000
vt 0.781250 0.500000
vt 0.812500 0.500000
vt 0.843750 0.500000
vt 0.875000 0.500000
vt 0.875000 0.531250
vt 0.875000 0.562500
vt 0.875000 0.593750
vt 0.875000 0.625000
vt 0.875000 0.656250
vt 0.875000 0.687500
vt 0.875000 0.718750
vt 0.875000 0.750000
vt 0.843750 0.750000
vt 0.812500 0.750000
vt 0.781250 0.750000
vt 0.750000 0.750000
vt 0.718750 0.750000
vt 0.687500 0.750000
vt 0.656250 0.750000
s 1
usemtl iris.001
f 1507/1596/1415 1508/1597/1416 1515/1598/1417 1514/1599/1418
f 1508/1597/1416 1509/1600/1419 1516/1601/1420 1515/1598/1417
f 1509/1600/1419 1510/1602/1421 1517/1603/1422 1516/1601/1420
f 1510/1602/1421 1511/1604/1423 1518/1605/1424 1517/1603/1422
f 1511/1604/1423 1512/1606/1425 1519/1607/1426 1518/1605/1424
f 1512/1606/1425 1513/1608/1427 1520/1609/1428 1519/1607/1426
f 1514/1599/1418 1515/1598/1417 1522/1610/1429 1521/1611/1430
f 1515/1598/1417 1516/1601/1420 1523/1612/1431 1522/1610/1429
f 1516/1601/1420 1517/1603/1422 1524/1613/1432 1523/1612/1431
f 1517/1603/1422 1518/1605/1424 1525/1614/1433 1524/1613/1432
f 1518/1605/1424 1519/1607/1426 1526/1615/1434 1525/1614/1433
f 1519/1607/1426 1520/1609/1428 1527/1616/1435 1526/1615/1434
f 1521/1611/1430 1522/1610/1429 1529/1617/1436 1528/1618/1437
f 1522/1610/1429 1523/1612/1431 1530/1619/1438 1529/1617/1436
f 1523/1612/1431 1524/1613/1432 1531/1620/1439 1530/1619/1438
f 1524/1613/1432 1525/1614/1433 1532/1621/1440 1531/1620/1439
f 1525/1614/1433 1526/1615/1434 1533/1622/1441 1532/1621/1440
f 1526/1615/1434 1527/1616/1435 1534/1623/1442 1533/1622/1441
f 1528/1618/1437 1529/1617/1436 1536/1624/1443 1535/1625/1444
f 1529/1617/1436 1530/1619/1438 1537/1626/1445 1536/1624/1443
f 1530/1619/1438 1531/1620/1439 1538/1627/1446 1537/1626/1445
f 1531/1620/1439 1532/1621/1440 1539/1628/1447 1538/1627/1446
f 1532/1621/1440 1533/1622/1441 1540/1629/1448 1539/1628/1447
f 1533/1622/1441 1534/1623/1442 1541/1630/1449 1540/1629/1448
f 1535/1625/1444 1536/1624/1443 1543/1631/1450 1542/1632/1451
f 1536/1624/1443 1537/1626/1445 1544/1633/1452 1543/1631/1450
f 1537/1626/1445 1538/1627/1446 1545/1634/1453 1544/1633/1452
f 1538/1627/1446 1539/1628/1447 1546/1635/1454 1545/1634/1453
f 1539/1628/1447 1540/1629/1448 1547/1636/1455 1546/1635/1454
f 1540/1629/1448 1541/1630/1449 1548/1637/1456 1547/1636/1455
f 1542/1632/1451 1543/1631/1450 1550/1638/1457 1549/1639/1458
f 1543/1631/1450 1544/1633/1452 1551/1640/1459 1550/1638/1457
f 1544/1633/1452 1545/1634/1453 1552/1641/1460 1551/1640/1459
f 1545/1634/1453 1546/1635/1454 1553/1642/1461 1552/1641/1460
f 1546/1635/1454 1547/1636/1455 1554/1643/1462 1553/1642/1461
f 1547/1636/1455 1548/1637/1456 1555/1644/1463 1554/1643/1462
f 1415/1645/1464 1430/1646/1465 1507/1596/1415 1429/1647/1466
f 1430/1646/1465 1431/1648/1467 1508/1597/1416 1507/1596/1415
f 1431/1648/1467 1432/1649/1468 1509/1600/1419 1508/1597/1416
f 1432/1649/1468 1433/1650/1469 1510/1602/1421 1509/1600/1419
f 1433/1650/1469 1434/1651/1470 1511/1604/1423 1510/1602/1421
f 1434/1651/1470 1435/1652/1471 1512/1606/1425 1511/1604/1423
f 1435/1652/1471 1436/1653/1472 1513/1608/1427 1512/1606/1425
f 1436/1653/1472 1416/1654/1473 1437/1655/1474 1513/1608/1427
f 1513/1608/1427 1437/1655/1474 1438/1656/1475 1520/1609/1428
f 1520/1609/1428 1438/1656/1475 1439/1657/1476 1527/1616/1435
f 1527/1616/1435 1439/1657/1476 1440/1658/1477 1534/1623/1442
f 1534/1623/1442 1440/1658/1477 1441/1659/1478 1541/1630/1449
f 1541/1630/1449 1441/1659/1478 1442/1660/1479 1548/1637/1456
f 1548/1637/1456 1442/1660/1479 1443/1661/1480 1555/1644/1463
f 1555/1644/1463 1443/1661/1480 1418/1662/1481 1444/1663/1482
f 1554/1643/1462 1555/1644/1463 1444/1663/1482 1445/1664/1483
f 1553/1642/1461 1554/1643/1462 1445/1664/1483 1446/1665/1484
f 1552/1641/1460 1553/1642/1461 1446/1665/1484 1447/1666/1485
f 1551/1640/1459 1552/1641/1460 1447/1666/1485 1448/1667/1486
f 1550/1638/1457 1551/1640/1459 1448/1667/1486 1449/1668/1487
f 1549/1639/1458 1550/1638/1457 1449/1668/1487 1450/1669/1488
f 1423/1670/1489 1549/1639/1458 1450/1669/1488 1417/1671/1490
f 1424/1672/1491 1542/1632/1451 1549/1639/1458 1423/1670/1489
f 1425/1673/1492 1535/1625/1444 1542/1632/1451 1424/1672/1491
f 1426/1674/1493 1528/1618/1437 1535/1625/1444 1425/1673/1492
f 1427/1675/1494 1521/1611/1430 1528/1618/1437 1426/1674/1493
f 1428/1676/1495 1514/1599/1418 1521/1611/1430 1427/1675/1494
f 1429/1647/1466 1507/1596/1415 1514/1599/1418 1428/1676/1495
f 1556/1677/1496 1557/1678/1497 1564/1679/1498 1563/1680/1499
f 1557/1678/1497 1558/1681/1500 1565/1682/1501 1564/1679/1498
f 1558/1681/1500 1559/1683/1502 1566/1684/1503 1565/1682/1501
f 1559/1683/1502 1560/1685/1504 1567/1686/1505 1566/1684/1503
f 1560/1685/1504 1561/1687/1506 1568/1688/1507 1567/1686/1505
f 1561/1687/1506 1562/1689/1508 1569/1690/1509 1568/1688/1507
f 1563/1680/1499 1564/1679/1498 1571/1691/1510 1570/1692/1511
f 1564/1679/1498 1565/1682/1501 1572/1693/1512 1571/1691/1510
f 1565/1682/1501 1566/1684/1503 1573/1694/1513 1572/1693/1512
f 1566/1684/1503 1567/1686/1505 1574/1695/1514 1573/1694/1513
f 1567/1686/1505 1568/1688/1507 1575/1696/1515 1574/1695/1514
f 1568/1688/1507 1569/1690/1509 1576/1697/1516 1575/1696/1515
f 1570/1692/1511 1571/1691/1510 1578/1698/1517 1577/1699/1518
f 1571/1691/1510 1572/1693/1512 1579/1700/1519 1578/1698/1517
f 1572/1693/1512 1573/1694/1513 1580/1701/1520 1579/1700/1519
f 1573/1694/1513 1574/1695/1514 1581/1702/1521 1580/1701/1520
f 1574/1695/1514 1575/1696/1515 1582/1703/1522 1581/1702/1521
f 1575/1696/1515 1576/1697/1516 1583/1704/1523 1582/1703/1522
f 1577/1699/1518 1578/1698/1517 1585/1705/1524 1584/1706/1525
f 1578/1698/1517 1579/1700/1519 1586/1707/1526 1585/1705/1524
f 1579/1700/1519 1580/1701/1520 1587/1708/1527 1586/1707/1526
f 1580/1701/1520 1581/1702/1521 1588/1709/1528 1587/1708/1527
f 1581/1702/1521 1582/1703/1522 1589/1710/1529 1588/1709/1528
f 1582/1703/1522 1583/1704/1523 1590/1711/1530 1589/1710/1529
f 1584/1706/1525 1585/1705/1524 1592/1712/1531 1591/1713/1532
f 1585/1705/1524 1586/1707/1526 1593/1714/1533 1592/1712/1531
f 1586/1707/1526 1587/1708/1527 1594/1715/1534 1593/1714/1533
f 1587/1708/1527 1588/1709/1528 1595/1716/1535 1594/1715/1534
f 1588/1709/1528 1589/1710/1529 1596/1717/1536 1595/1716/1535
f 1589/1710/1529 1590/1711/1530 1597/1718/1537 1596/1717/1536
f 1591/1713/1532 1592/1712/1531 1599/1719/1538 1598/1720/1539
f 1592/1712/1531 1593/1714/1533 1600/1721/1540 1599/1719/1538
f 1593/1714/1533 1594/1715/1534 1601/1722/1541 1600/1721/1540
f 1594/1715/1534 1595/1716/1535 1602/1723/1542 1601/1722/1541
f 1595/1716/1535 1596/1717/1536 1603/1724/1543 1602/1723/1542
f 1596/1717/1536 1597/1718/1537 1604/1725/1544 1603/1724/1543
f 1417/1671/1490 1450/1669/1488 1556/1677/1496 1457/1726/1545
f 1450/1669/1488 1449/1668/1487 1557/1678/1497 1556/1677/1496
f 1449/1668/1487 1448/1667/1486 1558/1681/1500 1557/1678/1497
f 1448/1667/1486 1447/1666/1485 1559/1683/1502 1558/1681/1500
f 1447/1666/1485 1446/1665/1484 1560/1685/1504 1559/1683/1502
f 1446/1665/1484 1445/1664/1483 1561/1687/1506 1560/1685/1504
f 1445/1664/1483 1444/1663/1482 1562/1689/1508 1561/1687/1506
f 1444/1663/1482 1418/1662/1481 1458/1727/1546 1562/1689/1508
f 1562/1689/1508 1458/1727/1546 1459/1728/1547 1569/1690/1509
f 1569/1690/1509 1459/1728/1547 1460/1729/1548 1576/1697/1516
f 1576/1697/1516 1460/1729/1548 1461/1730/1549 1583/1704/1523
f 1583/1704/1523 1461/1730/1549 1462/1731/1550 1590/1711/1530
f 1590/1711/1530 1462/1731/1550 1463/1732/1551 1597/1718/1537
f 1597/1718/1537 1463/1732/1551 1464/1733/1552 1604/1725/1544
f 1604/1725/1544 1464/1733/1552 1422/1734/1553 1465/1735/1554
f 1603/1724/1543 1604/1725/1544 1465/1735/1554 1466/1736/1555
f 1602/1723/1542 1603/1724/1543 1466/1736/1555 1467/1737/1556
f 1601/1722/1541 1602/1723/1542 1467/1737/1556 1468/1738/1557
f 1600/1721/1540 1601/1722/1541 1468/1738/1557 1469/1739/1558
f 1599/1719/1538 1600/1721/1540 1469/1739/1558 1470/1740/1559
f 1598/1720/1539 1599/1719/1538 1470/1740/1559 1471/1741/1560
f 1451/1742/1561 1598/1720/1539 1471/1741/1560 1421/1743/1562
f 1452/1744/1563 1591/1713/1532 1598/1720/1539 1451/1742/1561
f 1453/1745/1564 1584/1706/1525 1591/1713/1532 1452/1744/1563
f 1454/1746/1565 1577/1699/1518 1584/1706/1525 1453/1745/1564
f 1455/1747/1566 1570/1692/1511 1577/1699/1518 1454/1746/1565
f 1456/1748/1567 1563/1680/1499 1570/1692/1511 1455/1747/1566
f 1457/1726/1545 1556/1677/1496 1563/1680/1499 1456/1748/1567
f 1605/1749/1568 1606/1750/1569 1613/1751/1570 1612/1752/1571
f 1606/1750/1569 1607/1753/1572 1614/1754/1573 1613/1751/1570
f 1607/1753/1572 1608/1755/1574 1615/1756/1575 1614/1754/1573
f 1608/1755/1574 1609/1757/1576 1616/1758/1577 1615/1756/1575
f 1609/1757/1576 1610/1759/1578 1617/1760/1579 1616/1758/1577
f 1610/1759/1578 1611/1761/1580 1618/1762/1581 1617/1760/1579
f 1612/1752/1571 1613/1751/1570 1620/1763/1582 1619/1764/1583
f 1613/1751/1570 1614/1754/1573 1621/1765/1584 1620/1763/1582
f 1614/1754/1573 1615/1756/1575 1622/1766/1585 1621/1765/1584
f 1615/1756/1575 1616/1758/1577 1623/1767/1586 1622/1766/1585
f 1616/1758/1577 1617/1760/1579 1624/1768/1587 1623/1767/1586
f 1617/1760/1579 1618/1762/1581 1625/1769/1588 1624/1768/1587
f 1619/1764/1583 1620/1763/1582 1627/1770/1589 1626/1771/1590
f 1620/1763/1582 1621/1765/1584 1628/1772/1591 1627/1770/1589
f 1621/1765/1584 1622/1766/1585 1629/1773/1592 1628/1772/1591
f 1622/1766/1585 1623/1767/1586 1630/1774/1593 1629/1773/1592
f 1623/1767/1586 1624/1768/1587 1631/1775/1594 1630/1774/1593
f 1624/1768/1587 1625/1769/1588 1632/1776/1595 1631/1775/1594
f 1626/1771/1590 1627/1770/1589 1634/1777/1596 1633/1778/1597
f 1627/1770/1589 1628/1772/1591 1635/1779/1598 1634/1777/1596
f 1628/1772/1591 1629/1773/1592 1636/1780/1599 1635/1779/1598
f 1629/1773/1592 1630/1774/1593 1637/1781/1600 1636/1780/1599
f 1630/1774/1593 1631/1775/1594 1638/1782/1601 1637/1781/1600
f 1631/1775/1594 1632/1776/1595 1639/1783/1602 1638/1782/1601
f 1633/1778/1597 1634/1777/1596 1641/1784/1603 1640/1785/1604
f 1634/1777/1596 1635/1779/1598 1642/1786/1605 1641/1784/1603
f 1635/1779/1598 1636/1780/1599 1643/1787/1606 1642/1786/1605
f 1636/1780/1599 1637/1781/1600 1644/1788/1607 1643/1787/1606
f 1637/1781/1600 1638/1782/1601 1645/1789/1608 1644/1788/1607
f 1638/1782/1601 1639/1783/1602 1646/1790/1609 1645/1789/1608
f 1640/1785/1604 1641/1784/1603 1648/1791/1610 1647/1792/1611
f 1641/1784/1603 1642/1786/1605 1649/1793/1612 1648/1791/1610
f 1642/1786/1605 1643/1787/1606 1650/1794/1613 1649/1793/1612
f 1643/1787/1606 1644/1788/1607 1651/1795/1614 1650/1794/1613
f 1644/1788/1607 1645/1789/1608 1652/1796/1615 1651/1795/1614
f 1645/1789/1608 1646/1790/1609 1653/1797/1616 1652/1796/1615
f 1421/1743/1562 1471/1741/1560 1605/1749/1568 1478/1798/1617
f 1471/1741/1560 1470/1740/1559 1606/1750/1569 1605/1749/1568
f 1470/1740/1559 1469/1739/1558 1607/1753/1572 1606/1750/1569
f 1469/1739/1558 1468/1738/1557 1608/1755/1574 1607/1753/1572
f 1468/1738/1557 1467/1737/1556 1609/1757/1576 1608/1755/1574
f 1467/1737/1556 1466/1736/1555 1610/1759/1578 1609/1757/1576
f 1466/1736/1555 1465/1735/1554 1611/1761/1580 1610/1759/1578
f 1465/1735/1554 1422/1734/1553 1479/1799/1618 1611/1761/1580
f 1611/1761/1580 1479/1799/1618 1480/1800/1619 1618/1762/1581
f 1618/1762/1581 1480/1800/1619 1481/1801/1620 1625/1769/1588
f 1625/1769/1588 1481/1801/1620 1482/1802/1621 1632/1776/1595
f 1632/1776/1595 1482/1802/1621 1483/1803/1622 1639/1783/1602
f 1639/1783/1602 1483/1803/1622 1484/1804/1623 1646/1790/1609
f 1646/1790/1609 1484/1804/1623 1485/1805/1624 1653/1797/1616
f 1653/1797/1616 1485/1805/1624 1420/1806/1625 1486/1807/1626
f 1652/1796/1615 1653/1797/1616 1486/1807/1626 1487/1808/1627
f 1651/1795/1614 1652/1796/1615 1487/1808/1627 1488/1809/1628
f 1650/1794/1613 1651/1795/1614 1488/1809/1628 1489/1810/1629
f 1649/1793/1612 1650/1794/1613 1489/1810/1629 1490/1811/1630
f 1648/1791/1610 1649/1793/1612 1490/1811/1630 1491/1812/1631
f 1647/1792/1611 1648/1791/1610 1491/1812/1631 1492/1813/1632
f 1472/1814/1633 1647/1792/1611 1492/1813/1632 1419/1815/1634
f 1473/1816/1635 1640/1785/1604 1647/1792/1611 1472/1814/1633
f 1474/1817/1636 1633/1778/1597 1640/1785/1604 1473/1816/1635
f 1475/1818/1637 1626/1771/1590 1633/1778/1597 1474/1817/1636
f 1476/1819/1638 1619/1764/1583 1626/1771/1590 1475/1818/1637
f 1477/1820/1639 1612/1752/1571 1619/1764/1583 1476/1819/1638
f 1478/1798/1617 1605/1749/1568 1612/1752/1571 1477/1820/1639
f 1654/1821/1640 1655/1822/1641 1662/1823/1642 1661/1824/1643
f 1655/1822/1641 1656/1825/1644 1663/1826/1645 1662/1823/1642
f 1656/1825/1644 1657/1827/1646 1664/1828/1647 1663/1826/1645
f 1657/1827/1646 1658/1829/1648 1665/1830/1649 1664/1828/1647
f 1658/1829/1648 1659/1831/1650 1666/1832/1651 1665/1830/1649
f 1659/1831/1650 1660/1833/1652 1667/1834/1653 1666/1832/1651
f 1661/1824/1643 1662/1823/1642 1669/1835/1654 1668/1836/1655
f 1662/1823/1642 1663/1826/1645 1670/1837/1656 1669/1835/1654
f 1663/1826/1645 1664/1828/1647 1671/1838/1657 1670/1837/1656
f 1664/1828/1647 1665/1830/1649 1672/1839/1658 1671/1838/1657
f 1665/1830/1649 1666/1832/1651 1673/1840/1659 1672/1839/1658
f 1666/1832/1651 1667/1834/1653 1674/1841/1660 1673/1840/1659
f 1668/1836/1655 1669/1835/1654 1676/1842/1661 1675/1843/1662
f 1669/1835/1654 1670/1837/1656 1677/1844/1663 1676/1842/1661
f 1670/1837/1656 1671/1838/1657 1678/1845/1664 1677/1844/1663
f 1671/1838/1657 1672/1839/1658 1679/1846/1665 1678/1845/1664
f 1672/1839/1658 1673/1840/1659 1680/1847/1666 1679/1846/1665
f 1673/1840/1659 1674/1841/1660 1681/1848/1667 1680/1847/1666
f 1675/1843/1662 1676/1842/1661 1683/1849/1668 1682/1850/1669
f 1676/1842/1661 1677/1844/1663 1684/1851/1670 1683/1849/1668
f 1677/1844/1663 1678/1845/1664 1685/1852/1671 1684/1851/1670
f 1678/1845/1664 1679/1846/1665 1686/1853/1672 1685/1852/1671
f 1679/1846/1665 1680/1847/1666 1687/1854/1673 1686/1853/1672
f 1680/1847/1666 1681/1848/1667 1688/1855/1674 1687/1854/1673
f 1682/1850/1669 1683/1849/1668 1690/1856/1675 1689/1857/1676
f 1683/1849/1668 1684/1851/1670 1691/1858/1677 1690/1856/1675
f 1684/1851/1670 1685/1852/1671 1692/1859/1678 1691/1858/1677
f 1685/1852/1671 1686/1853/1672 1693/1860/1679 1692/1859/1678
f 1686/1853/1672 1687/1854/1673 1694/1861/1680 1693/1860/1679
f 1687/1854/1673 1688/1855/1674 1695/1862/1681 1694/1861/1680
f 1689/1857/1676 1690/1856/1675 1697/1863/1682 1696/1864/1683
f 1690/1856/1675 1691/1858/1677 1698/1865/1684 1697/1863/1682
f 1691/1858/1677 1692/1859/1678 1699/1866/1685 1698/1865/1684
f 1692/1859/1678 1693/1860/1679 1700/1867/1686 1699/1866/1685
f 1693/1860/1679 1694/1861/1680 1701/1868/1687 1700/1867/1686
f 1694/1861/1680 1695/1862/1681 1702/1869/1688 1701/1868/1687
f 1419/1815/1634 1492/1813/1632 1654/1821/1640 1499/1870/1689
f 1492/1813/1632 1491/1812/1631 1655/1822/1641 1654/1821/1640
f 1491/1812/1631 1490/1811/1630 1656/1825/1644 1655/1822/1641
f 1490/1811/1630 1489/1810/1629 1657/1827/1646 1656/1825/1644
f 1489/1810/1629 1488/1809/1628 1658/1829/1648 1657/1827/1646
f 1488/1809/1628 1487/1808/1627 1659/1831/1650 1658/1829/1648
f 1487/1808/1627 1486/1807/1626 1660/1833/1652 1659/1831/1650
f 1486/1807/1626 1420/1806/1625 1500/1871/1690 1660/1833/1652
f 1660/1833/1652 1500/1871/1690 1501/1872/1691 1667/1834/1653
f 1667/1834/1653 1501/1872/1691 1502/1873/1692 1674/1841/1660
f 1674/1841/1660 1502/1873/1692 1503/1874/1693 1681/1848/1667
f 1681/1848/1667 1503/1874/1693 1504/1875/1694 1688/1855/1674
f 1688/1855/1674 1504/1875/1694 1505/1876/1695 1695/1862/1681
f 1695/1862/1681 1505/1876/1695 1506/1877/1696 1702/1869/1688
f 1702/1869/1688 1506/1877/1696 1416/1878/1473 1436/1879/1472
f 1701/1868/1687 1702/1869/1688 1436/1879/1472 1435/1880/1471
f 1700/1867/1686 1701/1868/1687 1435/1880/1471 1434/1881/1470
f 1699/1866/1685 1700/1867/1686 1434/1881/1470 1433/1882/1469
f 1698/1865/1684 1699/1866/1685 1433/1882/1469 1432/1883/1468
f 1697/1863/1682 1698/1865/1684 1432/1883/1468 1431/1884/1467
f 1696/1864/1683 1697/1863/1682 1431/1884/1467 1430/1885/1465
f 1493/1886/1697 1696/1864/1683 1430/1885/1465 1415/1887/1464
f 1494/1888/1698 1689/1857/1676 1696/1864/1683 1493/1886/1697
f 1495/1889/1699 1682/1850/1669 1689/1857/1676 1494/1888/1698
f 1496/1890/1700 1675/1843/1662 1682/1850/1669 1495/1889/1699
f 1497/1891/1701 1668/1836/1655 1675/1843/1662 1496/1890/1700
f 1498/1892/1702 1661/1824/1643 1668/1836/1655 1497/1891/1701
f 1499/1870/1689 1654/1821/1640 1661/1824/1643 1498/1892/1702
f 1703/1893/1703 1704/1894/1704 1711/1895/1705 1710/1896/1706
f 1704/1894/1704 1705/1897/1707 1712/1898/1708 1711/1895/1705
f 1705/1897/1707 1706/1899/1709 1713/1900/1710 1712/1898/1708
f 1706/1899/1709 1707/1901/1711 1714/1902/1712 1713/1900/1710
f 1707/1901/1711 1708/1903/1713 1715/1904/1714 1714/1902/1712
f 1708/1903/1713 1709/1905/1715 1716/1906/1716 1715/1904/1714
f 1710/1896/1706 1711/1895/1705 1718/1907/1717 1717/1908/1718
f 1711/1895/1705 1712/1898/1708 1719/1909/1719 1718/1907/1717
f 1712/1898/1708 1713/1900/1710 1720/1910/1720 1719/1909/1719
f 1713/1900/1710 1714/1902/1712 1721/1911/1721 1720/1910/1720
f 1714/1902/1712 1715/1904/1714 1722/1912/1722 1721/1911/1721
f 1715/1904/1714 1716/1906/1716 1723/1913/1723 1722/1912/1722
f 1717/1908/1718 1718/1907/1717 1725/1914/1724 1724/1915/1725
f 1718/1907/1717 1719/1909/1719 1726/1916/1726 1725/1914/1724
f 1719/1909/1719 1720/1910/1720 1727/1917/1727 1726/1916/1726
f 1720/1910/1720 1721/1911/1721 1728/1918/1728 1727/1917/1727
f 1721/1911/1721 1722/1912/1722 1729/1919/1729 1728/1918/1728
f 1722/1912/1722 1723/1913/1723 1730/1920/1730 1729/1919/1729
f 1724/1915/1725 1725/1914/1724 1732/1921/1731 1731/1922/1732
f 1725/1914/1724 1726/1916/1726 1733/1923/1733 1732/1921/1731
f 1726/1916/1726 1727/1917/1727 1734/1924/1734 1733/1923/1733
f 1727/1917/1727 1728/1918/1728 1735/1925/1735 1734/1924/1734
f 1728/1918/1728 1729/1919/1729 1736/1926/1736 1735/1925/1735
f 1729/1919/1729 1730/1920/1730 1737/1927/1737 1736/1926/1736
f 1731/1922/1732 1732/1921/1731 1739/1928/1738 1738/1929/1739
f 1732/1921/1731 1733/1923/1733 1740/1930/1740 1739/1928/1738
f 1733/1923/1733 1734/1924/1734 1741/1931/1741 1740/1930/1740
f 1734/1924/1734 1735/1925/1735 1742/1932/1742 1741/1931/1741
f 1735/1925/1735 1736/1926/1736 1743/1933/1743 1742/1932/1742
f 1736/1926/1736 1737/1927/1737 1744/1934/1744 1743/1933/1743
f 1738/1929/1739 1739/1928/1738 1746/1935/1745 1745/1936/1746
f 1739/1928/1738 1740/1930/1740 1747/1937/1747 1746/1935/1745
f 1740/1930/1740 1741/1931/1741 1748/1938/1748 1747/1937/1747
f 1741/1931/1741 1742/1932/1742 1749/1939/1749 1748/1938/1748
f 1742/1932/1742 1743/1933/1743 1750/1940/1750 1749/1939/1749
f 1743/1933/1743 1744/1934/1744 1751/1941/1751 1750/1940/1750
f 1417/1942/1490 1457/1943/1545 1703/1893/1703 1423/1944/1489
f 1457/1943/1545 1456/1945/1567 1704/1894/1704 1703/1893/1703
f 1456/1945/1567 1455/1946/1566 1705/1897/1707 1704/1894/1704
f 1455/1946/1566 1454/1947/1565 1706/1899/1709 1705/1897/1707
f 1454/1947/1565 1453/1948/1564 1707/1901/1711 1706/1899/1709
f 1453/1948/1564 1452/1949/1563 1708/1903/1713 1707/1901/1711
f 1452/1949/1563 1451/1950/1561 1709/1905/1715 1708/1903/1713
f 1451/1950/1561 1421/1743/1562 1478/1798/1617 1709/1905/1715
f 1709/1905/1715 1478/1798/1617 1477/1820/1639 1716/1906/1716
f 1716/1906/1716 1477/1820/1639 1476/1819/1638 1723/1913/1723
f 1723/1913/1723 1476/1819/1638 1475/1818/1637 1730/1920/1730
f 1730/1920/1730 1475/1818/1637 1474/1817/1636 1737/1927/1737
f 1737/1927/1737 1474/1817/1636 1473/1816/1635 1744/1934/1744
f 1744/1934/1744 1473/1816/1635 1472/1814/1633 1751/1941/1751
f 1751/1941/1751 1472/1814/1633 1419/1815/1634 1499/1951/1689
f 1750/1940/1750 1751/1941/1751 1499/1951/1689 1498/1952/1702
f 1749/1939/1749 1750/1940/1750 1498/1952/1702 1497/1953/1701
f 1748/1938/1748 1749/1939/1749 1497/1953/1701 1496/1954/1700
f 1747/1937/1747 1748/1938/1748 1496/1954/1700 1495/1955/1699
f 1746/1935/1745 1747/1937/1747 1495/1955/1699 1494/1956/1698
f 1745/1936/1746 1746/1935/1745 1494/1956/1698 1493/1957/1697
f 1429/1958/1466 1745/1936/1746 1493/1957/1697 1415/1959/1464
f 1428/1960/1495 1738/1929/1739 1745/1936/1746 1429/1958/1466
f 1427/1961/1494 1731/1922/1732 1738/1929/1739 1428/1960/1495
f 1426/1962/1493 1724/1915/1725 1731/1922/1732 1427/1961/1494
f 1425/1963/1492 1717/1908/1718 1724/1915/1725 1426/1962/1493
f 1424/1964/1491 1710/1896/1706 1717/1908/1718 1425/1963/1492
f 1423/1944/1489 1703/1893/1703 1710/1896/1706 1424/1964/1491
f 1752/1965/1752 1753/1966/1753 1760/1967/1754 1759/1968/1755
f 1753/1966/1753 1754/1969/1756 1761/1970/1757 1760/1967/1754
f 1754/1969/1756 1755/1971/1758 1762/1972/1759 1761/1970/1757
f 1755/1971/1758 1756/1973/1760 1763/1974/1761 1762/1972/1759
f 1756/1973/1760 1757/1975/1762 1764/1976/1763 1763/1974/1761
f 1757/1975/1762 1758/1977/1764 1765/1978/1765 1764/1976/1763
f 1759/1968/1755 1760/1967/1754 1767/1979/1766 1766/1980/1767
f 1760/1967/1754 1761/1970/1757 1768/1981/1768 1767/1979/1766
f 1761/1970/1757 1762/1972/1759 1769/1982/1769 1768/1981/1768
f 1762/1972/1759 1763/1974/1761 1770/1983/1770 1769/1982/1769
f 1763/1974/1761 1764/1976/1763 1771/1984/1771 1770/1983/1770
f 1764/1976/1763 1765/1978/1765 1772/1985/1772 1771/1984/1771
f 1766/1980/1767 1767/1979/1766 1774/1986/1773 1773/1987/1774
f 1767/1979/1766 1768/1981/1768 1775/1988/1775 1774/1986/1773
f 1768/1981/1768 1769/1982/1769 1776/1989/1776 1775/1988/1775
f 1769/1982/1769 1770/1983/1770 1777/1990/1777 1776/1989/1776
f 1770/1983/1770 1771/1984/1771 1778/1991/1778 1777/1990/1777
f 1771/1984/1771 1772/1985/1772 1779/1992/1779 1778/1991/1778
f 1773/1987/1774 1774/1986/1773 1781/1993/1780 1780/1994/1781
f 1774/1986/1773 1775/1988/1775 1782/1995/1782 1781/1993/1780
f 1775/1988/1775 1776/1989/1776 1783/1996/1783 1782/1995/1782
f 1776/1989/1776 1777/1990/1777 1784/1997/1784 1783/1996/1783
f 1777/1990/1777 1778/1991/1778 1785/1998/1785 1784/1997/1784
f 1778/1991/1778 1779/1992/1779 1786/1999/1786 1785/1998/1785
f 1780/1994/1781 1781/1993/1780 1788/2000/1787 1787/2001/1788
f 1781/1993/1780 1782/1995/1782 1789/2002/1789 1788/2000/1787
f 1782/1995/1782 1783/1996/1783 1790/2003/1790 1789/2002/1789
f 1783/1996/1783 1784/1997/1784 1791/2004/1791 1790/2003/1790
f 1784/1997/1784 1785/1998/1785 1792/2005/1792 1791/2004/1791
f 1785/1998/1785 1786/1999/1786 1793/2006/1793 1792/2005/1792
f 1787/2001/1788 1788/2000/1787 1795/2007/1794 1794/2008/1795
f 1788/2000/1787 1789/2002/1789 1796/2009/1796 1795/2007/1794
f 1789/2002/1789 1790/2003/1790 1797/2010/1797 1796/2009/1796
f 1790/2003/1790 1791/2004/1791 1798/2011/1798 1797/2010/1797
f 1791/2004/1791 1792/2005/1792 1799/2012/1799 1798/2011/1798
f 1792/2005/1792 1793/2006/1793 1800/2013/1800 1799/2012/1799
f 1422/1734/1553 1464/2014/1552 1752/1965/1752 1479/1799/1618
f 1464/2014/1552 1463/2015/1551 1753/1966/1753 1752/1965/1752
f 1463/2015/1551 1462/2016/1550 1754/1969/1756 1753/1966/1753
f 1462/2016/1550 1461/2017/1549 1755/1971/1758 1754/1969/1756
f 1461/2017/1549 1460/2018/1548 1756/1973/1760 1755/1971/1758
f 1460/2018/1548 1459/2019/1547 1757/1975/1762 1756/1973/1760
f 1459/2019/1547 1458/2020/1546 1758/1977/1764 1757/1975/1762
f 1458/2020/1546 1418/2021/1481 1443/2022/1480 1758/1977/1764
f 1758/1977/1764 1443/2022/1480 1442/2023/1479 1765/1978/1765
f 1765/1978/1765 1442/2023/1479 1441/2024/1478 1772/1985/1772
f 1772/1985/1772 1441/2024/1478 1440/2025/1477 1779/1992/1779
f 1779/1992/1779 1440/2025/1477 1439/2026/1476 1786/1999/1786
f 1786/1999/1786 1439/2026/1476 1438/2027/1475 1793/2006/1793
f 1793/2006/1793 1438/2027/1475 1437/2028/1474 1800/2013/1800
f 1800/2013/1800 1437/2028/1474 1416/2029/1473 1506/2030/1696
f 1799/2012/1799 1800/2013/1800 1506/2030/1696 1505/2031/1695
f 1798/2011/1798 1799/2012/1799 1505/2031/1695 1504/2032/1694
f 1797/2010/1797 1798/2011/1798 1504/2032/1694 1503/2033/1693
f 1796/2009/1796 1797/2010/1797 1503/2033/1693 1502/2034/1692
f 1795/2007/1794 1796/2009/1796 1502/2034/1692 1501/2035/1691
f 1794/2008/1795 1795/2007/1794 1501/2035/1691 1500/2036/1690
f 1485/1805/1624 1794/2008/1795 1500/2036/1690 1420/1806/1625
f 1484/1804/1623 1787/2001/1788 1794/2008/1795 1485/1805/1624
f 1483/1803/1622 1780/1994/1781 1787/2001/1788 1484/1804/1623
f 1482/1802/1621 1773/1987/1774 1780/1994/1781 1483/1803/1622
f 1481/1801/1620 1766/1980/1767 1773/1987/1774 1482/1802/1621
f 1480/1800/1619 1759/1968/1755 1766/1980/1767 1481/1801/1620
f 1479/1799/1618 1752/1965/1752 1759/1968/1755 1480/1800/1619
o Cubo.005
v 0.203900 0.447317 0.589610
v 0.203900 0.558018 0.589610
v 0.203900 0.447317 0.446058
v 0.203900 0.558018 0.446058
v 0.316429 0.447317 0.589610
v 0.316429 0.558018 0.589610
v 0.316429 0.447317 0.446058
v 0.316429 0.558018 0.446058
v 0.199948 0.443430 0.457708
v 0.195693 0.439244 0.475249
v 0.192689 0.436287 0.495813
v 0.191571 0.435188 0.517834
v 0.192689 0.436287 0.539855
v 0.195693 0.439244 0.560419
v 0.199948 0.443430 0.577961
v 0.199948 0.456300 0.594652
v 0.195693 0.469828 0.600080
v 0.192689 0.485685 0.603913
v 0.191571 0.502667 0.605339
v 0.192689 0.519650 0.603913
v 0.195693 0.535508 0.600080
v 0.199948 0.549035 0.594652
v 0.199948 0.561906 0.577961
v 0.195693 0.566092 0.560419
v 0.192689 0.569049 0.539855
v 0.191571 0.570148 0.517834
v 0.192689 0.569049 0.495813
v 0.195693 0.566092 0.475249
v 0.199948 0.561906 0.457707
v 0.199948 0.549035 0.441016
v 0.195693 0.535508 0.435588
v 0.192689 0.519650 0.431754
v 0.191571 0.502667 0.430329
v 0.192689 0.485685 0.431754
v 0.195693 0.469828 0.435588
v 0.199948 0.456300 0.441016
v 0.307297 0.443430 0.441016
v 0.293546 0.439244 0.435588
v 0.277426 0.436287 0.431754
v 0.260164 0.435188 0.430329
v 0.242903 0.436287 0.431754
v 0.226783 0.439244 0.435588
v 0.213031 0.443430 0.441016
v 0.213031 0.561906 0.441016
v 0.226783 0.566092 0.435588
v 0.242903 0.569049 0.431754
v 0.260164 0.570148 0.430329
v 0.277426 0.569049 0.431754
v 0.293546 0.566092 0.435588
v 0.307297 0.561906 0.441016
v 0.320381 0.549035 0.441016
v 0.324635 0.535508 0.435588
v 0.327641 0.519650 0.431754
v 0.328758 0.502667 0.430329
v 0.327641 0.485685 0.431754
v 0.324635 0.469828 0.435588
v 0.320381 0.456300 0.441016
v 0.320381 0.443430 0.577962
v 0.324635 0.439244 0.560419
v 0.327641 0.436287 0.539855
v 0.328758 0.435188 0.517834
v 0.327641 0.436287 0.495813
v 0.324635 0.439244 0.475249
v 0.320381 0.443430 0.457708
v 0.320381 0.561906 0.457707
v 0.324635 0.566092 0.475249
v 0.327641 0.569049 0.495813
v 0.328758 0.570148 0.517834
v 0.327641 0.569049 0.539855
v 0.324635 0.566092 0.560419
v 0.320381 0.561906 0.577962
v 0.320381 0.549035 0.594652
v 0.324635 0.535508 0.600080
v 0.327641 0.519650 0.603913
v 0.328758 0.502667 0.605339
v 0.327641 0.485685 0.603913
v 0.324635 0.469828 0.600080
v 0.320381 0.456300 0.594652
v 0.213031 0.443430 0.594652
v 0.226783 0.439244 0.600080
v 0.242903 0.436287 0.603913
v 0.260164 0.435188 0.605339
v 0.277426 0.436287 0.603913
v 0.293546 0.439244 0.600080
v 0.307297 0.443430 0.594652
v 0.307297 0.561906 0.594652
v 0.293546 0.566092 0.600080
v 0.277426 0.569049 0.603913
v 0.260164 0.570148 0.605339
v 0.242903 0.569049 0.603913
v 0.226783 0.566092 0.600080
v 0.213031 0.561906 0.594652
v 0.191470 0.454872 0.579814
v 0.185430 0.469127 0.583193
v 0.181616 0.485388 0.585935
v 0.180275 0.502667 0.587024
v 0.181616 0.519947 0.585935
v 0.185430 0.536209 0.583193
v 0.191470 0.550464 0.579814
v 0.185430 0.452266 0.561329
v 0.178132 0.467669 0.563219
v 0.173692 0.484744 0.564929
v 0.172186 0.502667 0.565657
v 0.173692 0.520593 0.564929
v 0.178132 0.537667 0.563219
v 0.185430 0.553070 0.561329
v 0.181616 0.450151 0.540242
v 0.173692 0.466349 0.541078
v 0.168919 0.484116 0.541891
v 0.167321 0.502667 0.542254
v 0.168919 0.521219 0.541891
v 0.173692 0.538986 0.541078
v 0.181616 0.555186 0.540242
v 0.180275 0.449312 0.517834
v 0.172186 0.465788 0.517834
v 0.167321 0.483836 0.517834
v 0.165696 0.502667 0.517834
v 0.167321 0.521500 0.517834
v 0.172186 0.539548 0.517834
v 0.180275 0.556025 0.517834
v 0.181616 0.450151 0.495426
v 0.173692 0.466349 0.494590
v 0.168919 0.484116 0.493777
v 0.167321 0.502667 0.493414
v 0.168919 0.521219 0.493777
v 0.173692 0.538986 0.494590
v 0.181616 0.555186 0.495426
v 0.185430 0.452266 0.474341
v 0.178132 0.467669 0.472449
v 0.173692 0.484744 0.470739
v 0.172186 0.502667 0.470011
v 0.173692 0.520593 0.470739
v 0.178132 0.537667 0.472449
v 0.185430 0.553070 0.474340
v 0.191470 0.454872 0.455854
v 0.185430 0.469127 0.452474
v 0.181616 0.485388 0.449733
v 0.180275 0.502667 0.448643
v 0.181616 0.519947 0.449733
v 0.185430 0.536209 0.452474
v 0.191470 0.550464 0.455854
v 0.211579 0.454872 0.430200
v 0.208930 0.469127 0.422495
v 0.206781 0.485388 0.417630
v 0.205927 0.502667 0.415919
v 0.206781 0.519947 0.417630
v 0.208930 0.536209 0.422495
v 0.211579 0.550464 0.430200
v 0.226070 0.452266 0.422495
v 0.224588 0.467669 0.413185
v 0.223247 0.484744 0.407522
v 0.222677 0.502667 0.405600
v 0.223247 0.520593 0.407522
v 0.224588 0.537667 0.413185
v 0.226070 0.553070 0.422495
v 0.242600 0.450151 0.417630
v 0.241944 0.466349 0.407522
v 0.241306 0.484116 0.401433
v 0.241021 0.502667 0.399394
v 0.241306 0.521219 0.401433
v 0.241944 0.538986 0.407522
v 0.242600 0.555186 0.417630
v 0.260164 0.449312 0.415919
v 0.260164 0.465788 0.405600
v 0.260164 0.483836 0.399394
v 0.260164 0.502667 0.397321
v 0.260164 0.521500 0.399394
v 0.260164 0.539548 0.405600
v 0.260164 0.556025 0.415919
v 0.277729 0.450151 0.417630
v 0.278385 0.466349 0.407522
v 0.279022 0.484116 0.401433
v 0.279307 0.502667 0.399394
v 0.279022 0.521219 0.401433
v 0.278385 0.538986 0.407522
v 0.277729 0.555186 0.417630
v 0.294258 0.452266 0.422495
v 0.295741 0.467669 0.413185
v 0.297082 0.484744 0.407522
v 0.297652 0.502667 0.405600
v 0.297082 0.520593 0.407522
v 0.295741 0.537667 0.413185
v 0.294258 0.553070 0.422495
v 0.308750 0.454872 0.430200
v 0.311400 0.469127 0.422495
v 0.313548 0.485388 0.417630
v 0.314402 0.502667 0.415919
v 0.313548 0.519947 0.417630
v 0.311400 0.536209 0.422495
v 0.308750 0.550464 0.430200
v 0.328859 0.454872 0.455854
v 0.334899 0.469127 0.452474
v 0.338713 0.485388 0.449733
v 0.340054 0.502667 0.448643
v 0.338713 0.519947 0.449733
v 0.334899 0.536209 0.452474
v 0.328859 0.550464 0.455854
v 0.334899 0.452266 0.474341
v 0.342197 0.467669 0.472449
v 0.346636 0.484744 0.470739
v 0.348143 0.502667 0.470011
v 0.346636 0.520593 0.470739
v 0.342197 0.537667 0.472449
v 0.334899 0.553070 0.474340
v 0.338713 0.450151 0.495426
v 0.346636 0.466349 0.494590
v 0.351410 0.484116 0.493777
v 0.353008 0.502667 0.493414
v 0.351410 0.521219 0.493777
v 0.346636 0.538986 0.494590
v 0.338713 0.555186 0.495426
v 0.340054 0.449312 0.517834
v 0.348143 0.465788 0.517834
v 0.353008 0.483836 0.517834
v 0.354634 0.502667 0.517834
v 0.353008 0.521500 0.517834
v 0.348143 0.539548 0.517834
v 0.340054 0.556025 0.517834
v 0.338713 0.450151 0.540242
v 0.346636 0.466349 0.541078
v 0.351410 0.484116 0.541891
v 0.353008 0.502667 0.542254
v 0.351410 0.521219 0.541891
v 0.346636 0.538986 0.541078
v 0.338713 0.555186 0.540242
v 0.334899 0.452266 0.561329
v 0.342197 0.467669 0.563219
v 0.346636 0.484744 0.564929
v 0.348143 0.502667 0.565657
v 0.346636 0.520593 0.564929
v 0.342197 0.537667 0.563219
v 0.334899 0.553070 0.561329
v 0.328859 0.454872 0.579814
v 0.334899 0.469127 0.583193
v 0.338713 0.485388 0.585935
v 0.340054 0.502667 0.587024
v 0.338713 0.519947 0.585935
v 0.334899 0.536209 0.583193
v 0.328859 0.550464 0.579814
v 0.308750 0.454872 0.605467
v 0.311400 0.469127 0.613172
v 0.313548 0.485388 0.618038
v 0.314402 0.502667 0.619749
v 0.313548 0.519947 0.618038
v 0.311400 0.536209 0.613172
v 0.308750 0.550464 0.605467
v 0.294258 0.452266 0.613172
v 0.295741 0.467669 0.622483
v 0.297082 0.484744 0.628146
v 0.297652 0.502667 0.630068
v 0.297082 0.520593 0.628146
v 0.295741 0.537667 0.622483
v 0.294258 0.553070 0.613172
v 0.277729 0.450151 0.618038
v 0.278385 0.466349 0.628146
v 0.279022 0.484116 0.634236
v 0.279307 0.502667 0.636274
v 0.279022 0.521219 0.634236
v 0.278385 0.538986 0.628146
v 0.277729 0.555186 0.618038
v 0.260164 0.449312 0.619749
v 0.260164 0.465788 0.630068
v 0.260164 0.483836 0.636274
v 0.260164 0.502667 0.638347
v 0.260164 0.521500 0.636274
v 0.260164 0.539548 0.630068
v 0.260164 0.556025 0.619749
v 0.242600 0.450151 0.618038
v 0.241944 0.466349 0.628146
v 0.241306 0.484116 0.634236
v 0.241021 0.502667 0.636274
v 0.241306 0.521219 0.634236
v 0.241944 0.538986 0.628146
v 0.242600 0.555186 0.618038
v 0.226070 0.452266 0.613172
v 0.224588 0.467669 0.622483
v 0.223247 0.484744 0.628146
v 0.222677 0.502667 0.630068
v 0.223247 0.520593 0.628146
v 0.224588 0.537667 0.622483
v 0.226070 0.553070 0.613172
v 0.211579 0.454872 0.605467
v 0.208930 0.469127 0.613172
v 0.206781 0.485388 0.618038
v 0.205927 0.502667 0.619749
v 0.206781 0.519947 0.618038
v 0.208930 0.536209 0.613172
v 0.211579 0.550464 0.605467
v 0.211579 0.435089 0.455854
v 0.226070 0.429148 0.452474
v 0.242600 0.425395 0.449733
v 0.260164 0.424075 0.448643
v 0.277729 0.425395 0.449733
v 0.294258 0.429148 0.452474
v 0.308750 0.435089 0.455854
v 0.208930 0.429148 0.474341
v 0.224588 0.421968 0.472449
v 0.241944 0.417599 0.470739
v 0.260164 0.416118 0.470011
v 0.278385 0.417599 0.470739
v 0.295741 0.421968 0.472449
v 0.311400 0.429148 0.474341
v 0.206781 0.425395 0.495426
v 0.223247 0.417599 0.494590
v 0.241306 0.412905 0.493777
v 0.260164 0.411332 0.493414
v 0.279022 0.412905 0.493777
v 0.297082 0.417599 0.494590
v 0.313548 0.425395 0.495426
v 0.205927 0.424075 0.517834
v 0.222677 0.416118 0.517834
v 0.241021 0.411332 0.517834
v 0.260164 0.409732 0.517834
v 0.279307 0.411332 0.517834
v 0.297652 0.416118 0.517834
v 0.314402 0.424075 0.517834
v 0.206781 0.425395 0.540242
v 0.223247 0.417599 0.541078
v 0.241306 0.412905 0.541891
v 0.260164 0.411332 0.542254
v 0.279022 0.412905 0.541891
v 0.297082 0.417599 0.541078
v 0.313548 0.425395 0.540242
v 0.208930 0.429148 0.561329
v 0.224588 0.421968 0.563219
v 0.241944 0.417599 0.564929
v 0.260164 0.416118 0.565657
v 0.278385 0.417599 0.564929
v 0.295741 0.421968 0.563219
v 0.311400 0.429148 0.561329
v 0.211579 0.435089 0.579814
v 0.226070 0.429148 0.583193
v 0.242600 0.425395 0.585935
v 0.260164 0.424075 0.587024
v 0.277729 0.425395 0.585935
v 0.294258 0.429148 0.583193
v 0.308750 0.435089 0.579814
v 0.308750 0.570247 0.455854
v 0.294258 0.576188 0.452474
v 0.277729 0.579941 0.449733
v 0.260164 0.581261 0.448643
v 0.242600 0.579941 0.449733
v 0.226070 0.576188 0.452474
v 0.211579 0.570247 0.455854
v 0.311400 0.576188 0.474340
v 0.295741 0.583368 0.472449
v 0.278385 0.587736 0.470739
v 0.260164 0.589217 0.470011
v 0.241944 0.587736 0.470739
v 0.224588 0.583368 0.472449
v 0.208930 0.576188 0.474340
v 0.313548 0.579941 0.495426
v 0.297082 0.587736 0.494590
v 0.279022 0.592431 0.493777
v 0.260164 0.594004 0.493414
v 0.241306 0.592431 0.493777
v 0.223247 0.587736 0.494590
v 0.206781 0.579941 0.495426
v 0.314402 0.581261 0.517834
v 0.297652 0.589217 0.517834
v 0.279307 0.594004 0.517834
v 0.260164 0.595602 0.517834
v 0.241021 0.594004 0.517834
v 0.222677 0.589217 0.517834
v 0.205927 0.581261 0.517834
v 0.313548 0.579941 0.540242
v 0.297082 0.587736 0.541078
v 0.279022 0.592431 0.541891
v 0.260164 0.594004 0.542254
v 0.241306 0.592431 0.541891
v 0.223247 0.587736 0.541078
v 0.206781 0.579941 0.540242
v 0.311400 0.576188 0.561329
v 0.295741 0.583368 0.563219
v 0.278385 0.587736 0.564929
v 0.260164 0.589217 0.565657
v 0.241944 0.587736 0.564929
v 0.224588 0.583368 0.563219
v 0.208930 0.576188 0.561329
v 0.308750 0.570247 0.579814
v 0.294258 0.576188 0.583193
v 0.277729 0.579941 0.585935
v 0.260164 0.581261 0.587024
v 0.242600 0.579941 0.585935
v 0.226070 0.576188 0.583193
v 0.211579 0.570247 0.579814
vn -0.7653 -0.5097 0.3931
vn -0.8366 -0.3537 0.4183
vn -0.8953 -0.3527 0.2722
vn -0.8092 -0.5249 0.2640
vn -0.8816 -0.1846 0.4344
vn -0.9438 -0.1792 0.2776
vn -0.8979 -0.0000 0.4403
vn -0.9601 -0.0000 0.2795
vn -0.8816 0.1846 0.4344
vn -0.9439 0.1792 0.2775
vn -0.8366 0.3537 0.4183
vn -0.8953 0.3527 0.2722
vn -0.7653 0.5097 0.3931
vn -0.8095 0.5246 0.2637
vn -0.9258 -0.3529 0.1358
vn -0.8351 -0.5333 0.1349
vn -0.9750 -0.1758 0.1356
vn -0.9908 -0.0000 0.1355
vn -0.9750 0.1758 0.1356
vn -0.9258 0.3529 0.1356
vn -0.8351 0.5333 0.1349
vn -0.9356 -0.3530 -0.0000
vn -0.8440 -0.5364 -0.0000
vn -0.9846 -0.1746 -0.0000
vn -1.0000 -0.0000 -0.0000
vn -0.9846 0.1746 -0.0000
vn -0.9356 0.3530 -0.0000
vn -0.8440 0.5364 -0.0000
vn -0.9258 -0.3529 -0.1356
vn -0.8351 -0.5333 -0.1349
vn -0.9751 -0.1758 -0.1354
vn -0.9908 -0.0000 -0.1357
vn -0.9750 0.1758 -0.1356
vn -0.9258 0.3529 -0.1356
vn -0.8348 0.5338 -0.1349
vn -0.8953 -0.3527 -0.2721
vn -0.8094 -0.5246 -0.2639
vn -0.9438 -0.1792 -0.2776
vn -0.9601 -0.0000 -0.2795
vn -0.9438 0.1792 -0.2776
vn -0.8953 0.3527 -0.2722
vn -0.8094 0.5246 -0.2639
vn -0.8366 -0.3537 -0.4183
vn -0.7653 -0.5097 -0.3931
vn -0.8816 -0.1846 -0.4344
vn -0.8979 -0.0000 -0.4403
vn -0.8816 0.1846 -0.4344
vn -0.8366 0.3537 -0.4183
vn -0.7653 0.5097 -0.3931
vn -0.6145 -0.6248 0.4817
vn -0.6774 -0.5090 0.5311
vn -0.6498 -0.6605 0.3761
vn -0.7332 -0.3633 0.5748
vn -0.7722 -0.1931 0.6053
vn -0.7870 -0.0000 0.6169
vn -0.7722 0.1931 0.6053
vn -0.7332 0.3633 0.5748
vn -0.6773 0.5090 0.5312
vn -0.6145 0.6248 0.4817
vn -0.6498 0.6603 0.3766
vn -0.6775 0.6884 0.2589
vn -0.6949 0.7065 0.1341
vn -0.7012 0.7130 -0.0000
vn -0.6952 0.7062 -0.1341
vn -0.6775 0.6883 -0.2593
vn -0.6498 0.6603 -0.3766
vn -0.6145 0.6248 -0.4817
vn -0.6775 0.5090 -0.5310
vn -0.7332 0.3633 -0.5748
vn -0.7722 0.1931 -0.6053
vn -0.7870 -0.0000 -0.6169
vn -0.7722 -0.1931 -0.6053
vn -0.7332 -0.3633 -0.5748
vn -0.6775 -0.5090 -0.5310
vn -0.6498 -0.6603 -0.3765
vn -0.6145 -0.6248 -0.4817
vn -0.6775 -0.6884 -0.2589
vn -0.6951 -0.7062 -0.1344
vn -0.7012 -0.7130 -0.0000
vn -0.6951 -0.7062 0.1344
vn -0.6775 -0.6883 0.2593
vn -0.5372 -0.5460 -0.6429
vn -0.5822 -0.3859 -0.7156
vn -0.4042 -0.4107 -0.8173
vn -0.3785 -0.5898 -0.7134
vn -0.6124 -0.2040 -0.7638
vn -0.4218 -0.2134 -0.8812
vn -0.6237 -0.0000 -0.7817
vn -0.4281 -0.0000 -0.9037
vn -0.6124 0.2040 -0.7638
vn -0.4218 0.2134 -0.8812
vn -0.5823 0.3859 -0.7156
vn -0.4042 0.4107 -0.8173
vn -0.5373 0.5461 -0.6428
vn -0.3785 0.5898 -0.7134
vn -0.2096 -0.4276 -0.8793
vn -0.1997 -0.6189 -0.7597
vn -0.2154 -0.2193 -0.9516
vn -0.2173 -0.0000 -0.9761
vn -0.2154 0.2189 -0.9517
vn -0.2096 0.4276 -0.8794
vn -0.1997 0.6189 -0.7597
vn -0.0000 -0.4337 -0.9011
vn -0.0000 -0.6297 -0.7768
vn -0.0000 -0.2206 -0.9754
vn -0.0000 -0.0000 -1.0000
vn -0.0000 0.2206 -0.9754
vn -0.0000 0.4337 -0.9011
vn -0.0000 0.6297 -0.7768
vn 0.2096 -0.4276 -0.8793
vn 0.1997 -0.6189 -0.7597
vn 0.2154 -0.2189 -0.9517
vn 0.2173 -0.0000 -0.9761
vn 0.2154 0.2189 -0.9517
vn 0.2096 0.4276 -0.8793
vn 0.1997 0.6189 -0.7597
vn 0.4042 -0.4107 -0.8173
vn 0.3785 -0.5898 -0.7134
vn 0.4218 -0.2134 -0.8812
vn 0.4281 -0.0000 -0.9037
vn 0.4218 0.2134 -0.8812
vn 0.4042 0.4107 -0.8173
vn 0.3785 0.5898 -0.7134
vn 0.5823 -0.3859 -0.7156
vn 0.5372 -0.5460 -0.6429
vn 0.6124 -0.2040 -0.7638
vn 0.6237 -0.0000 -0.7817
vn 0.6124 0.2040 -0.7638
vn 0.5823 0.3859 -0.7156
vn 0.5373 0.5460 -0.6428
vn -0.4990 -0.6861 -0.5294
vn -0.4990 0.6861 -0.5294
vn -0.3551 0.7401 -0.5710
vn -0.1883 0.7775 -0.6000
vn -0.0000 0.7920 -0.6105
vn 0.1883 0.7778 -0.5997
vn 0.3551 0.7401 -0.5710
vn 0.4990 0.6861 -0.5293
vn 0.6145 0.6248 -0.4817
vn 0.6775 0.5090 -0.5310
vn 0.7332 0.3633 -0.5748
vn 0.7722 0.1931 -0.6053
vn 0.7870 -0.0000 -0.6169
vn 0.7722 -0.1931 -0.6053
vn 0.7332 -0.3633 -0.5748
vn 0.6775 -0.5090 -0.5310
vn 0.4990 -0.6862 -0.5293
vn 0.6145 -0.6248 -0.4817
vn 0.3550 -0.7404 -0.5707
vn 0.1883 -0.7775 -0.6000
vn -0.0000 -0.7920 -0.6105
vn -0.1883 -0.7775 -0.6000
vn -0.3551 -0.7402 -0.5710
vn 0.7651 -0.5097 -0.3934
vn 0.8366 -0.3537 -0.4183
vn 0.8953 -0.3527 -0.2721
vn 0.8094 -0.5246 -0.2639
vn 0.8817 -0.1846 -0.4343
vn 0.9439 -0.1792 -0.2775
vn 0.8979 -0.0000 -0.4402
vn 0.9601 -0.0000 -0.2795
vn 0.8816 0.1846 -0.4343
vn 0.9438 0.1792 -0.2776
vn 0.8366 0.3537 -0.4183
vn 0.8953 0.3527 -0.2722
vn 0.7653 0.5097 -0.3931
vn 0.8092 0.5249 -0.2639
vn 0.9257 -0.3530 -0.1361
vn 0.8350 -0.5333 -0.1353
vn 0.9750 -0.1758 -0.1357
vn 0.9907 -0.0000 -0.1363
vn 0.9750 0.1758 -0.1359
vn 0.9257 0.3530 -0.1361
vn 0.8351 0.5333 -0.1346
vn 0.9356 -0.3530 -0.0000
vn 0.8436 -0.5369 -0.0000
vn 0.9846 -0.1746 -0.0000
vn 1.0000 -0.0000 -0.0000
vn 0.9846 0.1746 -0.0000
vn 0.9356 0.3530 -0.0000
vn 0.8440 0.5363 -0.0000
vn 0.9258 -0.3529 0.1358
vn 0.8351 -0.5333 0.1348
vn 0.9750 -0.1758 0.1358
vn 0.9907 -0.0000 0.1358
vn 0.9749 0.1764 0.1357
vn 0.9258 0.3529 0.1356
vn 0.8349 0.5337 0.1347
vn 0.8953 -0.3527 0.2721
vn 0.8095 -0.5246 0.2637
vn 0.9439 -0.1792 0.2775
vn 0.9601 -0.0000 0.2795
vn 0.9438 0.1792 0.2776
vn 0.8953 0.3527 0.2722
vn 0.8094 0.5246 0.2639
vn 0.8366 -0.3537 0.4184
vn 0.7653 -0.5097 0.3931
vn 0.8816 -0.1846 0.4344
vn 0.8979 -0.0000 0.4402
vn 0.8816 0.1846 0.4344
vn 0.8366 0.3537 0.4183
vn 0.7652 0.5097 0.3933
vn 0.6498 -0.6603 -0.3765
vn 0.6498 0.6603 -0.3766
vn 0.6775 0.6883 -0.2594
vn 0.6951 0.7062 -0.1344
vn 0.7015 0.7127 -0.0000
vn 0.6952 0.7062 0.1341
vn 0.6775 0.6883 0.2593
vn 0.6498 0.6603 0.3766
vn 0.6145 0.6248 0.4817
vn 0.6774 0.5090 0.5311
vn 0.7332 0.3633 0.5748
vn 0.7722 0.1931 0.6053
vn 0.7870 -0.0000 0.6169
vn 0.7722 -0.1931 0.6053
vn 0.7332 -0.3633 0.5748
vn 0.6774 -0.5090 0.5311
vn 0.6498 -0.6603 0.3766
vn 0.6145 -0.6248 0.4817
vn 0.6775 -0.6883 0.2593
vn 0.6951 -0.7062 0.1344
vn 0.7012 -0.7130 -0.0000
vn 0.6952 -0.7062 -0.1341
vn 0.6775 -0.6883 -0.2594
vn 0.5373 -0.5461 0.6427
vn 0.5823 -0.3859 0.7156
vn 0.4042 -0.4108 0.8172
vn 0.3785 -0.5898 0.7134
vn 0.6124 -0.2040 0.7638
vn 0.4218 -0.2134 0.8812
vn 0.6237 -0.0000 0.7816
vn 0.4281 -0.0000 0.9037
vn 0.6124 0.2040 0.7638
vn 0.4218 0.2134 0.8812
vn 0.5823 0.3859 0.7156
vn 0.4042 0.4108 0.8172
vn 0.5373 0.5461 0.6428
vn 0.3785 0.5898 0.7133
vn 0.2096 -0.4276 0.8793
vn 0.1997 -0.6189 0.7597
vn 0.2154 -0.2189 0.9517
vn 0.2172 -0.0000 0.9761
vn 0.2154 0.2189 0.9517
vn 0.2096 0.4276 0.8793
vn 0.1997 0.6189 0.7597
vn -0.0000 -0.4337 0.9011
vn -0.0000 -0.6297 0.7768
vn -0.0000 -0.2206 0.9754
vn -0.0000 -0.0000 1.0000
vn -0.0000 0.2206 0.9754
vn -0.0000 0.4337 0.9011
vn -0.0000 0.6303 0.7763
vn -0.2096 -0.4276 0.8793
vn -0.1997 -0.6189 0.7597
vn -0.2154 -0.2189 0.9517
vn -0.2173 -0.0000 0.9761
vn -0.2154 0.2189 0.9517
vn -0.2096 0.4276 0.8793
vn -0.1997 0.6189 0.7597
vn -0.4042 -0.4108 0.8172
vn -0.3785 -0.5898 0.7134
vn -0.4218 -0.2134 0.8812
vn -0.4281 -0.0000 0.9037
vn -0.4218 0.2134 0.8812
vn -0.4042 0.4108 0.8172
vn -0.3785 0.5899 0.7133
vn -0.5822 -0.3859 0.7156
vn -0.5372 -0.5460 0.6429
vn -0.6124 -0.2040 0.7638
vn -0.6237 -0.0000 0.7817
vn -0.6124 0.2040 0.7638
vn -0.5823 0.3859 0.7156
vn -0.5373 0.5460 0.6428
vn 0.4990 -0.6861 0.5294
vn 0.4990 0.6861 0.5293
vn 0.3551 0.7401 0.5711
vn 0.1883 0.7775 0.6000
vn -0.0000 0.7917 0.6109
vn -0.1883 0.7775 0.6000
vn -0.3551 0.7401 0.5710
vn -0.4990 0.6861 0.5293
vn -0.4990 -0.6861 0.5294
vn -0.3551 -0.7402 0.5710
vn -0.1883 -0.7775 0.6000
vn -0.0000 -0.7920 0.6105
vn 0.1883 -0.7775 0.6000
vn 0.3551 -0.7401 0.5711
vn -0.4988 -0.7732 -0.3916
vn -0.3448 -0.8422 -0.4145
vn -0.3434 -0.8998 -0.2692
vn -0.5131 -0.8171 -0.2626
vn -0.1795 -0.8852 -0.4292
vn -0.1739 -0.9459 -0.2738
vn -0.0000 -0.9006 -0.4347
vn -0.0000 -0.9613 -0.2754
vn 0.1795 -0.8852 -0.4292
vn 0.1739 -0.9459 -0.2738
vn 0.3448 -0.8422 -0.4145
vn 0.3434 -0.8998 -0.2692
vn 0.4988 -0.7735 -0.3910
vn 0.5131 -0.8173 -0.2623
vn -0.3431 -0.9297 -0.1340
vn -0.5214 -0.8426 -0.1344
vn -0.1705 -0.9762 -0.1338
vn -0.0000 -0.9911 -0.1334
vn 0.1705 -0.9762 -0.1337
vn 0.3433 -0.9296 -0.1339
vn 0.5214 -0.8427 -0.1340
vn -0.3433 -0.9392 -0.0000
vn -0.5243 -0.8515 -0.0000
vn -0.1693 -0.9856 -0.0000
vn -0.0000 -1.0000 -0.0000
vn 0.1693 -0.9856 -0.0000
vn 0.3432 -0.9392 -0.0000
vn 0.5243 -0.8515 -0.0000
vn -0.3433 -0.9296 0.1339
vn -0.5214 -0.8426 0.1344
vn -0.1705 -0.9763 0.1336
vn -0.0000 -0.9911 0.1334
vn 0.1705 -0.9763 0.1336
vn 0.3434 -0.9295 0.1345
vn 0.5214 -0.8427 0.1344
vn -0.3434 -0.8998 0.2692
vn -0.5131 -0.8173 0.2621
vn -0.1739 -0.9459 0.2738
vn -0.0000 -0.9613 0.2754
vn 0.1739 -0.9459 0.2738
vn 0.3434 -0.8998 0.2692
vn 0.5131 -0.8171 0.2626
vn -0.3448 -0.8422 0.4145
vn -0.4987 -0.7736 0.3910
vn -0.1795 -0.8851 0.4293
vn -0.0000 -0.9006 0.4347
vn 0.1795 -0.8851 0.4293
vn 0.3448 -0.8422 0.4145
vn 0.4987 -0.7736 0.3910
vn 0.4988 0.7735 -0.3910
vn 0.3448 0.8422 -0.4145
vn 0.3434 0.8998 -0.2692
vn 0.5132 0.8170 -0.2629
vn 0.1795 0.8852 -0.4292
vn 0.1739 0.9459 -0.2739
vn -0.0000 0.9006 -0.4347
vn -0.0000 0.9614 -0.2750
vn -0.1795 0.8852 -0.4292
vn -0.1739 0.9459 -0.2740
vn -0.3448 0.8422 -0.4145
vn -0.3434 0.8998 -0.2692
vn -0.4988 0.7736 -0.3908
vn -0.5131 0.8172 -0.2625
vn 0.3430 0.9298 -0.1338
vn 0.5210 0.8430 -0.1339
vn 0.1705 0.9763 -0.1336
vn -0.0000 0.9911 -0.1334
vn -0.1705 0.9762 -0.1337
vn -0.3432 0.9297 -0.1341
vn -0.5214 0.8427 -0.1344
vn 0.3432 0.9392 -0.0000
vn 0.5243 0.8516 -0.0000
vn 0.1693 0.9856 -0.0000
vn -0.0000 1.0000 -0.0000
vn -0.1693 0.9856 -0.0000
vn -0.3433 0.9392 -0.0000
vn -0.5243 0.8516 -0.0000
vn 0.3429 0.9298 0.1338
vn 0.5214 0.8427 0.1340
vn 0.1705 0.9763 0.1336
vn -0.0000 0.9911 0.1334
vn -0.1705 0.9762 0.1338
vn -0.3428 0.9298 0.1338
vn -0.5214 0.8427 0.1340
vn 0.3434 0.8998 0.2692
vn 0.5131 0.8173 0.2623
vn 0.1739 0.9459 0.2740
vn -0.0000 0.9613 0.2754
vn -0.1739 0.9459 0.2738
vn -0.3434 0.8997 0.2695
vn -0.5131 0.8173 0.2623
vn 0.3448 0.8422 0.4145
vn 0.4987 0.7736 0.3909
vn 0.1795 0.8852 0.4293
vn -0.0000 0.9006 0.4347
vn -0.1795 0.8852 0.4293
vn -0.3448 0.8422 0.4146
vn -0.4988 0.7735 0.3910
vt 0.406250 0.031250
vt 0.437500 0.031250
vt 0.437500 0.062500
vt 0.406250 0.062500
vt 0.468750 0.031250
vt 0.468750 0.062500
vt 0.500000 0.031250
vt 0.500000 0.062500
vt 0.531250 0.031250
vt 0.531250 0.062500
vt 0.562500 0.031250
vt 0.562500 0.062500
vt 0.593750 0.031250
vt 0.593750 0.062500
vt 0.437500 0.093750
vt 0.406250 0.093750
vt 0.468750 0.093750
vt 0.500000 0.093750
vt 0.531250 0.093750
vt 0.562500 0.093750
vt 0.593750 0.093750
vt 0.437500 0.125000
vt 0.406250 0.125000
vt 0.468750 0.125000
vt 0.500000 0.125000
vt 0.531250 0.125000
vt 0.562500 0.125000
vt 0.593750 0.125000
vt 0.437500 0.156250
vt 0.406250 0.156250
vt 0.468750 0.156250
vt 0.500000 0.156250
vt 0.531250 0.156250
vt 0.562500 0.156250
vt 0.593750 0.156250
vt 0.437500 0.187500
vt 0.406250 0.187500
vt 0.468750 0.187500
vt 0.500000 0.187500
vt 0.531250 0.187500
vt 0.562500 0.187500
vt 0.593750 0.187500
vt 0.437500 0.218750
vt 0.406250 0.218750
vt 0.468750 0.218750
vt 0.500000 0.218750
vt 0.531250 0.218750
vt 0.562500 0.218750
vt 0.593750 0.218750
vt 0.375000 0.000000
vt 0.406250 0.000000
vt 0.375000 0.031250
vt 0.437500 0.000000
vt 0.468750 0.000000
vt 0.500000 0.000000
vt 0.531250 0.000000
vt 0.562500 0.000000
vt 0.593750 0.000000
vt 0.625000 0.000000
vt 0.625000 0.031250
vt 0.625000 0.062500
vt 0.625000 0.093750
vt 0.625000 0.125000
vt 0.625000 0.156250
vt 0.625000 0.187500
vt 0.625000 0.218750
vt 0.625000 0.250000
vt 0.593750 0.250000
vt 0.562500 0.250000
vt 0.531250 0.250000
vt 0.500000 0.250000
vt 0.468750 0.250000
vt 0.437500 0.250000
vt 0.406250 0.250000
vt 0.375000 0.218750
vt 0.375000 0.250000
vt 0.375000 0.187500
vt 0.375000 0.156250
vt 0.375000 0.125000
vt 0.375000 0.093750
vt 0.375000 0.062500
vt 0.406250 0.281250
vt 0.437500 0.281250
vt 0.437500 0.312500
vt 0.406250 0.312500
vt 0.468750 0.281250
vt 0.468750 0.312500
vt 0.500000 0.281250
vt 0.500000 0.312500
vt 0.531250 0.281250
vt 0.531250 0.312500
vt 0.562500 0.281250
vt 0.562500 0.312500
vt 0.593750 0.281250
vt 0.593750 0.312500
vt 0.437500 0.343750
vt 0.406250 0.343750
vt 0.468750 0.343750
vt 0.500000 0.343750
vt 0.531250 0.343750
vt 0.562500 0.343750
vt 0.593750 0.343750
vt 0.437500 0.375000
vt 0.406250 0.375000
vt 0.468750 0.375000
vt 0.500000 0.375000
vt 0.531250 0.375000
vt 0.562500 0.375000
vt 0.593750 0.375000
vt 0.437500 0.406250
vt 0.406250 0.406250
vt 0.468750 0.406250
vt 0.500000 0.406250
vt 0.531250 0.406250
vt 0.562500 0.406250
vt 0.593750 0.406250
vt 0.437500 0.437500
vt 0.406250 0.437500
vt 0.468750 0.437500
vt 0.500000 0.437500
vt 0.531250 0.437500
vt 0.562500 0.437500
vt 0.593750 0.437500
vt 0.437500 0.468750
vt 0.406250 0.468750
vt 0.468750 0.468750
vt 0.500000 0.468750
vt 0.531250 0.468750
vt 0.562500 0.468750
vt 0.593750 0.468750
vt 0.375000 0.281250
vt 0.625000 0.281250
vt 0.625000 0.312500
vt 0.625000 0.343750
vt 0.625000 0.375000
vt 0.625000 0.406250
vt 0.625000 0.437500
vt 0.625000 0.468750
vt 0.625000 0.500000
vt 0.593750 0.500000
vt 0.562500 0.500000
vt 0.531250 0.500000
vt 0.500000 0.500000
vt 0.468750 0.500000
vt 0.437500 0.500000
vt 0.406250 0.500000
vt 0.375000 0.468750
vt 0.375000 0.500000
vt 0.375000 0.437500
vt 0.375000 0.406250
vt 0.375000 0.375000
vt 0.375000 0.343750
vt 0.375000 0.312500
vt 0.406250 0.531250
vt 0.437500 0.531250
vt 0.437500 0.562500
vt 0.406250 0.562500
vt 0.468750 0.531250
vt 0.468750 0.562500
vt 0.500000 0.531250
vt 0.500000 0.562500
vt 0.531250 0.531250
vt 0.531250 0.562500
vt 0.562500 0.531250
vt 0.562500 0.562500
vt 0.593750 0.531250
vt 0.593750 0.562500
vt 0.437500 0.593750
vt 0.406250 0.593750
vt 0.468750 0.593750
vt 0.500000 0.593750
vt 0.531250 0.593750
vt 0.562500 0.593750
vt 0.593750 0.593750
vt 0.437500 0.625000
vt 0.406250 0.625000
vt 0.468750 0.625000
vt 0.500000 0.625000
vt 0.531250 0.625000
vt 0.562500 0.625000
vt 0.593750 0.625000
vt 0.437500 0.656250
vt 0.406250 0.656250
vt 0.468750 0.656250
vt 0.500000 0.656250
vt 0.531250 0.656250
vt 0.562500 0.656250
vt 0.593750 0.656250
vt 0.437500 0.687500
vt 0.406250 0.687500
vt 0.468750 0.687500
vt 0.500000 0.687500
vt 0.531250 0.687500
vt 0.562500 0.687500
vt 0.593750 0.687500
vt 0.437500 0.718750
vt 0.406250 0.718750
vt 0.468750 0.718750
vt 0.500000 0.718750
vt 0.531250 0.718750
vt 0.562500 0.718750
vt 0.593750 0.718750
vt 0.375000 0.531250
vt 0.625000 0.531250
vt 0.625000 0.562500
vt 0.625000 0.593750
vt 0.625000 0.625000
vt 0.625000 0.656250
vt 0.625000 0.687500
vt 0.625000 0.718750
vt 0.625000 0.750000
vt 0.593750 0.750000
vt 0.562500 0.750000
vt 0.531250 0.750000
vt 0.500000 0.750000
vt 0.468750 0.750000
vt 0.437500 0.750000
vt 0.406250 0.750000
vt 0.375000 0.718750
vt 0.375000 0.750000
vt 0.375000 0.687500
vt 0.375000 0.656250
vt 0.375000 0.625000
vt 0.375000 0.593750
vt 0.375000 0.562500
vt 0.406250 0.781250
vt 0.437500 0.781250
vt 0.437500 0.812500
vt 0.406250 0.812500
vt 0.468750 0.781250
vt 0.468750 0.812500
vt 0.500000 0.781250
vt 0.500000 0.812500
vt 0.531250 0.781250
vt 0.531250 0.812500
vt 0.562500 0.781250
vt 0.562500 0.812500
vt 0.593750 0.781250
vt 0.593750 0.812500
vt 0.437500 0.843750
vt 0.406250 0.843750
vt 0.468750 0.843750
vt 0.500000 0.843750
vt 0.531250 0.843750
vt 0.562500 0.843750
vt 0.593750 0.843750
vt 0.437500 0.875000
vt 0.406250 0.875000
vt 0.468750 0.875000
vt 0.500000 0.875000
vt 0.531250 0.875000
vt 0.562500 0.875000
vt 0.593750 0.875000
vt 0.437500 0.906250
vt 0.406250 0.906250
vt 0.468750 0.906250
vt 0.500000 0.906250
vt 0.531250 0.906250
vt 0.562500 0.906250
vt 0.593750 0.906250
vt 0.437500 0.937500
vt 0.406250 0.937500
vt 0.468750 0.937500
vt 0.500000 0.937500
vt 0.531250 0.937500
vt 0.562500 0.937500
vt 0.593750 0.937500
vt 0.437500 0.968750
vt 0.406250 0.968750
vt 0.468750 0.968750
vt 0.500000 0.968750
vt 0.531250 0.968750
vt 0.562500 0.968750
vt 0.593750 0.968750
vt 0.375000 0.781250
vt 0.625000 0.781250
vt 0.625000 0.812500
vt 0.625000 0.843750
vt 0.625000 0.875000
vt 0.625000 0.906250
vt 0.625000 0.937500
vt 0.625000 0.968750
vt 0.625000 1.000000
vt 0.593750 1.000000
vt 0.562500 1.000000
vt 0.531250 1.000000
vt 0.500000 1.000000
vt 0.468750 1.000000
vt 0.437500 1.000000
vt 0.406250 1.000000
vt 0.375000 0.968750
vt 0.375000 1.000000
vt 0.375000 0.937500
vt 0.375000 0.906250
vt 0.375000 0.875000
vt 0.375000 0.843750
vt 0.375000 0.812500
vt 0.156250 0.531250
vt 0.187500 0.531250
vt 0.187500 0.562500
vt 0.156250 0.562500
vt 0.218750 0.531250
vt 0.218750 0.562500
vt 0.250000 0.531250
vt 0.250000 0.562500
vt 0.281250 0.531250
vt 0.281250 0.562500
vt 0.312500 0.531250
vt 0.312500 0.562500
vt 0.343750 0.531250
vt 0.343750 0.562500
vt 0.187500 0.593750
vt 0.156250 0.593750
vt 0.218750 0.593750
vt 0.250000 0.593750
vt 0.281250 0.593750
vt 0.312500 0.593750
vt 0.343750 0.593750
vt 0.187500 0.625000
vt 0.156250 0.625000
vt 0.218750 0.625000
vt 0.250000 0.625000
vt 0.281250 0.625000
vt 0.312500 0.625000
vt 0.343750 0.625000
vt 0.187500 0.656250
vt 0.156250 0.656250
vt 0.218750 0.656250
vt 0.250000 0.656250
vt 0.281250 0.656250
vt 0.312500 0.656250
vt 0.343750 0.656250
vt 0.187500 0.687500
vt 0.156250 0.687500
vt 0.218750 0.687500
vt 0.250000 0.687500
vt 0.281250 0.687500
vt 0.312500 0.687500
vt 0.343750 0.687500
vt 0.187500 0.718750
vt 0.156250 0.718750
vt 0.218750 0.718750
vt 0.250000 0.718750
vt 0.281250 0.718750
vt 0.312500 0.718750
vt 0.343750 0.718750
vt 0.125000 0.500000
vt 0.156250 0.500000
vt 0.125000 0.531250
vt 0.187500 0.500000
vt 0.218750 0.500000
vt 0.250000 0.500000
vt 0.281250 0.500000
vt 0.312500 0.500000
vt 0.343750 0.500000
vt 0.343750 0.750000
vt 0.312500 0.750000
vt 0.281250 0.750000
vt 0.250000 0.750000
vt 0.218750 0.750000
vt 0.187500 0.750000
vt 0.156250 0.750000
vt 0.125000 0.718750
vt 0.125000 0.750000
vt 0.125000 0.687500
vt 0.125000 0.656250
vt 0.125000 0.625000
vt 0.125000 0.593750
vt 0.125000 0.562500
vt 0.656250 0.531250
vt 0.687500 0.531250
vt 0.687500 0.562500
vt 0.656250 0.562500
vt 0.718750 0.531250
vt 0.718750 0.562500
vt 0.750000 0.531250
vt 0.750000 0.562500
vt 0.781250 0.531250
vt 0.781250 0.562500
vt 0.812500 0.531250
vt 0.812500 0.562500
vt 0.843750 0.531250
vt 0.843750 0.562500
vt 0.687500 0.593750
vt 0.656250 0.593750
vt 0.718750 0.593750
vt 0.750000 0.593750
vt 0.781250 0.593750
vt 0.812500 0.593750
vt 0.843750 0.593750
vt 0.687500 0.625000
vt 0.656250 0.625000
vt 0.718750 0.625000
vt 0.750000 0.625000
vt 0.781250 0.625000
vt 0.812500 0.625000
vt 0.843750 0.625000
vt 0.687500 0.656250
vt 0.656250 0.656250
vt 0.718750 0.656250
vt 0.750000 0.656250
vt 0.781250 0.656250
vt 0.812500 0.656250
vt 0.843750 0.656250
vt 0.687500 0.687500
vt 0.656250 0.687500
vt 0.718750 0.687500
vt 0.750000 0.687500
vt 0.781250 0.687500
vt 0.812500 0.687500
vt 0.843750 0.687500
vt 0.687500 0.718750
vt 0.656250 0.718750
vt 0.718750 0.718750
vt 0.750000 0.718750
vt 0.781250 0.718750
vt 0.812500 0.718750
vt 0.843750 0.718750
vt 0.656250 0.500000
vt 0.687500 0.500000
vt 0.718750 0.500000
vt 0.750000 0.500000
vt 0.781250 0.500000
vt 0.812500 0.500000
vt 0.843750 0.500000
vt 0.875000 0.500000
vt 0.875000 0.531250
vt 0.875000 0.562500
vt 0.875000 0.593750
vt 0.875000 0.625000
vt 0.875000 0.656250
vt 0.875000 0.687500
vt 0.875000 0.718750
vt 0.875000 0.750000
vt 0.843750 0.750000
vt 0.812500 0.750000
vt 0.781250 0.750000
vt 0.750000 0.750000
vt 0.718750 0.750000
vt 0.687500 0.750000
vt 0.656250 0.750000
s 1
usemtl iris.001
f 1893/2037/1801 1894/2038/1802 1901/2039/1803 1900/2040/1804
f 1894/2038/1802 1895/2041/1805 1902/2042/1806 1901/2039/1803
f 1895/2041/1805 1896/2043/1807 1903/2044/1808 1902/2042/1806
f 1896/2043/1807 1897/2045/1809 1904/2046/1810 1903/2044/1808
f 1897/2045/1809 1898/2047/1811 1905/2048/1812 1904/2046/1810
f 1898/2047/1811 1899/2049/1813 1906/2050/1814 1905/2048/1812
f 1900/2040/1804 1901/2039/1803 1908/2051/1815 1907/2052/1816
f 1901/2039/1803 1902/2042/1806 1909/2053/1817 1908/2051/1815
f 1902/2042/1806 1903/2044/1808 1910/2054/1818 1909/2053/1817
f 1903/2044/1808 1904/2046/1810 1911/2055/1819 1910/2054/1818
f 1904/2046/1810 1905/2048/1812 1912/2056/1820 1911/2055/1819
f 1905/2048/1812 1906/2050/1814 1913/2057/1821 1912/2056/1820
f 1907/2052/1816 1908/2051/1815 1915/2058/1822 1914/2059/1823
f 1908/2051/1815 1909/2053/1817 1916/2060/1824 1915/2058/1822
f 1909/2053/1817 1910/2054/1818 1917/2061/1825 1916/2060/1824
f 1910/2054/1818 1911/2055/1819 1918/2062/1826 1917/2061/1825
f 1911/2055/1819 1912/2056/1820 1919/2063/1827 1918/2062/1826
f 1912/2056/1820 1913/2057/1821 1920/2064/1828 1919/2063/1827
f 1914/2059/1823 1915/2058/1822 1922/2065/1829 1921/2066/1830
f 1915/2058/1822 1916/2060/1824 1923/2067/1831 1922/2065/1829
f 1916/2060/1824 1917/2061/1825 1924/2068/1832 1923/2067/1831
f 1917/2061/1825 1918/2062/1826 1925/2069/1833 1924/2068/1832
f 1918/2062/1826 1919/2063/1827 1926/2070/1834 1925/2069/1833
f 1919/2063/1827 1920/2064/1828 1927/2071/1835 1926/2070/1834
f 1921/2066/1830 1922/2065/1829 1929/2072/1836 1928/2073/1837
f 1922/2065/1829 1923/2067/1831 1930/2074/1838 1929/2072/1836
f 1923/2067/1831 1924/2068/1832 1931/2075/1839 1930/2074/1838
f 1924/2068/1832 1925/2069/1833 1932/2076/1840 1931/2075/1839
f 1925/2069/1833 1926/2070/1834 1933/2077/1841 1932/2076/1840
f 1926/2070/1834 1927/2071/1835 1934/2078/1842 1933/2077/1841
f 1928/2073/1837 1929/2072/1836 1936/2079/1843 1935/2080/1844
f 1929/2072/1836 1930/2074/1838 1937/2081/1845 1936/2079/1843
f 1930/2074/1838 1931/2075/1839 1938/2082/1846 1937/2081/1845
f 1931/2075/1839 1932/2076/1840 1939/2083/1847 1938/2082/1846
f 1932/2076/1840 1933/2077/1841 1940/2084/1848 1939/2083/1847
f 1933/2077/1841 1934/2078/1842 1941/2085/1849 1940/2084/1848
f 1801/2086/1850 1816/2087/1851 1893/2037/1801 1815/2088/1852
f 1816/2087/1851 1817/2089/1853 1894/2038/1802 1893/2037/1801
f 1817/2089/1853 1818/2090/1854 1895/2041/1805 1894/2038/1802
f 1818/2090/1854 1819/2091/1855 1896/2043/1807 1895/2041/1805
f 1819/2091/1855 1820/2092/1856 1897/2045/1809 1896/2043/1807
f 1820/2092/1856 1821/2093/1857 1898/2047/1811 1897/2045/1809
f 1821/2093/1857 1822/2094/1858 1899/2049/1813 1898/2047/1811
f 1822/2094/1858 1802/2095/1859 1823/2096/1860 1899/2049/1813
f 1899/2049/1813 1823/2096/1860 1824/2097/1861 1906/2050/1814
f 1906/2050/1814 1824/2097/1861 1825/2098/1862 1913/2057/1821
f 1913/2057/1821 1825/2098/1862 1826/2099/1863 1920/2064/1828
f 1920/2064/1828 1826/2099/1863 1827/2100/1864 1927/2071/1835
f 1927/2071/1835 1827/2100/1864 1828/2101/1865 1934/2078/1842
f 1934/2078/1842 1828/2101/1865 1829/2102/1866 1941/2085/1849
f 1941/2085/1849 1829/2102/1866 1804/2103/1867 1830/2104/1868
f 1940/2084/1848 1941/2085/1849 1830/2104/1868 1831/2105/1869
f 1939/2083/1847 1940/2084/1848 1831/2105/1869 1832/2106/1870
f 1938/2082/1846 1939/2083/1847 1832/2106/1870 1833/2107/1871
f 1937/2081/1845 1938/2082/1846 1833/2107/1871 1834/2108/1872
f 1936/2079/1843 1937/2081/1845 1834/2108/1872 1835/2109/1873
f 1935/2080/1844 1936/2079/1843 1835/2109/1873 1836/2110/1874
f 1809/2111/1875 1935/2080/1844 1836/2110/1874 1803/2112/1876
f 1810/2113/1877 1928/2073/1837 1935/2080/1844 1809/2111/1875
f 1811/2114/1878 1921/2066/1830 1928/2073/1837 1810/2113/1877
f 1812/2115/1879 1914/2059/1823 1921/2066/1830 1811/2114/1878
f 1813/2116/1880 1907/2052/1816 1914/2059/1823 1812/2115/1879
f 1814/2117/1881 1900/2040/1804 1907/2052/1816 1813/2116/1880
f 1815/2088/1852 1893/2037/1801 1900/2040/1804 1814/2117/1881
f 1942/2118/1882 1943/2119/1883 1950/2120/1884 1949/2121/1885
f 1943/2119/1883 1944/2122/1886 1951/2123/1887 1950/2120/1884
f 1944/2122/1886 1945/2124/1888 1952/2125/1889 1951/2123/1887
f 1945/2124/1888 1946/2126/1890 1953/2127/1891 1952/2125/1889
f 1946/2126/1890 1947/2128/1892 1954/2129/1893 1953/2127/1891
f 1947/2128/1892 1948/2130/1894 1955/2131/1895 1954/2129/1893
f 1949/2121/1885 1950/2120/1884 1957/2132/1896 1956/2133/1897
f 1950/2120/1884 1951/2123/1887 1958/2134/1898 1957/2132/1896
f 1951/2123/1887 1952/2125/1889 1959/2135/1899 1958/2134/1898
f 1952/2125/1889 1953/2127/1891 1960/2136/1900 1959/2135/1899
f 1953/2127/1891 1954/2129/1893 1961/2137/1901 1960/2136/1900
f 1954/2129/1893 1955/2131/1895 1962/2138/1902 1961/2137/1901
f 1956/2133/1897 1957/2132/1896 1964/2139/1903 1963/2140/1904
f 1957/2132/1896 1958/2134/1898 1965/2141/1905 1964/2139/1903
f 1958/2134/1898 1959/2135/1899 1966/2142/1906 1965/2141/1905
f 1959/2135/1899 1960/2136/1900 1967/2143/1907 1966/2142/1906
f 1960/2136/1900 1961/2137/1901 1968/2144/1908 1967/2143/1907
f 1961/2137/1901 1962/2138/1902 1969/2145/1909 1968/2144/1908
f 1963/2140/1904 1964/2139/1903 1971/2146/1910 1970/2147/1911
f 1964/2139/1903 1965/2141/1905 1972/2148/1912 1971/2146/1910
f 1965/2141/1905 1966/2142/1906 1973/2149/1913 1972/2148/1912
f 1966/2142/1906 1967/2143/1907 1974/2150/1914 1973/2149/1913
f 1967/2143/1907 1968/2144/1908 1975/2151/1915 1974/2150/1914
f 1968/2144/1908 1969/2145/1909 1976/2152/1916 1975/2151/1915
f 1970/2147/1911 1971/2146/1910 1978/2153/1917 1977/2154/1918
f 1971/2146/1910 1972/2148/1912 1979/2155/1919 1978/2153/1917
f 1972/2148/1912 1973/2149/1913 1980/2156/1920 1979/2155/1919
f 1973/2149/1913 1974/2150/1914 1981/2157/1921 1980/2156/1920
f 1974/2150/1914 1975/2151/1915 1982/2158/1922 1981/2157/1921
f 1975/2151/1915 1976/2152/1916 1983/2159/1923 1982/2158/1922
f 1977/2154/1918 1978/2153/1917 1985/2160/1924 1984/2161/1925
f 1978/2153/1917 1979/2155/1919 1986/2162/1926 1985/2160/1924
f 1979/2155/1919 1980/2156/1920 1987/2163/1927 1986/2162/1926
f 1980/2156/1920 1981/2157/1921 1988/2164/1928 1987/2163/1927
f 1981/2157/1921 1982/2158/1922 1989/2165/1929 1988/2164/1928
f 1982/2158/1922 1983/2159/1923 1990/2166/1930 1989/2165/1929
f 1803/2112/1876 1836/2110/1874 1942/2118/1882 1843/2167/1931
f 1836/2110/1874 1835/2109/1873 1943/2119/1883 1942/2118/1882
f 1835/2109/1873 1834/2108/1872 1944/2122/1886 1943/2119/1883
f 1834/2108/1872 1833/2107/1871 1945/2124/1888 1944/2122/1886
f 1833/2107/1871 1832/2106/1870 1946/2126/1890 1945/2124/1888
f 1832/2106/1870 1831/2105/1869 1947/2128/1892 1946/2126/1890
f 1831/2105/1869 1830/2104/1868 1948/2130/1894 1947/2128/1892
f 1830/2104/1868 1804/2103/1867 1844/2168/1932 1948/2130/1894
f 1948/2130/1894 1844/2168/1932 1845/2169/1933 1955/2131/1895
f 1955/2131/1895 1845/2169/1933 1846/2170/1934 1962/2138/1902
f 1962/2138/1902 1846/2170/1934 1847/2171/1935 1969/2145/1909
f 1969/2145/1909 1847/2171/1935 1848/2172/1936 1976/2152/1916
f 1976/2152/1916 1848/2172/1936 1849/2173/1937 1983/2159/1923
f 1983/2159/1923 1849/2173/1937 1850/2174/1938 1990/2166/1930
f 1990/2166/1930 1850/2174/1938 1808/2175/1939 1851/2176/1940
f 1989/2165/1929 1990/2166/1930 1851/2176/1940 1852/2177/1941
f 1988/2164/1928 1989/2165/1929 1852/2177/1941 1853/2178/1942
f 1987/2163/1927 1988/2164/1928 1853/2178/1942 1854/2179/1943
f 1986/2162/1926 1987/2163/1927 1854/2179/1943 1855/2180/1944
f 1985/2160/1924 1986/2162/1926 1855/2180/1944 1856/2181/1945
f 1984/2161/1925 1985/2160/1924 1856/2181/1945 1857/2182/1946
f 1837/2183/1947 1984/2161/1925 1857/2182/1946 1807/2184/1948
f 1838/2185/1949 1977/2154/1918 1984/2161/1925 1837/2183/1947
f 1839/2186/1950 1970/2147/1911 1977/2154/1918 1838/2185/1949
f 1840/2187/1951 1963/2140/1904 1970/2147/1911 1839/2186/1950
f 1841/2188/1952 1956/2133/1897 1963/2140/1904 1840/2187/1951
f 1842/2189/1953 1949/2121/1885 1956/2133/1897 1841/2188/1952
f 1843/2167/1931 1942/2118/1882 1949/2121/1885 1842/2189/1953
f 1991/2190/1954 1992/2191/1955 1999/2192/1956 1998/2193/1957
f 1992/2191/1955 1993/2194/1958 2000/2195/1959 1999/2192/1956
f 1993/2194/1958 1994/2196/1960 2001/2197/1961 2000/2195/1959
f 1994/2196/1960 1995/2198/1962 2002/2199/1963 2001/2197/1961
f 1995/2198/1962 1996/2200/1964 2003/2201/1965 2002/2199/1963
f 1996/2200/1964 1997/2202/1966 2004/2203/1967 2003/2201/1965
f 1998/2193/1957 1999/2192/1956 2006/2204/1968 2005/2205/1969
f 1999/2192/1956 2000/2195/1959 2007/2206/1970 2006/2204/1968
f 2000/2195/1959 2001/2197/1961 2008/2207/1971 2007/2206/1970
f 2001/2197/1961 2002/2199/1963 2009/2208/1972 2008/2207/1971
f 2002/2199/1963 2003/2201/1965 2010/2209/1973 2009/2208/1972
f 2003/2201/1965 2004/2203/1967 2011/2210/1974 2010/2209/1973
f 2005/2205/1969 2006/2204/1968 2013/2211/1975 2012/2212/1976
f 2006/2204/1968 2007/2206/1970 2014/2213/1977 2013/2211/1975
f 2007/2206/1970 2008/2207/1971 2015/2214/1978 2014/2213/1977
f 2008/2207/1971 2009/2208/1972 2016/2215/1979 2015/2214/1978
f 2009/2208/1972 2010/2209/1973 2017/2216/1980 2016/2215/1979
f 2010/2209/1973 2011/2210/1974 2018/2217/1981 2017/2216/1980
f 2012/2212/1976 2013/2211/1975 2020/2218/1982 2019/2219/1983
f 2013/2211/1975 2014/2213/1977 2021/2220/1984 2020/2218/1982
f 2014/2213/1977 2015/2214/1978 2022/2221/1985 2021/2220/1984
f 2015/2214/1978 2016/2215/1979 2023/2222/1986 2022/2221/1985
f 2016/2215/1979 2017/2216/1980 2024/2223/1987 2023/2222/1986
f 2017/2216/1980 2018/2217/1981 2025/2224/1988 2024/2223/1987
f 2019/2219/1983 2020/2218/1982 2027/2225/1989 2026/2226/1990
f 2020/2218/1982 2021/2220/1984 2028/2227/1991 2027/2225/1989
f 2021/2220/1984 2022/2221/1985 2029/2228/1992 2028/2227/1991
f 2022/2221/1985 2023/2222/1986 2030/2229/1993 2029/2228/1992
f 2023/2222/1986 2024/2223/1987 2031/2230/1994 2030/2229/1993
f 2024/2223/1987 2025/2224/1988 2032/2231/1995 2031/2230/1994
f 2026/2226/1990 2027/2225/1989 2034/2232/1996 2033/2233/1997
f 2027/2225/1989 2028/2227/1991 2035/2234/1998 2034/2232/1996
f 2028/2227/1991 2029/2228/1992 2036/2235/1999 2035/2234/1998
f 2029/2228/1992 2030/2229/1993 2037/2236/2000 2036/2235/1999
f 2030/2229/1993 2031/2230/1994 2038/2237/2001 2037/2236/2000
f 2031/2230/1994 2032/2231/1995 2039/2238/2002 2038/2237/2001
f 1807/2184/1948 1857/2182/1946 1991/2190/1954 1864/2239/2003
f 1857/2182/1946 1856/2181/1945 1992/2191/1955 1991/2190/1954
f 1856/2181/1945 1855/2180/1944 1993/2194/1958 1992/2191/1955
f 1855/2180/1944 1854/2179/1943 1994/2196/1960 1993/2194/1958
f 1854/2179/1943 1853/2178/1942 1995/2198/1962 1994/2196/1960
f 1853/2178/1942 1852/2177/1941 1996/2200/1964 1995/2198/1962
f 1852/2177/1941 1851/2176/1940 1997/2202/1966 1996/2200/1964
f 1851/2176/1940 1808/2175/1939 1865/2240/2004 1997/2202/1966
f 1997/2202/1966 1865/2240/2004 1866/2241/2005 2004/2203/1967
f 2004/2203/1967 1866/2241/2005 1867/2242/2006 2011/2210/1974
f 2011/2210/1974 1867/2242/2006 1868/2243/2007 2018/2217/1981
f 2018/2217/1981 1868/2243/2007 1869/2244/2008 2025/2224/1988
f 2025/2224/1988 1869/2244/2008 1870/2245/2009 2032/2231/1995
f 2032/2231/1995 1870/2245/2009 1871/2246/2010 2039/2238/2002
f 2039/2238/2002 1871/2246/2010 1806/2247/2011 1872/2248/2012
f 2038/2237/2001 2039/2238/2002 1872/2248/2012 1873/2249/2013
f 2037/2236/2000 2038/2237/2001 1873/2249/2013 1874/2250/2014
f 2036/2235/1999 2037/2236/2000 1874/2250/2014 1875/2251/2015
f 2035/2234/1998 2036/2235/1999 1875/2251/2015 1876/2252/2016
f 2034/2232/1996 2035/2234/1998 1876/2252/2016 1877/2253/2017
f 2033/2233/1997 2034/2232/1996 1877/2253/2017 1878/2254/2018
f 1858/2255/2019 2033/2233/1997 1878/2254/2018 1805/2256/2020
f 1859/2257/2021 2026/2226/1990 2033/2233/1997 1858/2255/2019
f 1860/2258/2022 2019/2219/1983 2026/2226/1990 1859/2257/2021
f 1861/2259/2023 2012/2212/1976 2019/2219/1983 1860/2258/2022
f 1862/2260/2024 2005/2205/1969 2012/2212/1976 1861/2259/2023
f 1863/2261/2025 1998/2193/1957 2005/2205/1969 1862/2260/2024
f 1864/2239/2003 1991/2190/1954 1998/2193/1957 1863/2261/2025
f 2040/2262/2026 2041/2263/2027 2048/2264/2028 2047/2265/2029
f 2041/2263/2027 2042/2266/2030 2049/2267/2031 2048/2264/2028
f 2042/2266/2030 2043/2268/2032 2050/2269/2033 2049/2267/2031
f 2043/2268/2032 2044/2270/2034 2051/2271/2035 2050/2269/2033
f 2044/2270/2034 2045/2272/2036 2052/2273/2037 2051/2271/2035
f 2045/2272/2036 2046/2274/2038 2053/2275/2039 2052/2273/2037
f 2047/2265/2029 2048/2264/2028 2055/2276/2040 2054/2277/2041
f 2048/2264/2028 2049/2267/2031 2056/2278/2042 2055/2276/2040
f 2049/2267/2031 2050/2269/2033 2057/2279/2043 2056/2278/2042
f 2050/2269/2033 2051/2271/2035 2058/2280/2044 2057/2279/2043
f 2051/2271/2035 2052/2273/2037 2059/2281/2045 2058/2280/2044
f 2052/2273/2037 2053/2275/2039 2060/2282/2046 2059/2281/2045
f 2054/2277/2041 2055/2276/2040 2062/2283/2047 2061/2284/2048
f 2055/2276/2040 2056/2278/2042 2063/2285/2049 2062/2283/2047
f 2056/2278/2042 2057/2279/2043 2064/2286/2050 2063/2285/2049
f 2057/2279/2043 2058/2280/2044 2065/2287/2051 2064/2286/2050
f 2058/2280/2044 2059/2281/2045 2066/2288/2052 2065/2287/2051
f 2059/2281/2045 2060/2282/2046 2067/2289/2053 2066/2288/2052
f 2061/2284/2048 2062/2283/2047 2069/2290/2054 2068/2291/2055
f 2062/2283/2047 2063/2285/2049 2070/2292/2056 2069/2290/2054
f 2063/2285/2049 2064/2286/2050 2071/2293/2057 2070/2292/2056
f 2064/2286/2050 2065/2287/2051 2072/2294/2058 2071/2293/2057
f 2065/2287/2051 2066/2288/2052 2073/2295/2059 2072/2294/2058
f 2066/2288/2052 2067/2289/2053 2074/2296/2060 2073/2295/2059
f 2068/2291/2055 2069/2290/2054 2076/2297/2061 2075/2298/2062
f 2069/2290/2054 2070/2292/2056 2077/2299/2063 2076/2297/2061
f 2070/2292/2056 2071/2293/2057 2078/2300/2064 2077/2299/2063
f 2071/2293/2057 2072/2294/2058 2079/2301/2065 2078/2300/2064
f 2072/2294/2058 2073/2295/2059 2080/2302/2066 2079/2301/2065
f 2073/2295/2059 2074/2296/2060 2081/2303/2067 2080/2302/2066
f 2075/2298/2062 2076/2297/2061 2083/2304/2068 2082/2305/2069
f 2076/2297/2061 2077/2299/2063 2084/2306/2070 2083/2304/2068
f 2077/2299/2063 2078/2300/2064 2085/2307/2071 2084/2306/2070
f 2078/2300/2064 2079/2301/2065 2086/2308/2072 2085/2307/2071
f 2079/2301/2065 2080/2302/2066 2087/2309/2073 2086/2308/2072
f 2080/2302/2066 2081/2303/2067 2088/2310/2074 2087/2309/2073
f 1805/2256/2020 1878/2254/2018 2040/2262/2026 1885/2311/2075
f 1878/2254/2018 1877/2253/2017 2041/2263/2027 2040/2262/2026
f 1877/2253/2017 1876/2252/2016 2042/2266/2030 2041/2263/2027
f 1876/2252/2016 1875/2251/2015 2043/2268/2032 2042/2266/2030
f 1875/2251/2015 1874/2250/2014 2044/2270/2034 2043/2268/2032
f 1874/2250/2014 1873/2249/2013 2045/2272/2036 2044/2270/2034
f 1873/2249/2013 1872/2248/2012 2046/2274/2038 2045/2272/2036
f 1872/2248/2012 1806/2247/2011 1886/2312/2076 2046/2274/2038
f 2046/2274/2038 1886/2312/2076 1887/2313/2077 2053/2275/2039
f 2053/2275/2039 1887/2313/2077 1888/2314/2078 2060/2282/2046
f 2060/2282/2046 1888/2314/2078 1889/2315/2079 2067/2289/2053
f 2067/2289/2053 1889/2315/2079 1890/2316/2080 2074/2296/2060
f 2074/2296/2060 1890/2316/2080 1891/2317/2081 2081/2303/2067
f 2081/2303/2067 1891/2317/2081 1892/2318/2082 2088/2310/2074
f 2088/2310/2074 1892/2318/2082 1802/2319/1859 1822/2320/1858
f 2087/2309/2073 2088/2310/2074 1822/2320/1858 1821/2321/1857
f 2086/2308/2072 2087/2309/2073 1821/2321/1857 1820/2322/1856
f 2085/2307/2071 2086/2308/2072 1820/2322/1856 1819/2323/1855
f 2084/2306/2070 2085/2307/2071 1819/2323/1855 1818/2324/1854
f 2083/2304/2068 2084/2306/2070 1818/2324/1854 1817/2325/1853
f 2082/2305/2069 2083/2304/2068 1817/2325/1853 1816/2326/1851
f 1879/2327/2083 2082/2305/2069 1816/2326/1851 1801/2328/1850
f 1880/2329/2084 2075/2298/2062 2082/2305/2069 1879/2327/2083
f 1881/2330/2085 2068/2291/2055 2075/2298/2062 1880/2329/2084
f 1882/2331/2086 2061/2284/2048 2068/2291/2055 1881/2330/2085
f 1883/2332/2087 2054/2277/2041 2061/2284/2048 1882/2331/2086
f 1884/2333/2088 2047/2265/2029 2054/2277/2041 1883/2332/2087
f 1885/2311/2075 2040/2262/2026 2047/2265/2029 1884/2333/2088
f 2089/2334/2089 2090/2335/2090 2097/2336/2091 2096/2337/2092
f 2090/2335/2090 2091/2338/2093 2098/2339/2094 2097/2336/2091
f 2091/2338/2093 2092/2340/2095 2099/2341/2096 2098/2339/2094
f 2092/2340/2095 2093/2342/2097 2100/2343/2098 2099/2341/2096
f 2093/2342/2097 2094/2344/2099 2101/2345/2100 2100/2343/2098
f 2094/2344/2099 2095/2346/2101 2102/2347/2102 2101/2345/2100
f 2096/2337/2092 2097/2336/2091 2104/2348/2103 2103/2349/2104
f 2097/2336/2091 2098/2339/2094 2105/2350/2105 2104/2348/2103
f 2098/2339/2094 2099/2341/2096 2106/2351/2106 2105/2350/2105
f 2099/2341/2096 2100/2343/2098 2107/2352/2107 2106/2351/2106
f 2100/2343/2098 2101/2345/2100 2108/2353/2108 2107/2352/2107
f 2101/2345/2100 2102/2347/2102 2109/2354/2109 2108/2353/2108
f 2103/2349/2104 2104/2348/2103 2111/2355/2110 2110/2356/2111
f 2104/2348/2103 2105/2350/2105 2112/2357/2112 2111/2355/2110
f 2105/2350/2105 2106/2351/2106 2113/2358/2113 2112/2357/2112
f 2106/2351/2106 2107/2352/2107 2114/2359/2114 2113/2358/2113
f 2107/2352/2107 2108/2353/2108 2115/2360/2115 2114/2359/2114
f 2108/2353/2108 2109/2354/2109 2116/2361/2116 2115/2360/2115
f 2110/2356/2111 2111/2355/2110 2118/2362/2117 2117/2363/2118
f 2111/2355/2110 2112/2357/2112 2119/2364/2119 2118/2362/2117
f 2112/2357/2112 2113/2358/2113 2120/2365/2120 2119/2364/2119
f 2113/2358/2113 2114/2359/2114 2121/2366/2121 2120/2365/2120
f 2114/2359/2114 2115/2360/2115 2122/2367/2122 2121/2366/2121
f 2115/2360/2115 2116/2361/2116 2123/2368/2123 2122/2367/2122
f 2117/2363/2118 2118/2362/2117 2125/2369/2124 2124/2370/2125
f 2118/2362/2117 2119/2364/2119 2126/2371/2126 2125/2369/2124
f 2119/2364/2119 2120/2365/2120 2127/2372/2127 2126/2371/2126
f 2120/2365/2120 2121/2366/2121 2128/2373/2128 2127/2372/2127
f 2121/2366/2121 2122/2367/2122 2129/2374/2129 2128/2373/2128
f 2122/2367/2122 2123/2368/2123 2130/2375/2130 2129/2374/2129
f 2124/2370/2125 2125/2369/2124 2132/2376/2131 2131/2377/2132
f 2125/2369/2124 2126/2371/2126 2133/2378/2133 2132/2376/2131
f 2126/2371/2126 2127/2372/2127 2134/2379/2134 2133/2378/2133
f 2127/2372/2127 2128/2373/2128 2135/2380/2135 2134/2379/2134
f 2128/2373/2128 2129/2374/2129 2136/2381/2136 2135/2380/2135
f 2129/2374/2129 2130/2375/2130 2137/2382/2137 2136/2381/2136
f 1803/2383/1876 1843/2384/1931 2089/2334/2089 1809/2385/1875
f 1843/2384/1931 1842/2386/1953 2090/2335/2090 2089/2334/2089
f 1842/2386/1953 1841/2387/1952 2091/2338/2093 2090/2335/2090
f 1841/2387/1952 1840/2388/1951 2092/2340/2095 2091/2338/2093
f 1840/2388/1951 1839/2389/1950 2093/2342/2097 2092/2340/2095
f 1839/2389/1950 1838/2390/1949 2094/2344/2099 2093/2342/2097
f 1838/2390/1949 1837/2391/1947 2095/2346/2101 2094/2344/2099
f 1837/2391/1947 1807/2184/1948 1864/2239/2003 2095/2346/2101
f 2095/2346/2101 1864/2239/2003 1863/2261/2025 2102/2347/2102
f 2102/2347/2102 1863/2261/2025 1862/2260/2024 2109/2354/2109
f 2109/2354/2109 1862/2260/2024 1861/2259/2023 2116/2361/2116
f 2116/2361/2116 1861/2259/2023 1860/2258/2022 2123/2368/2123
f 2123/2368/2123 1860/2258/2022 1859/2257/2021 2130/2375/2130
f 2130/2375/2130 1859/2257/2021 1858/2255/2019 2137/2382/2137
f 2137/2382/2137 1858/2255/2019 1805/2256/2020 1885/2392/2075
f 2136/2381/2136 2137/2382/2137 1885/2392/2075 1884/2393/2088
f 2135/2380/2135 2136/2381/2136 1884/2393/2088 1883/2394/2087
f 2134/2379/2134 2135/2380/2135 1883/2394/2087 1882/2395/2086
f 2133/2378/2133 2134/2379/2134 1882/2395/2086 1881/2396/2085
f 2132/2376/2131 2133/2378/2133 1881/2396/2085 1880/2397/2084
f 2131/2377/2132 2132/2376/2131 1880/2397/2084 1879/2398/2083
f 1815/2399/1852 2131/2377/2132 1879/2398/2083 1801/2400/1850
f 1814/2401/1881 2124/2370/2125 2131/2377/2132 1815/2399/1852
f 1813/2402/1880 2117/2363/2118 2124/2370/2125 1814/2401/1881
f 1812/2403/1879 2110/2356/2111 2117/2363/2118 1813/2402/1880
f 1811/2404/1878 2103/2349/2104 2110/2356/2111 1812/2403/1879
f 1810/2405/1877 2096/2337/2092 2103/2349/2104 1811/2404/1878
f 1809/2385/1875 2089/2334/2089 2096/2337/2092 1810/2405/1877
f 2138/2406/2138 2139/2407/2139 2146/2408/2140 2145/2409/2141
f 2139/2407/2139 2140/2410/2142 2147/2411/2143 2146/2408/2140
f 2140/2410/2142 2141/2412/2144 2148/2413/2145 2147/2411/2143
f 2141/2412/2144 2142/2414/2146 2149/2415/2147 2148/2413/2145
f 2142/2414/2146 2143/2416/2148 2150/2417/2149 2149/2415/2147
f 2143/2416/2148 2144/2418/2150 2151/2419/2151 2150/2417/2149
f 2145/2409/2141 2146/2408/2140 2153/2420/2152 2152/2421/2153
f 2146/2408/2140 2147/2411/2143 2154/2422/2154 2153/2420/2152
f 2147/2411/2143 2148/2413/2145 2155/2423/2155 2154/2422/2154
f 2148/2413/2145 2149/2415/2147 2156/2424/2156 2155/2423/2155
f 2149/2415/2147 2150/2417/2149 2157/2425/2157 2156/2424/2156
f 2150/2417/2149 2151/2419/2151 2158/2426/2158 2157/2425/2157
f 2152/2421/2153 2153/2420/2152 2160/2427/2159 2159/2428/2160
f 2153/2420/2152 2154/2422/2154 2161/2429/2161 2160/2427/2159
f 2154/2422/2154 2155/2423/2155 2162/2430/2162 2161/2429/2161
f 2155/2423/2155 2156/2424/2156 2163/2431/2163 2162/2430/2162
f 2156/2424/2156 2157/2425/2157 2164/2432/2164 2163/2431/2163
f 2157/2425/2157 2158/2426/2158 2165/2433/2165 2164/2432/2164
f 2159/2428/2160 2160/2427/2159 2167/2434/2166 2166/2435/2167
f 2160/2427/2159 2161/2429/2161 2168/2436/2168 2167/2434/2166
f 2161/2429/2161 2162/2430/2162 2169/2437/2169 2168/2436/2168
f 2162/2430/2162 2163/2431/2163 2170/2438/2170 2169/2437/2169
f 2163/2431/2163 2164/2432/2164 2171/2439/2171 2170/2438/2170
f 2164/2432/2164 2165/2433/2165 2172/2440/2172 2171/2439/2171
f 2166/2435/2167 2167/2434/2166 2174/2441/2173 2173/2442/2174
f 2167/2434/2166 2168/2436/2168 2175/2443/2175 2174/2441/2173
f 2168/2436/2168 2169/2437/2169 2176/2444/2176 2175/2443/2175
f 2169/2437/2169 2170/2438/2170 2177/2445/2177 2176/2444/2176
f 2170/2438/2170 2171/2439/2171 2178/2446/2178 2177/2445/2177
f 2171/2439/2171 2172/2440/2172 2179/2447/2179 2178/2446/2178
f 2173/2442/2174 2174/2441/2173 2181/2448/2180 2180/2449/2181
f 2174/2441/2173 2175/2443/2175 2182/2450/2182 2181/2448/2180
f 2175/2443/2175 2176/2444/2176 2183/2451/2183 2182/2450/2182
f 2176/2444/2176 2177/2445/2177 2184/2452/2184 2183/2451/2183
f 2177/2445/2177 2178/2446/2178 2185/2453/2185 2184/2452/2184
f 2178/2446/2178 2179/2447/2179 2186/2454/2186 2185/2453/2185
f 1808/2175/1939 1850/2455/1938 2138/2406/2138 1865/2240/2004
f 1850/2455/1938 1849/2456/1937 2139/2407/2139 2138/2406/2138
f 1849/2456/1937 1848/2457/1936 2140/2410/2142 2139/2407/2139
f 1848/2457/1936 1847/2458/1935 2141/2412/2144 2140/2410/2142
f 1847/2458/1935 1846/2459/1934 2142/2414/2146 2141/2412/2144
f 1846/2459/1934 1845/2460/1933 2143/2416/2148 2142/2414/2146
f 1845/2460/1933 1844/2461/1932 2144/2418/2150 2143/2416/2148
f 1844/2461/1932 1804/2462/1867 1829/2463/1866 2144/2418/2150
f 2144/2418/2150 1829/2463/1866 1828/2464/1865 2151/2419/2151
f 2151/2419/2151 1828/2464/1865 1827/2465/1864 2158/2426/2158
f 2158/2426/2158 1827/2465/1864 1826/2466/1863 2165/2433/2165
f 2165/2433/2165 1826/2466/1863 1825/2467/1862 2172/2440/2172
f 2172/2440/2172 1825/2467/1862 1824/2468/1861 2179/2447/2179
f 2179/2447/2179 1824/2468/1861 1823/2469/1860 2186/2454/2186
f 2186/2454/2186 1823/2469/1860 1802/2470/1859 1892/2471/2082
f 2185/2453/2185 2186/2454/2186 1892/2471/2082 1891/2472/2081
f 2184/2452/2184 2185/2453/2185 1891/2472/2081 1890/2473/2080
f 2183/2451/2183 2184/2452/2184 1890/2473/2080 1889/2474/2079
f 2182/2450/2182 2183/2451/2183 1889/2474/2079 1888/2475/2078
f 2181/2448/2180 2182/2450/2182 1888/2475/2078 1887/2476/2077
f 2180/2449/2181 2181/2448/2180 1887/2476/2077 1886/2477/2076
f 1871/2246/2010 2180/2449/2181 1886/2477/2076 1806/2247/2011
f 1870/2245/2009 2173/2442/2174 2180/2449/2181 1871/2246/2010
f 1869/2244/2008 2166/2435/2167 2173/2442/2174 1870/2245/2009
f 1868/2243/2007 2159/2428/2160 2166/2435/2167 1869/2244/2008
f 1867/2242/2006 2152/2421/2153 2159/2428/2160 1868/2243/2007
f 1866/2241/2005 2145/2409/2141 2152/2421/2153 1867/2242/2006
f 1865/2240/2004 2138/2406/2138 2145/2409/2141 1866/2241/2005
o Cubo.006
v -0.500108 0.516128 0.517890
v -0.500108 0.670268 0.517890
v -0.500108 0.516127 0.204578
v -0.500108 0.670267 0.204578
v -0.225624 0.516128 0.517890
v -0.225624 0.670268 0.517890
v -0.225624 0.516127 0.204578
v -0.225624 0.670267 0.204578
v -0.509747 0.510714 0.230004
v -0.520127 0.504884 0.268290
v -0.527456 0.500769 0.313172
v -0.530183 0.499237 0.361233
v -0.527456 0.500769 0.409296
v -0.520127 0.504884 0.454178
v -0.509747 0.510714 0.492464
v -0.509747 0.528636 0.528892
v -0.520127 0.547472 0.540741
v -0.527456 0.569553 0.549106
v -0.530183 0.593198 0.552218
v -0.527456 0.616843 0.549106
v -0.520127 0.638924 0.540741
v -0.509747 0.657760 0.528892
v -0.509747 0.675682 0.492464
v -0.520127 0.681511 0.454178
v -0.527456 0.685627 0.409296
v -0.530183 0.687157 0.361233
v -0.527456 0.685626 0.313172
v -0.520127 0.681510 0.268290
v -0.509747 0.675681 0.230004
v -0.509747 0.657759 0.193576
v -0.520127 0.638923 0.181727
v -0.527456 0.616842 0.173360
v -0.530183 0.593197 0.170249
v -0.527456 0.569552 0.173360
v -0.520127 0.547470 0.181727
v -0.509747 0.528635 0.193576
v -0.247899 0.510713 0.193576
v -0.281440 0.504884 0.181727
v -0.320760 0.500768 0.173360
v -0.362866 0.499237 0.170249
v -0.404972 0.500768 0.173360
v -0.444292 0.504884 0.181727
v -0.477834 0.510713 0.193576
v -0.477834 0.675681 0.193576
v -0.444292 0.681510 0.181727
v -0.404972 0.685626 0.173360
v -0.362866 0.687156 0.170249
v -0.320760 0.685626 0.173360
v -0.281440 0.681510 0.181727
v -0.247899 0.675681 0.193576
v -0.215985 0.657759 0.193576
v -0.205606 0.638923 0.181727
v -0.198276 0.616842 0.173360
v -0.195550 0.593197 0.170249
v -0.198276 0.569552 0.173360
v -0.205606 0.547470 0.181727
v -0.215985 0.528635 0.193576
v -0.215985 0.510714 0.492464
v -0.205606 0.504884 0.454178
v -0.198276 0.500769 0.409296
v -0.195550 0.499237 0.361233
v -0.198276 0.500769 0.313172
v -0.205606 0.504884 0.268290
v -0.215985 0.510714 0.230004
v -0.215985 0.675681 0.230004
v -0.205606 0.681510 0.268290
v -0.198276 0.685626 0.313172
v -0.195550 0.687157 0.361233
v -0.198276 0.685627 0.409296
v -0.205606 0.681511 0.454178
v -0.215985 0.675682 0.492464
v -0.215985 0.657760 0.528892
v -0.205606 0.638924 0.540741
v -0.198276 0.616843 0.549106
v -0.195550 0.593198 0.552218
v -0.198276 0.569553 0.549106
v -0.205606 0.547472 0.540741
v -0.215985 0.528636 0.528892
v -0.477834 0.510714 0.528892
v -0.444292 0.504884 0.540741
v -0.404972 0.500769 0.549106
v -0.362866 0.499237 0.552218
v -0.320760 0.500769 0.549106
v -0.281441 0.504884 0.540741
v -0.247899 0.510714 0.528892
v -0.247899 0.675682 0.528892
v -0.281441 0.681511 0.540741
v -0.320760 0.685627 0.549106
v -0.362866 0.687158 0.552218
v -0.404972 0.685627 0.549106
v -0.444292 0.681511 0.540741
v -0.477834 0.675682 0.528892
v -0.530427 0.526647 0.496509
v -0.545159 0.546495 0.503885
v -0.554462 0.569138 0.509869
v -0.557735 0.593198 0.512246
v -0.554462 0.617259 0.509869
v -0.545159 0.639901 0.503885
v -0.530427 0.659750 0.496509
v -0.545159 0.523017 0.456162
v -0.562962 0.544465 0.460289
v -0.573791 0.568238 0.464022
v -0.577465 0.593198 0.465611
v -0.573791 0.618156 0.464022
v -0.562962 0.641931 0.460289
v -0.545159 0.663379 0.456162
v -0.554462 0.520073 0.410140
v -0.573791 0.542629 0.411963
v -0.585434 0.567366 0.413739
v -0.589332 0.593198 0.414532
v -0.585434 0.619030 0.413739
v -0.573791 0.643768 0.411963
v -0.554462 0.666322 0.410140
v -0.557735 0.518902 0.361233
v -0.577465 0.541846 0.361233
v -0.589332 0.566976 0.361233
v -0.593296 0.593197 0.361233
v -0.589332 0.619419 0.361233
v -0.577465 0.644547 0.361233
v -0.557735 0.667492 0.361233
v -0.554462 0.520072 0.312328
v -0.573791 0.542627 0.310504
v -0.585434 0.567365 0.308729
v -0.589332 0.593197 0.307935
v -0.585434 0.619029 0.308729
v -0.573791 0.643767 0.310504
v -0.554462 0.666321 0.312328
v -0.545159 0.523016 0.266306
v -0.562962 0.544464 0.262179
v -0.573791 0.568238 0.258446
v -0.577465 0.593197 0.256857
v -0.573791 0.618155 0.258446
v -0.562962 0.641930 0.262179
v -0.545159 0.663378 0.266306
v -0.530427 0.526646 0.225959
v -0.545159 0.546495 0.218583
v -0.554462 0.569137 0.212599
v -0.557735 0.593197 0.210222
v -0.554462 0.617258 0.212599
v -0.545159 0.639900 0.218583
v -0.530427 0.659749 0.225959
v -0.481377 0.526645 0.169969
v -0.487839 0.546495 0.153153
v -0.493081 0.569137 0.142534
v -0.495164 0.593197 0.138798
v -0.493081 0.617257 0.142534
v -0.487839 0.639899 0.153153
v -0.481377 0.659749 0.169969
v -0.446030 0.523015 0.153153
v -0.449646 0.544463 0.132833
v -0.452916 0.568238 0.120472
v -0.454307 0.593197 0.116279
v -0.452916 0.618155 0.120472
v -0.449646 0.641930 0.132833
v -0.446030 0.663378 0.153153
v -0.405711 0.520072 0.142534
v -0.407309 0.542627 0.120472
v -0.408865 0.567365 0.107182
v -0.409559 0.593197 0.102732
v -0.408865 0.619028 0.107182
v -0.407309 0.643766 0.120472
v -0.405711 0.666321 0.142534
v -0.362866 0.518902 0.138798
v -0.362866 0.541846 0.116279
v -0.362866 0.566975 0.102732
v -0.362866 0.593197 0.098207
v -0.362866 0.619419 0.102732
v -0.362866 0.644547 0.116279
v -0.362866 0.667491 0.138798
v -0.320022 0.520072 0.142534
v -0.318423 0.542627 0.120472
v -0.316867 0.567365 0.107182
v -0.316172 0.593197 0.102732
v -0.316867 0.619028 0.107182
v -0.318423 0.643766 0.120472
v -0.320022 0.666321 0.142534
v -0.279703 0.523015 0.153153
v -0.276086 0.544463 0.132833
v -0.272816 0.568238 0.120472
v -0.271424 0.593197 0.116279
v -0.272816 0.618155 0.120472
v -0.276086 0.641930 0.132833
v -0.279703 0.663378 0.153153
v -0.244356 0.526645 0.169969
v -0.237893 0.546495 0.153153
v -0.232651 0.569137 0.142534
v -0.230568 0.593197 0.138798
v -0.232651 0.617257 0.142534
v -0.237894 0.639899 0.153153
v -0.244356 0.659749 0.169969
v -0.195305 0.526646 0.225959
v -0.180572 0.546495 0.218583
v -0.171269 0.569137 0.212599
v -0.167997 0.593197 0.210222
v -0.171269 0.617258 0.212599
v -0.180572 0.639900 0.218583
v -0.195305 0.659749 0.225959
v -0.180572 0.523016 0.266306
v -0.162771 0.544464 0.262179
v -0.151942 0.568238 0.258446
v -0.148267 0.593197 0.256857
v -0.151942 0.618155 0.258446
v -0.162771 0.641930 0.262179
v -0.180572 0.663378 0.266306
v -0.171269 0.520072 0.312328
v -0.151942 0.542627 0.310504
v -0.140298 0.567365 0.308729
v -0.136400 0.593197 0.307935
v -0.140298 0.619029 0.308729
v -0.151942 0.643767 0.310504
v -0.171269 0.666321 0.312328
v -0.167997 0.518902 0.361233
v -0.148267 0.541846 0.361233
v -0.136400 0.566976 0.361233
v -0.132436 0.593197 0.361233
v -0.136400 0.619419 0.361233
v -0.148267 0.644547 0.361233
v -0.167997 0.667492 0.361233
v -0.171269 0.520073 0.410140
v -0.151942 0.542629 0.411963
v -0.140298 0.567366 0.413739
v -0.136400 0.593198 0.414532
v -0.140298 0.619030 0.413739
v -0.151942 0.643768 0.411963
v -0.171269 0.666322 0.410140
v -0.180572 0.523017 0.456162
v -0.162771 0.544465 0.460289
v -0.151942 0.568238 0.464022
v -0.148267 0.593198 0.465611
v -0.151942 0.618156 0.464022
v -0.162771 0.641931 0.460289
v -0.180572 0.663379 0.456162
v -0.195305 0.526647 0.496509
v -0.180572 0.546495 0.503885
v -0.171269 0.569138 0.509869
v -0.167997 0.593198 0.512246
v -0.171269 0.617259 0.509869
v -0.180572 0.639901 0.503885
v -0.195305 0.659750 0.496509
v -0.244355 0.526647 0.552499
v -0.237894 0.546495 0.569314
v -0.232651 0.569138 0.579933
v -0.230568 0.593198 0.583670
v -0.232651 0.617259 0.579933
v -0.237893 0.639901 0.569314
v -0.244356 0.659750 0.552499
v -0.279703 0.523017 0.569314
v -0.276086 0.544465 0.589635
v -0.272816 0.568238 0.601996
v -0.271424 0.593198 0.606189
v -0.272816 0.618156 0.601996
v -0.276086 0.641931 0.589635
v -0.279703 0.663379 0.569314
v -0.320022 0.520073 0.579933
v -0.318423 0.542629 0.601996
v -0.316867 0.567366 0.615286
v -0.316172 0.593198 0.619736
v -0.316867 0.619030 0.615286
v -0.318423 0.643768 0.601996
v -0.320022 0.666322 0.579933
v -0.362866 0.518903 0.583670
v -0.362866 0.541847 0.606189
v -0.362866 0.566977 0.619736
v -0.362866 0.593198 0.624261
v -0.362866 0.619420 0.619736
v -0.362866 0.644548 0.606189
v -0.362866 0.667493 0.583670
v -0.405711 0.520073 0.579933
v -0.407309 0.542629 0.601996
v -0.408865 0.567366 0.615286
v -0.409559 0.593198 0.619736
v -0.408865 0.619030 0.615286
v -0.407309 0.643768 0.601996
v -0.405711 0.666322 0.579933
v -0.446030 0.523017 0.569314
v -0.449646 0.544465 0.589635
v -0.452916 0.568238 0.601996
v -0.454307 0.593198 0.606189
v -0.452916 0.618156 0.601996
v -0.449646 0.641931 0.589635
v -0.446030 0.663379 0.569314
v -0.481377 0.526647 0.552499
v -0.487839 0.546495 0.569314
v -0.493081 0.569138 0.579933
v -0.495164 0.593198 0.583670
v -0.493081 0.617259 0.579933
v -0.487839 0.639901 0.569314
v -0.481377 0.659750 0.552499
v -0.481377 0.499100 0.225959
v -0.446030 0.490826 0.218583
v -0.405711 0.485602 0.212599
v -0.362866 0.483765 0.210222
v -0.320022 0.485602 0.212599
v -0.279703 0.490826 0.218583
v -0.244356 0.499100 0.225959
v -0.487839 0.490826 0.266306
v -0.449646 0.480828 0.262179
v -0.407309 0.474749 0.258446
v -0.362866 0.472685 0.256857
v -0.318423 0.474749 0.258446
v -0.276086 0.480828 0.262179
v -0.237894 0.490826 0.266306
v -0.493081 0.485602 0.312328
v -0.452916 0.474749 0.310504
v -0.408865 0.468209 0.308729
v -0.362866 0.466021 0.307935
v -0.316867 0.468209 0.308729
v -0.272816 0.474749 0.310504
v -0.232651 0.485602 0.312328
v -0.495164 0.483765 0.361233
v -0.454307 0.472685 0.361233
v -0.409559 0.466021 0.361233
v -0.362866 0.463794 0.361233
v -0.316172 0.466021 0.361233
v -0.271424 0.472685 0.361233
v -0.230568 0.483765 0.361233
v -0.493081 0.485602 0.410140
v -0.452916 0.474749 0.411963
v -0.408865 0.468209 0.413739
v -0.362866 0.466021 0.414532
v -0.316867 0.468209 0.413739
v -0.272816 0.474749 0.411963
v -0.232651 0.485602 0.410140
v -0.487839 0.490826 0.456162
v -0.449646 0.480828 0.460289
v -0.407309 0.474749 0.464022
v -0.362866 0.472685 0.465611
v -0.318423 0.474749 0.464022
v -0.276086 0.480828 0.460289
v -0.237894 0.490826 0.456162
v -0.481377 0.499100 0.496509
v -0.446030 0.490826 0.503885
v -0.405711 0.485602 0.509869
v -0.362866 0.483765 0.512246
v -0.320022 0.485602 0.509869
v -0.279703 0.490826 0.503885
v -0.244356 0.499100 0.496509
v -0.244356 0.687294 0.225959
v -0.279703 0.695568 0.218583
v -0.320022 0.700792 0.212599
v -0.362866 0.702630 0.210222
v -0.405711 0.700792 0.212599
v -0.446030 0.695568 0.218583
v -0.481377 0.687294 0.225959
v -0.237893 0.695568 0.266306
v -0.276086 0.705564 0.262179
v -0.318423 0.711646 0.258446
v -0.362866 0.713710 0.256857
v -0.407309 0.711646 0.258446
v -0.449646 0.705564 0.262179
v -0.487839 0.695568 0.266306
v -0.232651 0.700792 0.312328
v -0.272816 0.711646 0.310504
v -0.316867 0.718185 0.308729
v -0.362866 0.720373 0.307935
v -0.408865 0.718185 0.308729
v -0.452916 0.711646 0.310504
v -0.493081 0.700792 0.312328
v -0.230568 0.702630 0.361233
v -0.271424 0.713710 0.361233
v -0.316172 0.720374 0.361233
v -0.362866 0.722600 0.361233
v -0.409559 0.720373 0.361233
v -0.454307 0.713710 0.361233
v -0.495164 0.702630 0.361233
v -0.232651 0.700793 0.410140
v -0.272816 0.711646 0.411963
v -0.316867 0.718186 0.413739
v -0.362866 0.720375 0.414532
v -0.408865 0.718186 0.413739
v -0.452916 0.711646 0.411963
v -0.493081 0.700793 0.410140
v -0.237894 0.695569 0.456162
v -0.276086 0.705564 0.460289
v -0.318423 0.711646 0.464022
v -0.362866 0.713711 0.465611
v -0.407309 0.711646 0.464022
v -0.449646 0.705564 0.460289
v -0.487839 0.695569 0.456162
v -0.244355 0.687295 0.496509
v -0.279703 0.695569 0.503885
v -0.320022 0.700793 0.509869
v -0.362866 0.702631 0.512246
v -0.405711 0.700793 0.509869
v -0.446030 0.695569 0.503885
v -0.481377 0.687295 0.496509
vn -0.6096 -0.7113 0.3499
vn -0.7331 -0.5430 0.4096
vn -0.7925 -0.5472 0.2692
vn -0.6424 -0.7297 0.2341
vn -0.8339 -0.3061 0.4592
vn -0.9058 -0.3014 0.2978
vn -0.8770 -0.0000 0.4805
vn -0.9509 -0.0000 0.3094
vn -0.8339 0.3061 0.4592
vn -0.9058 0.3014 0.2978
vn -0.7331 0.5430 0.4096
vn -0.7925 0.5472 0.2692
vn -0.6097 0.7112 0.3499
vn -0.6424 0.7297 0.2341
vn -0.8239 -0.5504 0.1350
vn -0.6615 -0.7404 0.1194
vn -0.9432 -0.2981 0.1466
vn -0.9885 -0.0000 0.1513
vn -0.9432 0.2981 0.1466
vn -0.8239 0.5504 0.1349
vn -0.6615 0.7404 0.1194
vn -0.8341 -0.5516 -0.0000
vn -0.6681 -0.7441 -0.0000
vn -0.9549 -0.2968 -0.0000
vn -1.0000 -0.0000 -0.0000
vn -0.9549 0.2968 -0.0000
vn -0.8341 0.5516 -0.0000
vn -0.6681 0.7441 -0.0000
vn -0.8239 -0.5504 -0.1350
vn -0.6615 -0.7404 -0.1194
vn -0.9432 -0.2981 -0.1466
vn -0.9885 -0.0000 -0.1513
vn -0.9432 0.2981 -0.1466
vn -0.8239 0.5504 -0.1349
vn -0.6615 0.7404 -0.1194
vn -0.7925 -0.5472 -0.2692
vn -0.6425 -0.7297 -0.2341
vn -0.9058 -0.3014 -0.2978
vn -0.9510 -0.0000 -0.3093
vn -0.9058 0.3014 -0.2978
vn -0.7925 0.5472 -0.2692
vn -0.6425 0.7297 -0.2341
vn -0.7331 -0.5430 -0.4096
vn -0.6097 -0.7112 -0.3499
vn -0.8339 -0.3061 -0.4592
vn -0.8770 -0.0000 -0.4805
vn -0.8339 0.3061 -0.4592
vn -0.7331 0.5430 -0.4096
vn -0.6096 0.7113 -0.3499
vn -0.4499 -0.8013 0.3943
vn -0.5346 -0.7035 0.4683
vn -0.4668 -0.8311 0.3023
vn -0.6298 -0.5468 0.5517
vn -0.7144 -0.3131 0.6258
vn -0.7523 -0.0000 0.6589
vn -0.7144 0.3131 0.6258
vn -0.6298 0.5468 0.5517
vn -0.5345 0.7035 0.4683
vn -0.4498 0.8014 0.3943
vn -0.4667 0.8311 0.3023
vn -0.4793 0.8535 0.2047
vn -0.4870 0.8671 0.1050
vn -0.4896 0.8719 -0.0000
vn -0.4870 0.8671 -0.1050
vn -0.4793 0.8535 -0.2047
vn -0.4667 0.8311 -0.3023
vn -0.4498 0.8014 -0.3943
vn -0.5346 0.7035 -0.4683
vn -0.6298 0.5468 -0.5517
vn -0.7144 0.3131 -0.6258
vn -0.7522 -0.0000 -0.6589
vn -0.7144 -0.3131 -0.6258
vn -0.6298 -0.5468 -0.5517
vn -0.5345 -0.7036 -0.4683
vn -0.4667 -0.8311 -0.3023
vn -0.4500 -0.8013 -0.3943
vn -0.4793 -0.8535 -0.2047
vn -0.4870 -0.8671 -0.1050
vn -0.4896 -0.8719 -0.0000
vn -0.4870 -0.8671 0.1050
vn -0.4793 -0.8534 0.2047
vn -0.4097 -0.7295 -0.5477
vn -0.4859 -0.5643 -0.6674
vn -0.3285 -0.5847 -0.7418
vn -0.2785 -0.7605 -0.5866
vn -0.5519 -0.3221 -0.7692
vn -0.3717 -0.3296 -0.8679
vn -0.5811 -0.0000 -0.8138
vn -0.3904 -0.0000 -0.9207
vn -0.5519 0.3221 -0.7692
vn -0.3717 0.3296 -0.8679
vn -0.4859 0.5643 -0.6674
vn -0.3284 0.5847 -0.7418
vn -0.4097 0.7295 -0.5478
vn -0.2785 0.7605 -0.5866
vn -0.1673 -0.5979 -0.7839
vn -0.1435 -0.7793 -0.6100
vn -0.1871 -0.3334 -0.9240
vn -0.1960 -0.0000 -0.9806
vn -0.1871 0.3334 -0.9240
vn -0.1672 0.5979 -0.7840
vn -0.1435 0.7793 -0.6100
vn -0.0000 -0.6024 -0.7982
vn -0.0000 -0.7860 -0.6182
vn -0.0000 -0.3343 -0.9425
vn -0.0000 -0.0000 -1.0000
vn -0.0000 0.3343 -0.9425
vn -0.0000 0.6024 -0.7982
vn -0.0000 0.7860 -0.6182
vn 0.1673 -0.5979 -0.7839
vn 0.1435 -0.7793 -0.6100
vn 0.1871 -0.3333 -0.9241
vn 0.1956 -0.0000 -0.9807
vn 0.1871 0.3334 -0.9240
vn 0.1672 0.5979 -0.7840
vn 0.1435 0.7793 -0.6100
vn 0.3285 -0.5847 -0.7418
vn 0.2785 -0.7605 -0.5865
vn 0.3717 -0.3296 -0.8679
vn 0.3903 -0.0000 -0.9207
vn 0.3717 0.3296 -0.8679
vn 0.3284 0.5847 -0.7418
vn 0.2785 0.7605 -0.5865
vn 0.4859 -0.5643 -0.6674
vn 0.4097 -0.7294 -0.5478
vn 0.5519 -0.3221 -0.7692
vn 0.5811 -0.0000 -0.8138
vn 0.5519 0.3221 -0.7692
vn 0.4859 0.5643 -0.6674
vn 0.4097 0.7295 -0.5477
vn -0.3490 -0.8409 -0.4137
vn -0.3490 0.8409 -0.4137
vn -0.2386 0.8714 -0.4287
vn -0.1231 0.8905 -0.4381
vn -0.0000 0.8973 -0.4414
vn 0.1231 0.8905 -0.4381
vn 0.2386 0.8714 -0.4287
vn 0.3490 0.8408 -0.4137
vn 0.4498 0.8014 -0.3943
vn 0.5346 0.7035 -0.4683
vn 0.6298 0.5468 -0.5517
vn 0.7144 0.3131 -0.6258
vn 0.7523 -0.0000 -0.6589
vn 0.7144 -0.3131 -0.6258
vn 0.6298 -0.5467 -0.5517
vn 0.5346 -0.7035 -0.4683
vn 0.3491 -0.8408 -0.4137
vn 0.4498 -0.8014 -0.3943
vn 0.2386 -0.8714 -0.4287
vn 0.1231 -0.8905 -0.4381
vn -0.0000 -0.8973 -0.4414
vn -0.1231 -0.8905 -0.4381
vn -0.2386 -0.8714 -0.4287
vn 0.6097 -0.7112 -0.3499
vn 0.7331 -0.5430 -0.4096
vn 0.7925 -0.5472 -0.2692
vn 0.6424 -0.7297 -0.2341
vn 0.8340 -0.3060 -0.4592
vn 0.9058 -0.3014 -0.2978
vn 0.8770 -0.0000 -0.4805
vn 0.9509 -0.0000 -0.3095
vn 0.8340 0.3060 -0.4592
vn 0.9058 0.3014 -0.2978
vn 0.7331 0.5430 -0.4096
vn 0.7925 0.5472 -0.2692
vn 0.6097 0.7112 -0.3499
vn 0.6425 0.7297 -0.2341
vn 0.8239 -0.5505 -0.1350
vn 0.6615 -0.7404 -0.1194
vn 0.9432 -0.2981 -0.1466
vn 0.9885 -0.0000 -0.1514
vn 0.9432 0.2981 -0.1466
vn 0.8239 0.5504 -0.1349
vn 0.6615 0.7404 -0.1194
vn 0.8341 -0.5516 -0.0000
vn 0.6681 -0.7441 -0.0000
vn 0.9549 -0.2968 -0.0000
vn 1.0000 -0.0000 -0.0000
vn 0.9549 0.2968 -0.0000
vn 0.8341 0.5516 -0.0000
vn 0.6681 0.7441 -0.0000
vn 0.8239 -0.5504 0.1350
vn 0.6615 -0.7404 0.1194
vn 0.9432 -0.2981 0.1466
vn 0.9885 -0.0000 0.1514
vn 0.9432 0.2981 0.1466
vn 0.8239 0.5504 0.1349
vn 0.6615 0.7404 0.1194
vn 0.7925 -0.5472 0.2692
vn 0.6424 -0.7297 0.2341
vn 0.9058 -0.3014 0.2978
vn 0.9510 -0.0000 0.3093
vn 0.9058 0.3014 0.2978
vn 0.7925 0.5472 0.2692
vn 0.6425 0.7297 0.2341
vn 0.7330 -0.5430 0.4097
vn 0.6096 -0.7113 0.3499
vn 0.8339 -0.3060 0.4592
vn 0.8770 -0.0000 0.4805
vn 0.8340 0.3060 0.4592
vn 0.7331 0.5430 0.4096
vn 0.6097 0.7112 0.3499
vn 0.4668 -0.8311 -0.3023
vn 0.4667 0.8311 -0.3023
vn 0.4793 0.8535 -0.2047
vn 0.4870 0.8671 -0.1050
vn 0.4896 0.8719 -0.0000
vn 0.4870 0.8671 0.1050
vn 0.4793 0.8535 0.2047
vn 0.4667 0.8311 0.3023
vn 0.4498 0.8014 0.3943
vn 0.5346 0.7035 0.4683
vn 0.6298 0.5468 0.5517
vn 0.7143 0.3131 0.6259
vn 0.7522 -0.0000 0.6589
vn 0.7144 -0.3131 0.6258
vn 0.6298 -0.5468 0.5517
vn 0.5346 -0.7035 0.4683
vn 0.4668 -0.8311 0.3023
vn 0.4499 -0.8013 0.3943
vn 0.4793 -0.8535 0.2047
vn 0.4870 -0.8671 0.1050
vn 0.4896 -0.8719 -0.0000
vn 0.4870 -0.8671 -0.1050
vn 0.4793 -0.8534 -0.2047
vn 0.4097 -0.7295 0.5477
vn 0.4859 -0.5643 0.6674
vn 0.3285 -0.5847 0.7418
vn 0.2785 -0.7605 0.5865
vn 0.5519 -0.3221 0.7692
vn 0.3717 -0.3296 0.8679
vn 0.5811 -0.0000 0.8138
vn 0.3902 -0.0000 0.9207
vn 0.5519 0.3221 0.7692
vn 0.3717 0.3296 0.8679
vn 0.4859 0.5643 0.6674
vn 0.3284 0.5847 0.7418
vn 0.4097 0.7294 0.5478
vn 0.2785 0.7605 0.5865
vn 0.1673 -0.5979 0.7839
vn 0.1435 -0.7793 0.6100
vn 0.1871 -0.3334 0.9240
vn 0.1956 -0.0000 0.9807
vn 0.1871 0.3334 0.9240
vn 0.1672 0.5978 0.7840
vn 0.1435 0.7793 0.6100
vn -0.0000 -0.6024 0.7982
vn -0.0000 -0.7860 0.6182
vn -0.0000 -0.3343 0.9425
vn -0.0000 -0.0000 1.0000
vn -0.0000 0.3343 0.9425
vn -0.0000 0.6024 0.7982
vn -0.0000 0.7860 0.6182
vn -0.1673 -0.5979 0.7839
vn -0.1435 -0.7793 0.6100
vn -0.1871 -0.3334 0.9240
vn -0.1955 -0.0000 0.9807
vn -0.1871 0.3334 0.9240
vn -0.1672 0.5978 0.7840
vn -0.1435 0.7793 0.6100
vn -0.3285 -0.5847 0.7418
vn -0.2785 -0.7605 0.5866
vn -0.3717 -0.3296 0.8679
vn -0.3904 -0.0000 0.9207
vn -0.3717 0.3296 0.8679
vn -0.3284 0.5847 0.7418
vn -0.2785 0.7605 0.5865
vn -0.4859 -0.5643 0.6674
vn -0.4097 -0.7295 0.5477
vn -0.5519 -0.3221 0.7692
vn -0.5810 -0.0000 0.8139
vn -0.5519 0.3221 0.7692
vn -0.4859 0.5643 0.6674
vn -0.4097 0.7295 0.5477
vn 0.3490 -0.8409 0.4137
vn 0.3490 0.8409 0.4137
vn 0.2386 0.8714 0.4287
vn 0.1231 0.8905 0.4381
vn -0.0000 0.8973 0.4414
vn -0.1231 0.8905 0.4381
vn -0.2386 0.8714 0.4287
vn -0.3490 0.8409 0.4137
vn -0.3490 -0.8409 0.4137
vn -0.2386 -0.8714 0.4287
vn -0.1231 -0.8905 0.4381
vn -0.0000 -0.8973 0.4415
vn 0.1231 -0.8905 0.4381
vn 0.2386 -0.8714 0.4287
vn -0.3306 -0.8982 -0.2896
vn -0.2175 -0.9313 -0.2923
vn -0.2092 -0.9605 -0.1832
vn -0.3312 -0.9244 -0.1892
vn -0.1099 -0.9496 -0.2936
vn -0.1026 -0.9782 -0.1806
vn -0.0000 -0.9557 -0.2942
vn -0.0000 -0.9837 -0.1798
vn 0.1099 -0.9496 -0.2936
vn 0.1026 -0.9782 -0.1805
vn 0.2175 -0.9313 -0.2923
vn 0.2092 -0.9606 -0.1832
vn 0.3306 -0.8982 -0.2896
vn 0.3312 -0.9244 -0.1892
vn -0.2053 -0.9746 -0.0896
vn -0.3313 -0.9387 -0.0952
vn -0.0990 -0.9913 -0.0866
vn -0.0000 -0.9963 -0.0858
vn 0.0990 -0.9913 -0.0866
vn 0.2053 -0.9746 -0.0896
vn 0.3313 -0.9387 -0.0952
vn -0.2041 -0.9789 -0.0000
vn -0.3314 -0.9435 -0.0000
vn -0.0976 -0.9952 -0.0000
vn -0.0000 -1.0000 -0.0000
vn 0.0976 -0.9952 -0.0000
vn 0.2042 -0.9789 -0.0000
vn 0.3314 -0.9435 -0.0000
vn -0.2053 -0.9746 0.0896
vn -0.3313 -0.9387 0.0952
vn -0.0990 -0.9913 0.0866
vn -0.0000 -0.9963 0.0858
vn 0.0990 -0.9913 0.0867
vn 0.2053 -0.9746 0.0896
vn 0.3313 -0.9387 0.0952
vn -0.2092 -0.9605 0.1832
vn -0.3312 -0.9244 0.1892
vn -0.1026 -0.9782 0.1805
vn -0.0000 -0.9837 0.1798
vn 0.1026 -0.9782 0.1805
vn 0.2092 -0.9606 0.1832
vn 0.3312 -0.9244 0.1892
vn -0.2175 -0.9313 0.2922
vn -0.3306 -0.8982 0.2896
vn -0.1099 -0.9496 0.2936
vn -0.0000 -0.9557 0.2942
vn 0.1099 -0.9496 0.2936
vn 0.2175 -0.9313 0.2922
vn 0.3306 -0.8982 0.2896
vn 0.3306 0.8982 -0.2896
vn 0.2175 0.9313 -0.2922
vn 0.2092 0.9606 -0.1832
vn 0.3312 0.9244 -0.1892
vn 0.1099 0.9496 -0.2936
vn 0.1026 0.9782 -0.1806
vn -0.0000 0.9558 -0.2941
vn -0.0000 0.9837 -0.1797
vn -0.1099 0.9496 -0.2936
vn -0.1026 0.9782 -0.1806
vn -0.2175 0.9313 -0.2922
vn -0.2092 0.9606 -0.1832
vn -0.3306 0.8982 -0.2896
vn -0.3312 0.9244 -0.1892
vn 0.2053 0.9746 -0.0896
vn 0.3313 0.9387 -0.0952
vn 0.0991 0.9913 -0.0868
vn -0.0000 0.9963 -0.0857
vn -0.0990 0.9913 -0.0867
vn -0.2053 0.9746 -0.0896
vn -0.3314 0.9387 -0.0952
vn 0.2041 0.9789 -0.0000
vn 0.3314 0.9435 -0.0000
vn 0.0976 0.9952 -0.0000
vn -0.0000 1.0000 -0.0000
vn -0.0977 0.9952 -0.0000
vn -0.2042 0.9789 -0.0000
vn -0.3314 0.9435 -0.0000
vn 0.2053 0.9746 0.0896
vn 0.3313 0.9387 0.0952
vn 0.0990 0.9913 0.0867
vn -0.0000 0.9963 0.0856
vn -0.0988 0.9913 0.0865
vn -0.2053 0.9746 0.0896
vn -0.3313 0.9387 0.0952
vn 0.2092 0.9606 0.1832
vn 0.3311 0.9244 0.1892
vn 0.1026 0.9782 0.1806
vn -0.0000 0.9837 0.1798
vn -0.1026 0.9782 0.1806
vn -0.2092 0.9606 0.1832
vn -0.3311 0.9244 0.1892
vn 0.2175 0.9313 0.2922
vn 0.3306 0.8982 0.2896
vn 0.1099 0.9496 0.2936
vn -0.0000 0.9558 0.2941
vn -0.1099 0.9496 0.2936
vn -0.2175 0.9313 0.2923
vn -0.3307 0.8982 0.2896
vt 0.406250 0.031250
vt 0.437500 0.031250
vt 0.437500 0.062500
vt 0.406250 0.062500
vt 0.468750 0.031250
vt 0.468750 0.062500
vt 0.500000 0.031250
vt 0.500000 0.062500
vt 0.531250 0.031250
vt 0.531250 0.062500
vt 0.562500 0.031250
vt 0.562500 0.062500
vt 0.593750 0.031250
vt 0.593750 0.062500
vt 0.437500 0.093750
vt 0.406250 0.093750
vt 0.468750 0.093750
vt 0.500000 0.093750
vt 0.531250 0.093750
vt 0.562500 0.093750
vt 0.593750 0.093750
vt 0.437500 0.125000
vt 0.406250 0.125000
vt 0.468750 0.125000
vt 0.500000 0.125000
vt 0.531250 0.125000
vt 0.562500 0.125000
vt 0.593750 0.125000
vt 0.437500 0.156250
vt 0.406250 0.156250
vt 0.468750 0.156250
vt 0.500000 0.156250
vt 0.531250 0.156250
vt 0.562500 0.156250
vt 0.593750 0.156250
vt 0.437500 0.187500
vt 0.406250 0.187500
vt 0.468750 0.187500
vt 0.500000 0.187500
vt 0.531250 0.187500
vt 0.562500 0.187500
vt 0.593750 0.187500
vt 0.437500 0.218750
vt 0.406250 0.218750
vt 0.468750 0.218750
vt 0.500000 0.218750
vt 0.531250 0.218750
vt 0.562500 0.218750
vt 0.593750 0.218750
vt 0.375000 0.000000
vt 0.406250 0.000000
vt 0.375000 0.031250
vt 0.437500 0.000000
vt 0.468750 0.000000
vt 0.500000 0.000000
vt 0.531250 0.000000
vt 0.562500 0.000000
vt 0.593750 0.000000
vt 0.625000 0.000000
vt 0.625000 0.031250
vt 0.625000 0.062500
vt 0.625000 0.093750
vt 0.625000 0.125000
vt 0.625000 0.156250
vt 0.625000 0.187500
vt 0.625000 0.218750
vt 0.625000 0.250000
vt 0.593750 0.250000
vt 0.562500 0.250000
vt 0.531250 0.250000
vt 0.500000 0.250000
vt 0.468750 0.250000
vt 0.437500 0.250000
vt 0.406250 0.250000
vt 0.375000 0.218750
vt 0.375000 0.250000
vt 0.375000 0.187500
vt 0.375000 0.156250
vt 0.375000 0.125000
vt 0.375000 0.093750
vt 0.375000 0.062500
vt 0.406250 0.281250
vt 0.437500 0.281250
vt 0.437500 0.312500
vt 0.406250 0.312500
vt 0.468750 0.281250
vt 0.468750 0.312500
vt 0.500000 0.281250
vt 0.500000 0.312500
vt 0.531250 0.281250
vt 0.531250 0.312500
vt 0.562500 0.281250
vt 0.562500 0.312500
vt 0.593750 0.281250
vt 0.593750 0.312500
vt 0.437500 0.343750
vt 0.406250 0.343750
vt 0.468750 0.343750
vt 0.500000 0.343750
vt 0.531250 0.343750
vt 0.562500 0.343750
vt 0.593750 0.343750
vt 0.437500 0.375000
vt 0.406250 0.375000
vt 0.468750 0.375000
vt 0.500000 0.375000
vt 0.531250 0.375000
vt 0.562500 0.375000
vt 0.593750 0.375000
vt 0.437500 0.406250
vt 0.406250 0.406250
vt 0.468750 0.406250
vt 0.500000 0.406250
vt 0.531250 0.406250
vt 0.562500 0.406250
vt 0.593750 0.406250
vt 0.437500 0.437500
vt 0.406250 0.437500
vt 0.468750 0.437500
vt 0.500000 0.437500
vt 0.531250 0.437500
vt 0.562500 0.437500
vt 0.593750 0.437500
vt 0.437500 0.468750
vt 0.406250 0.468750
vt 0.468750 0.468750
vt 0.500000 0.468750
vt 0.531250 0.468750
vt 0.562500 0.468750
vt 0.593750 0.468750
vt 0.375000 0.281250
vt 0.625000 0.281250
vt 0.625000 0.312500
vt 0.625000 0.343750
vt 0.625000 0.375000
vt 0.625000 0.406250
vt 0.625000 0.437500
vt 0.625000 0.468750
vt 0.625000 0.500000
vt 0.593750 0.500000
vt 0.562500 0.500000
vt 0.531250 0.500000
vt 0.500000 0.500000
vt 0.468750 0.500000
vt 0.437500 0.500000
vt 0.406250 0.500000
vt 0.375000 0.468750
vt 0.375000 0.500000
vt 0.375000 0.437500
vt 0.375000 0.406250
vt 0.375000 0.375000
vt 0.375000 0.343750
vt 0.375000 0.312500
vt 0.406250 0.531250
vt 0.437500 0.531250
vt 0.437500 0.562500
vt 0.406250 0.562500
vt 0.468750 0.531250
vt 0.468750 0.562500
vt 0.500000 0.531250
vt 0.500000 0.562500
vt 0.531250 0.531250
vt 0.531250 0.562500
vt 0.562500 0.531250
vt 0.562500 0.562500
vt 0.593750 0.531250
vt 0.593750 0.562500
vt 0.437500 0.593750
vt 0.406250 0.593750
vt 0.468750 0.593750
vt 0.500000 0.593750
vt 0.531250 0.593750
vt 0.562500 0.593750
vt 0.593750 0.593750
vt 0.437500 0.625000
vt 0.406250 0.625000
vt 0.468750 0.625000
vt 0.500000 0.625000
vt 0.531250 0.625000
vt 0.562500 0.625000
vt 0.593750 0.625000
vt 0.437500 0.656250
vt 0.406250 0.656250
vt 0.468750 0.656250
vt 0.500000 0.656250
vt 0.531250 0.656250
vt 0.562500 0.656250
vt 0.593750 0.656250
vt 0.437500 0.687500
vt 0.406250 0.687500
vt 0.468750 0.687500
vt 0.500000 0.687500
vt 0.531250 0.687500
vt 0.562500 0.687500
vt 0.593750 0.687500
vt 0.437500 0.718750
vt 0.406250 0.718750
vt 0.468750 0.718750
vt 0.500000 0.718750
vt 0.531250 0.718750
vt 0.562500 0.718750
vt 0.593750 0.718750
vt 0.375000 0.531250
vt 0.625000 0.531250
vt 0.625000 0.562500
vt 0.625000 0.593750
vt 0.625000 0.625000
vt 0.625000 0.656250
vt 0.625000 0.687500
vt 0.625000 0.718750
vt 0.625000 0.750000
vt 0.593750 0.750000
vt 0.562500 0.750000
vt 0.531250 0.750000
vt 0.500000 0.750000
vt 0.468750 0.750000
vt 0.437500 0.750000
vt 0.406250 0.750000
vt 0.375000 0.718750
vt 0.375000 0.750000
vt 0.375000 0.687500
vt 0.375000 0.656250
vt 0.375000 0.625000
vt 0.375000 0.593750
vt 0.375000 0.562500
vt 0.406250 0.781250
vt 0.437500 0.781250
vt 0.437500 0.812500
vt 0.406250 0.812500
vt 0.468750 0.781250
vt 0.468750 0.812500
vt 0.500000 0.781250
vt 0.500000 0.812500
vt 0.531250 0.781250
vt 0.531250 0.812500
vt 0.562500 0.781250
vt 0.562500 0.812500
vt 0.593750 0.781250
vt 0.593750 0.812500
vt 0.437500 0.843750
vt 0.406250 0.843750
vt 0.468750 0.843750
vt 0.500000 0.843750
vt 0.531250 0.843750
vt 0.562500 0.843750
vt 0.593750 0.843750
vt 0.437500 0.875000
vt 0.406250 0.875000
vt 0.468750 0.875000
vt 0.500000 0.875000
vt 0.531250 0.875000
vt 0.562500 0.875000
vt 0.593750 0.875000
vt 0.437500 0.906250
vt 0.406250 0.906250
vt 0.468750 0.906250
vt 0.500000 0.906250
vt 0.531250 0.906250
vt 0.562500 0.906250
vt 0.593750 0.906250
vt 0.437500 0.937500
vt 0.406250 0.937500
vt 0.468750 0.937500
vt 0.500000 0.937500
vt 0.531250 0.937500
vt 0.562500 0.937500
vt 0.593750 0.937500
vt 0.437500 0.968750
vt 0.406250 0.968750
vt 0.468750 0.968750
vt 0.500000 0.968750
vt 0.531250 0.968750
vt 0.562500 0.968750
vt 0.593750 0.968750
vt 0.375000 0.781250
vt 0.625000 0.781250
vt 0.625000 0.812500
vt 0.625000 0.843750
vt 0.625000 0.875000
vt 0.625000 0.906250
vt 0.625000 0.937500
vt 0.625000 0.968750
vt 0.625000 1.000000
vt 0.593750 1.000000
vt 0.562500 1.000000
vt 0.531250 1.000000
vt 0.500000 1.000000
vt 0.468750 1.000000
vt 0.437500 1.000000
vt 0.406250 1.000000
vt 0.375000 0.968750
vt 0.375000 1.000000
vt 0.375000 0.937500
vt 0.375000 0.906250
vt 0.375000 0.875000
vt 0.375000 0.843750
vt 0.375000 0.812500
vt 0.156250 0.531250
vt 0.187500 0.531250
vt 0.187500 0.562500
vt 0.156250 0.562500
vt 0.218750 0.531250
vt 0.218750 0.562500
vt 0.250000 0.531250
vt 0.250000 0.562500
vt 0.281250 0.531250
vt 0.281250 0.562500
vt 0.312500 0.531250
vt 0.312500 0.562500
vt 0.343750 0.531250
vt 0.343750 0.562500
vt 0.187500 0.593750
vt 0.156250 0.593750
vt 0.218750 0.593750
vt 0.250000 0.593750
vt 0.281250 0.593750
vt 0.312500 0.593750
vt 0.343750 0.593750
vt 0.187500 0.625000
vt 0.156250 0.625000
vt 0.218750 0.625000
vt 0.250000 0.625000
vt 0.281250 0.625000
vt 0.312500 0.625000
vt 0.343750 0.625000
vt 0.187500 0.656250
vt 0.156250 0.656250
vt 0.218750 0.656250
vt 0.250000 0.656250
vt 0.281250 0.656250
vt 0.312500 0.656250
vt 0.343750 0.656250
vt 0.187500 0.687500
vt 0.156250 0.687500
vt 0.218750 0.687500
vt 0.250000 0.687500
vt 0.281250 0.687500
vt 0.312500 0.687500
vt 0.343750 0.687500
vt 0.187500 0.718750
vt 0.156250 0.718750
vt 0.218750 0.718750
vt 0.250000 0.718750
vt 0.281250 0.718750
vt 0.312500 0.718750
vt 0.343750 0.718750
vt 0.125000 0.500000
vt 0.156250 0.500000
vt 0.125000 0.531250
vt 0.187500 0.500000
vt 0.218750 0.500000
vt 0.250000 0.500000
vt 0.281250 0.500000
vt 0.312500 0.500000
vt 0.343750 0.500000
vt 0.343750 0.750000
vt 0.312500 0.750000
vt 0.281250 0.750000
vt 0.250000 0.750000
vt 0.218750 0.750000
vt 0.187500 0.750000
vt 0.156250 0.750000
vt 0.125000 0.718750
vt 0.125000 0.750000
vt 0.125000 0.687500
vt 0.125000 0.656250
vt 0.125000 0.625000
vt 0.125000 0.593750
vt 0.125000 0.562500
vt 0.656250 0.531250
vt 0.687500 0.531250
vt 0.687500 0.562500
vt 0.656250 0.562500
vt 0.718750 0.531250
vt 0.718750 0.562500
vt 0.750000 0.531250
vt 0.750000 0.562500
vt 0.781250 0.531250
vt 0.781250 0.562500
vt 0.812500 0.531250
vt 0.812500 0.562500
vt 0.843750 0.531250
vt 0.843750 0.562500
vt 0.687500 0.593750
vt 0.656250 0.593750
vt 0.718750 0.593750
vt 0.750000 0.593750
vt 0.781250 0.593750
vt 0.812500 0.593750
vt 0.843750 0.593750
vt 0.687500 0.625000
vt 0.656250 0.625000
vt 0.718750 0.625000
vt 0.750000 0.625000
vt 0.781250 0.625000
vt 0.812500 0.625000
vt 0.843750 0.625000
vt 0.687500 0.656250
vt 0.656250 0.656250
vt 0.718750 0.656250
vt 0.750000 0.656250
vt 0.781250 0.656250
vt 0.812500 0.656250
vt 0.843750 0.656250
vt 0.687500 0.687500
vt 0.656250 0.687500
vt 0.718750 0.687500
vt 0.750000 0.687500
vt 0.781250 0.687500
vt 0.812500 0.687500
vt 0.843750 0.687500
vt 0.687500 0.718750
vt 0.656250 0.718750
vt 0.718750 0.718750
vt 0.750000 0.718750
vt 0.781250 0.718750
vt 0.812500 0.718750
vt 0.843750 0.718750
vt 0.656250 0.500000
vt 0.687500 0.500000
vt 0.718750 0.500000
vt 0.750000 0.500000
vt 0.781250 0.500000
vt 0.812500 0.500000
vt 0.843750 0.500000
vt 0.875000 0.500000
vt 0.875000 0.531250
vt 0.875000 0.562500
vt 0.875000 0.593750
vt 0.875000 0.625000
vt 0.875000 0.656250
vt 0.875000 0.687500
vt 0.875000 0.718750
vt 0.875000 0.750000
vt 0.843750 0.750000
vt 0.812500 0.750000
vt 0.781250 0.750000
vt 0.750000 0.750000
vt 0.718750 0.750000
vt 0.687500 0.750000
vt 0.656250 0.750000
s 1
usemtl parpados.003
f 2279/2478/2187 2280/2479/2188 2287/2480/2189 2286/2481/2190
f 2280/2479/2188 2281/2482/2191 2288/2483/2192 2287/2480/2189
f 2281/2482/2191 2282/2484/2193 2289/2485/2194 2288/2483/2192
f 2282/2484/2193 2283/2486/2195 2290/2487/2196 2289/2485/2194
f 2283/2486/2195 2284/2488/2197 2291/2489/2198 2290/2487/2196
f 2284/2488/2197 2285/2490/2199 2292/2491/2200 2291/2489/2198
f 2286/2481/2190 2287/2480/2189 2294/2492/2201 2293/2493/2202
f 2287/2480/2189 2288/2483/2192 2295/2494/2203 2294/2492/2201
f 2288/2483/2192 2289/2485/2194 2296/2495/2204 2295/2494/2203
f 2289/2485/2194 2290/2487/2196 2297/2496/2205 2296/2495/2204
f 2290/2487/2196 2291/2489/2198 2298/2497/2206 2297/2496/2205
f 2291/2489/2198 2292/2491/2200 2299/2498/2207 2298/2497/2206
f 2293/2493/2202 2294/2492/2201 2301/2499/2208 2300/2500/2209
f 2294/2492/2201 2295/2494/2203 2302/2501/2210 2301/2499/2208
f 2295/2494/2203 2296/2495/2204 2303/2502/2211 2302/2501/2210
f 2296/2495/2204 2297/2496/2205 2304/2503/2212 2303/2502/2211
f 2297/2496/2205 2298/2497/2206 2305/2504/2213 2304/2503/2212
f 2298/2497/2206 2299/2498/2207 2306/2505/2214 2305/2504/2213
f 2300/2500/2209 2301/2499/2208 2308/2506/2215 2307/2507/2216
f 2301/2499/2208 2302/2501/2210 2309/2508/2217 2308/2506/2215
f 2302/2501/2210 2303/2502/2211 2310/2509/2218 2309/2508/2217
f 2303/2502/2211 2304/2503/2212 2311/2510/2219 2310/2509/2218
f 2304/2503/2212 2305/2504/2213 2312/2511/2220 2311/2510/2219
f 2305/2504/2213 2306/2505/2214 2313/2512/2221 2312/2511/2220
f 2307/2507/2216 2308/2506/2215 2315/2513/2222 2314/2514/2223
f 2308/2506/2215 2309/2508/2217 2316/2515/2224 2315/2513/2222
f 2309/2508/2217 2310/2509/2218 2317/2516/2225 2316/2515/2224
f 2310/2509/2218 2311/2510/2219 2318/2517/2226 2317/2516/2225
f 2311/2510/2219 2312/2511/2220 2319/2518/2227 2318/2517/2226
f 2312/2511/2220 2313/2512/2221 2320/2519/2228 2319/2518/2227
f 2314/2514/2223 2315/2513/2222 2322/2520/2229 2321/2521/2230
f 2315/2513/2222 2316/2515/2224 2323/2522/2231 2322/2520/2229
f 2316/2515/2224 2317/2516/2225 2324/2523/2232 2323/2522/2231
f 2317/2516/2225 2318/2517/2226 2325/2524/2233 2324/2523/2232
f 2318/2517/2226 2319/2518/2227 2326/2525/2234 2325/2524/2233
f 2319/2518/2227 2320/2519/2228 2327/2526/2235 2326/2525/2234
f 2187/2527/2236 2202/2528/2237 2279/2478/2187 2201/2529/2238
f 2202/2528/2237 2203/2530/2239 2280/2479/2188 2279/2478/2187
f 2203/2530/2239 2204/2531/2240 2281/2482/2191 2280/2479/2188
f 2204/2531/2240 2205/2532/2241 2282/2484/2193 2281/2482/2191
f 2205/2532/2241 2206/2533/2242 2283/2486/2195 2282/2484/2193
f 2206/2533/2242 2207/2534/2243 2284/2488/2197 2283/2486/2195
f 2207/2534/2243 2208/2535/2244 2285/2490/2199 2284/2488/2197
f 2208/2535/2244 2188/2536/2245 2209/2537/2246 2285/2490/2199
f 2285/2490/2199 2209/2537/2246 2210/2538/2247 2292/2491/2200
f 2292/2491/2200 2210/2538/2247 2211/2539/2248 2299/2498/2207
f 2299/2498/2207 2211/2539/2248 2212/2540/2249 2306/2505/2214
f 2306/2505/2214 2212/2540/2249 2213/2541/2250 2313/2512/2221
f 2313/2512/2221 2213/2541/2250 2214/2542/2251 2320/2519/2228
f 2320/2519/2228 2214/2542/2251 2215/2543/2252 2327/2526/2235
f 2327/2526/2235 2215/2543/2252 2190/2544/2253 2216/2545/2254
f 2326/2525/2234 2327/2526/2235 2216/2545/2254 2217/2546/2255
f 2325/2524/2233 2326/2525/2234 2217/2546/2255 2218/2547/2256
f 2324/2523/2232 2325/2524/2233 2218/2547/2256 2219/2548/2257
f 2323/2522/2231 2324/2523/2232 2219/2548/2257 2220/2549/2258
f 2322/2520/2229 2323/2522/2231 2220/2549/2258 2221/2550/2259
f 2321/2521/2230 2322/2520/2229 2221/2550/2259 2222/2551/2260
f 2195/2552/2261 2321/2521/2230 2222/2551/2260 2189/2553/2262
f 2196/2554/2263 2314/2514/2223 2321/2521/2230 2195/2552/2261
f 2197/2555/2264 2307/2507/2216 2314/2514/2223 2196/2554/2263
f 2198/2556/2265 2300/2500/2209 2307/2507/2216 2197/2555/2264
f 2199/2557/2266 2293/2493/2202 2300/2500/2209 2198/2556/2265
f 2200/2558/2267 2286/2481/2190 2293/2493/2202 2199/2557/2266
f 2201/2529/2238 2279/2478/2187 2286/2481/2190 2200/2558/2267
f 2328/2559/2268 2329/2560/2269 2336/2561/2270 2335/2562/2271
f 2329/2560/2269 2330/2563/2272 2337/2564/2273 2336/2561/2270
f 2330/2563/2272 2331/2565/2274 2338/2566/2275 2337/2564/2273
f 2331/2565/2274 2332/2567/2276 2339/2568/2277 2338/2566/2275
f 2332/2567/2276 2333/2569/2278 2340/2570/2279 2339/2568/2277
f 2333/2569/2278 2334/2571/2280 2341/2572/2281 2340/2570/2279
f 2335/2562/2271 2336/2561/2270 2343/2573/2282 2342/2574/2283
f 2336/2561/2270 2337/2564/2273 2344/2575/2284 2343/2573/2282
f 2337/2564/2273 2338/2566/2275 2345/2576/2285 2344/2575/2284
f 2338/2566/2275 2339/2568/2277 2346/2577/2286 2345/2576/2285
f 2339/2568/2277 2340/2570/2279 2347/2578/2287 2346/2577/2286
f 2340/2570/2279 2341/2572/2281 2348/2579/2288 2347/2578/2287
f 2342/2574/2283 2343/2573/2282 2350/2580/2289 2349/2581/2290
f 2343/2573/2282 2344/2575/2284 2351/2582/2291 2350/2580/2289
f 2344/2575/2284 2345/2576/2285 2352/2583/2292 2351/2582/2291
f 2345/2576/2285 2346/2577/2286 2353/2584/2293 2352/2583/2292
f 2346/2577/2286 2347/2578/2287 2354/2585/2294 2353/2584/2293
f 2347/2578/2287 2348/2579/2288 2355/2586/2295 2354/2585/2294
f 2349/2581/2290 2350/2580/2289 2357/2587/2296 2356/2588/2297
f 2350/2580/2289 2351/2582/2291 2358/2589/2298 2357/2587/2296
f 2351/2582/2291 2352/2583/2292 2359/2590/2299 2358/2589/2298
f 2352/2583/2292 2353/2584/2293 2360/2591/2300 2359/2590/2299
f 2353/2584/2293 2354/2585/2294 2361/2592/2301 2360/2591/2300
f 2354/2585/2294 2355/2586/2295 2362/2593/2302 2361/2592/2301
f 2356/2588/2297 2357/2587/2296 2364/2594/2303 2363/2595/2304
f 2357/2587/2296 2358/2589/2298 2365/2596/2305 2364/2594/2303
f 2358/2589/2298 2359/2590/2299 2366/2597/2306 2365/2596/2305
f 2359/2590/2299 2360/2591/2300 2367/2598/2307 2366/2597/2306
f 2360/2591/2300 2361/2592/2301 2368/2599/2308 2367/2598/2307
f 2361/2592/2301 2362/2593/2302 2369/2600/2309 2368/2599/2308
f 2363/2595/2304 2364/2594/2303 2371/2601/2310 2370/2602/2311
f 2364/2594/2303 2365/2596/2305 2372/2603/2312 2371/2601/2310
f 2365/2596/2305 2366/2597/2306 2373/2604/2313 2372/2603/2312
f 2366/2597/2306 2367/2598/2307 2374/2605/2314 2373/2604/2313
f 2367/2598/2307 2368/2599/2308 2375/2606/2315 2374/2605/2314
f 2368/2599/2308 2369/2600/2309 2376/2607/2316 2375/2606/2315
f 2189/2553/2262 2222/2551/2260 2328/2559/2268 2229/2608/2317
f 2222/2551/2260 2221/2550/2259 2329/2560/2269 2328/2559/2268
f 2221/2550/2259 2220/2549/2258 2330/2563/2272 2329/2560/2269
f 2220/2549/2258 2219/2548/2257 2331/2565/2274 2330/2563/2272
f 2219/2548/2257 2218/2547/2256 2332/2567/2276 2331/2565/2274
f 2218/2547/2256 2217/2546/2255 2333/2569/2278 2332/2567/2276
f 2217/2546/2255 2216/2545/2254 2334/2571/2280 2333/2569/2278
f 2216/2545/2254 2190/2544/2253 2230/2609/2318 2334/2571/2280
f 2334/2571/2280 2230/2609/2318 2231/2610/2319 2341/2572/2281
f 2341/2572/2281 2231/2610/2319 2232/2611/2320 2348/2579/2288
f 2348/2579/2288 2232/2611/2320 2233/2612/2321 2355/2586/2295
f 2355/2586/2295 2233/2612/2321 2234/2613/2322 2362/2593/2302
f 2362/2593/2302 2234/2613/2322 2235/2614/2323 2369/2600/2309
f 2369/2600/2309 2235/2614/2323 2236/2615/2324 2376/2607/2316
f 2376/2607/2316 2236/2615/2324 2194/2616/2325 2237/2617/2326
f 2375/2606/2315 2376/2607/2316 2237/2617/2326 2238/2618/2327
f 2374/2605/2314 2375/2606/2315 2238/2618/2327 2239/2619/2328
f 2373/2604/2313 2374/2605/2314 2239/2619/2328 2240/2620/2329
f 2372/2603/2312 2373/2604/2313 2240/2620/2329 2241/2621/2330
f 2371/2601/2310 2372/2603/2312 2241/2621/2330 2242/2622/2331
f 2370/2602/2311 2371/2601/2310 2242/2622/2331 2243/2623/2332
f 2223/2624/2333 2370/2602/2311 2243/2623/2332 2193/2625/2334
f 2224/2626/2335 2363/2595/2304 2370/2602/2311 2223/2624/2333
f 2225/2627/2336 2356/2588/2297 2363/2595/2304 2224/2626/2335
f 2226/2628/2337 2349/2581/2290 2356/2588/2297 2225/2627/2336
f 2227/2629/2338 2342/2574/2283 2349/2581/2290 2226/2628/2337
f 2228/2630/2339 2335/2562/2271 2342/2574/2283 2227/2629/2338
f 2229/2608/2317 2328/2559/2268 2335/2562/2271 2228/2630/2339
f 2377/2631/2340 2378/2632/2341 2385/2633/2342 2384/2634/2343
f 2378/2632/2341 2379/2635/2344 2386/2636/2345 2385/2633/2342
f 2379/2635/2344 2380/2637/2346 2387/2638/2347 2386/2636/2345
f 2380/2637/2346 2381/2639/2348 2388/2640/2349 2387/2638/2347
f 2381/2639/2348 2382/2641/2350 2389/2642/2351 2388/2640/2349
f 2382/2641/2350 2383/2643/2352 2390/2644/2353 2389/2642/2351
f 2384/2634/2343 2385/2633/2342 2392/2645/2354 2391/2646/2355
f 2385/2633/2342 2386/2636/2345 2393/2647/2356 2392/2645/2354
f 2386/2636/2345 2387/2638/2347 2394/2648/2357 2393/2647/2356
f 2387/2638/2347 2388/2640/2349 2395/2649/2358 2394/2648/2357
f 2388/2640/2349 2389/2642/2351 2396/2650/2359 2395/2649/2358
f 2389/2642/2351 2390/2644/2353 2397/2651/2360 2396/2650/2359
f 2391/2646/2355 2392/2645/2354 2399/2652/2361 2398/2653/2362
f 2392/2645/2354 2393/2647/2356 2400/2654/2363 2399/2652/2361
f 2393/2647/2356 2394/2648/2357 2401/2655/2364 2400/2654/2363
f 2394/2648/2357 2395/2649/2358 2402/2656/2365 2401/2655/2364
f 2395/2649/2358 2396/2650/2359 2403/2657/2366 2402/2656/2365
f 2396/2650/2359 2397/2651/2360 2404/2658/2367 2403/2657/2366
f 2398/2653/2362 2399/2652/2361 2406/2659/2368 2405/2660/2369
f 2399/2652/2361 2400/2654/2363 2407/2661/2370 2406/2659/2368
f 2400/2654/2363 2401/2655/2364 2408/2662/2371 2407/2661/2370
f 2401/2655/2364 2402/2656/2365 2409/2663/2372 2408/2662/2371
f 2402/2656/2365 2403/2657/2366 2410/2664/2373 2409/2663/2372
f 2403/2657/2366 2404/2658/2367 2411/2665/2374 2410/2664/2373
f 2405/2660/2369 2406/2659/2368 2413/2666/2375 2412/2667/2376
f 2406/2659/2368 2407/2661/2370 2414/2668/2377 2413/2666/2375
f 2407/2661/2370 2408/2662/2371 2415/2669/2378 2414/2668/2377
f 2408/2662/2371 2409/2663/2372 2416/2670/2379 2415/2669/2378
f 2409/2663/2372 2410/2664/2373 2417/2671/2380 2416/2670/2379
f 2410/2664/2373 2411/2665/2374 2418/2672/2381 2417/2671/2380
f 2412/2667/2376 2413/2666/2375 2420/2673/2382 2419/2674/2383
f 2413/2666/2375 2414/2668/2377 2421/2675/2384 2420/2673/2382
f 2414/2668/2377 2415/2669/2378 2422/2676/2385 2421/2675/2384
f 2415/2669/2378 2416/2670/2379 2423/2677/2386 2422/2676/2385
f 2416/2670/2379 2417/2671/2380 2424/2678/2387 2423/2677/2386
f 2417/2671/2380 2418/2672/2381 2425/2679/2388 2424/2678/2387
f 2193/2625/2334 2243/2623/2332 2377/2631/2340 2250/2680/2389
f 2243/2623/2332 2242/2622/2331 2378/2632/2341 2377/2631/2340
f 2242/2622/2331 2241/2621/2330 2379/2635/2344 2378/2632/2341
f 2241/2621/2330 2240/2620/2329 2380/2637/2346 2379/2635/2344
f 2240/2620/2329 2239/2619/2328 2381/2639/2348 2380/2637/2346
f 2239/2619/2328 2238/2618/2327 2382/2641/2350 2381/2639/2348
f 2238/2618/2327 2237/2617/2326 2383/2643/2352 2382/2641/2350
f 2237/2617/2326 2194/2616/2325 2251/2681/2390 2383/2643/2352
f 2383/2643/2352 2251/2681/2390 2252/2682/2391 2390/2644/2353
f 2390/2644/2353 2252/2682/2391 2253/2683/2392 2397/2651/2360
f 2397/2651/2360 2253/2683/2392 2254/2684/2393 2404/2658/2367
f 2404/2658/2367 2254/2684/2393 2255/2685/2394 2411/2665/2374
f 2411/2665/2374 2255/2685/2394 2256/2686/2395 2418/2672/2381
f 2418/2672/2381 2256/2686/2395 2257/2687/2396 2425/2679/2388
f 2425/2679/2388 2257/2687/2396 2192/2688/2397 2258/2689/2398
f 2424/2678/2387 2425/2679/2388 2258/2689/2398 2259/2690/2399
f 2423/2677/2386 2424/2678/2387 2259/2690/2399 2260/2691/2400
f 2422/2676/2385 2423/2677/2386 2260/2691/2400 2261/2692/2401
f 2421/2675/2384 2422/2676/2385 2261/2692/2401 2262/2693/2402
f 2420/2673/2382 2421/2675/2384 2262/2693/2402 2263/2694/2403
f 2419/2674/2383 2420/2673/2382 2263/2694/2403 2264/2695/2404
f 2244/2696/2405 2419/2674/2383 2264/2695/2404 2191/2697/2406
f 2245/2698/2407 2412/2667/2376 2419/2674/2383 2244/2696/2405
f 2246/2699/2408 2405/2660/2369 2412/2667/2376 2245/2698/2407
f 2247/2700/2409 2398/2653/2362 2405/2660/2369 2246/2699/2408
f 2248/2701/2410 2391/2646/2355 2398/2653/2362 2247/2700/2409
f 2249/2702/2411 2384/2634/2343 2391/2646/2355 2248/2701/2410
f 2250/2680/2389 2377/2631/2340 2384/2634/2343 2249/2702/2411
f 2426/2703/2412 2427/2704/2413 2434/2705/2414 2433/2706/2415
f 2427/2704/2413 2428/2707/2416 2435/2708/2417 2434/2705/2414
f 2428/2707/2416 2429/2709/2418 2436/2710/2419 2435/2708/2417
f 2429/2709/2418 2430/2711/2420 2437/2712/2421 2436/2710/2419
f 2430/2711/2420 2431/2713/2422 2438/2714/2423 2437/2712/2421
f 2431/2713/2422 2432/2715/2424 2439/2716/2425 2438/2714/2423
f 2433/2706/2415 2434/2705/2414 2441/2717/2426 2440/2718/2427
f 2434/2705/2414 2435/2708/2417 2442/2719/2428 2441/2717/2426
f 2435/2708/2417 2436/2710/2419 2443/2720/2429 2442/2719/2428
f 2436/2710/2419 2437/2712/2421 2444/2721/2430 2443/2720/2429
f 2437/2712/2421 2438/2714/2423 2445/2722/2431 2444/2721/2430
f 2438/2714/2423 2439/2716/2425 2446/2723/2432 2445/2722/2431
f 2440/2718/2427 2441/2717/2426 2448/2724/2433 2447/2725/2434
f 2441/2717/2426 2442/2719/2428 2449/2726/2435 2448/2724/2433
f 2442/2719/2428 2443/2720/2429 2450/2727/2436 2449/2726/2435
f 2443/2720/2429 2444/2721/2430 2451/2728/2437 2450/2727/2436
f 2444/2721/2430 2445/2722/2431 2452/2729/2438 2451/2728/2437
f 2445/2722/2431 2446/2723/2432 2453/2730/2439 2452/2729/2438
f 2447/2725/2434 2448/2724/2433 2455/2731/2440 2454/2732/2441
f 2448/2724/2433 2449/2726/2435 2456/2733/2442 2455/2731/2440
f 2449/2726/2435 2450/2727/2436 2457/2734/2443 2456/2733/2442
f 2450/2727/2436 2451/2728/2437 2458/2735/2444 2457/2734/2443
f 2451/2728/2437 2452/2729/2438 2459/2736/2445 2458/2735/2444
f 2452/2729/2438 2453/2730/2439 2460/2737/2446 2459/2736/2445
f 2454/2732/2441 2455/2731/2440 2462/2738/2447 2461/2739/2448
f 2455/2731/2440 2456/2733/2442 2463/2740/2449 2462/2738/2447
f 2456/2733/2442 2457/2734/2443 2464/2741/2450 2463/2740/2449
f 2457/2734/2443 2458/2735/2444 2465/2742/2451 2464/2741/2450
f 2458/2735/2444 2459/2736/2445 2466/2743/2452 2465/2742/2451
f 2459/2736/2445 2460/2737/2446 2467/2744/2453 2466/2743/2452
f 2461/2739/2448 2462/2738/2447 2469/2745/2454 2468/2746/2455
f 2462/2738/2447 2463/2740/2449 2470/2747/2456 2469/2745/2454
f 2463/2740/2449 2464/2741/2450 2471/2748/2457 2470/2747/2456
f 2464/2741/2450 2465/2742/2451 2472/2749/2458 2471/2748/2457
f 2465/2742/2451 2466/2743/2452 2473/2750/2459 2472/2749/2458
f 2466/2743/2452 2467/2744/2453 2474/2751/2460 2473/2750/2459
f 2191/2697/2406 2264/2695/2404 2426/2703/2412 2271/2752/2461
f 2264/2695/2404 2263/2694/2403 2427/2704/2413 2426/2703/2412
f 2263/2694/2403 2262/2693/2402 2428/2707/2416 2427/2704/2413
f 2262/2693/2402 2261/2692/2401 2429/2709/2418 2428/2707/2416
f 2261/2692/2401 2260/2691/2400 2430/2711/2420 2429/2709/2418
f 2260/2691/2400 2259/2690/2399 2431/2713/2422 2430/2711/2420
f 2259/2690/2399 2258/2689/2398 2432/2715/2424 2431/2713/2422
f 2258/2689/2398 2192/2688/2397 2272/2753/2462 2432/2715/2424
f 2432/2715/2424 2272/2753/2462 2273/2754/2463 2439/2716/2425
f 2439/2716/2425 2273/2754/2463 2274/2755/2464 2446/2723/2432
f 2446/2723/2432 2274/2755/2464 2275/2756/2465 2453/2730/2439
f 2453/2730/2439 2275/2756/2465 2276/2757/2466 2460/2737/2446
f 2460/2737/2446 2276/2757/2466 2277/2758/2467 2467/2744/2453
f 2467/2744/2453 2277/2758/2467 2278/2759/2468 2474/2751/2460
f 2474/2751/2460 2278/2759/2468 2188/2760/2245 2208/2761/2244
f 2473/2750/2459 2474/2751/2460 2208/2761/2244 2207/2762/2243
f 2472/2749/2458 2473/2750/2459 2207/2762/2243 2206/2763/2242
f 2471/2748/2457 2472/2749/2458 2206/2763/2242 2205/2764/2241
f 2470/2747/2456 2471/2748/2457 2205/2764/2241 2204/2765/2240
f 2469/2745/2454 2470/2747/2456 2204/2765/2240 2203/2766/2239
f 2468/2746/2455 2469/2745/2454 2203/2766/2239 2202/2767/2237
f 2265/2768/2469 2468/2746/2455 2202/2767/2237 2187/2769/2236
f 2266/2770/2470 2461/2739/2448 2468/2746/2455 2265/2768/2469
f 2267/2771/2471 2454/2732/2441 2461/2739/2448 2266/2770/2470
f 2268/2772/2472 2447/2725/2434 2454/2732/2441 2267/2771/2471
f 2269/2773/2473 2440/2718/2427 2447/2725/2434 2268/2772/2472
f 2270/2774/2474 2433/2706/2415 2440/2718/2427 2269/2773/2473
f 2271/2752/2461 2426/2703/2412 2433/2706/2415 2270/2774/2474
f 2475/2775/2475 2476/2776/2476 2483/2777/2477 2482/2778/2478
f 2476/2776/2476 2477/2779/2479 2484/2780/2480 2483/2777/2477
f 2477/2779/2479 2478/2781/2481 2485/2782/2482 2484/2780/2480
f 2478/2781/2481 2479/2783/2483 2486/2784/2484 2485/2782/2482
f 2479/2783/2483 2480/2785/2485 2487/2786/2486 2486/2784/2484
f 2480/2785/2485 2481/2787/2487 2488/2788/2488 2487/2786/2486
f 2482/2778/2478 2483/2777/2477 2490/2789/2489 2489/2790/2490
f 2483/2777/2477 2484/2780/2480 2491/2791/2491 2490/2789/2489
f 2484/2780/2480 2485/2782/2482 2492/2792/2492 2491/2791/2491
f 2485/2782/2482 2486/2784/2484 2493/2793/2493 2492/2792/2492
f 2486/2784/2484 2487/2786/2486 2494/2794/2494 2493/2793/2493
f 2487/2786/2486 2488/2788/2488 2495/2795/2495 2494/2794/2494
f 2489/2790/2490 2490/2789/2489 2497/2796/2496 2496/2797/2497
f 2490/2789/2489 2491/2791/2491 2498/2798/2498 2497/2796/2496
f 2491/2791/2491 2492/2792/2492 2499/2799/2499 2498/2798/2498
f 2492/2792/2492 2493/2793/2493 2500/2800/2500 2499/2799/2499
f 2493/2793/2493 2494/2794/2494 2501/2801/2501 2500/2800/2500
f 2494/2794/2494 2495/2795/2495 2502/2802/2502 2501/2801/2501
f 2496/2797/2497 2497/2796/2496 2504/2803/2503 2503/2804/2504
f 2497/2796/2496 2498/2798/2498 2505/2805/2505 2504/2803/2503
f 2498/2798/2498 2499/2799/2499 2506/2806/2506 2505/2805/2505
f 2499/2799/2499 2500/2800/2500 2507/2807/2507 2506/2806/2506
f 2500/2800/2500 2501/2801/2501 2508/2808/2508 2507/2807/2507
f 2501/2801/2501 2502/2802/2502 2509/2809/2509 2508/2808/2508
f 2503/2804/2504 2504/2803/2503 2511/2810/2510 2510/2811/2511
f 2504/2803/2503 2505/2805/2505 2512/2812/2512 2511/2810/2510
f 2505/2805/2505 2506/2806/2506 2513/2813/2513 2512/2812/2512
f 2506/2806/2506 2507/2807/2507 2514/2814/2514 2513/2813/2513
f 2507/2807/2507 2508/2808/2508 2515/2815/2515 2514/2814/2514
f 2508/2808/2508 2509/2809/2509 2516/2816/2516 2515/2815/2515
f 2510/2811/2511 2511/2810/2510 2518/2817/2517 2517/2818/2518
f 2511/2810/2510 2512/2812/2512 2519/2819/2519 2518/2817/2517
f 2512/2812/2512 2513/2813/2513 2520/2820/2520 2519/2819/2519
f 2513/2813/2513 2514/2814/2514 2521/2821/2521 2520/2820/2520
f 2514/2814/2514 2515/2815/2515 2522/2822/2522 2521/2821/2521
f 2515/2815/2515 2516/2816/2516 2523/2823/2523 2522/2822/2522
f 2189/2824/2262 2229/2825/2317 2475/2775/2475 2195/2826/2261
f 2229/2825/2317 2228/2827/2339 2476/2776/2476 2475/2775/2475
f 2228/2827/2339 2227/2828/2338 2477/2779/2479 2476/2776/2476
f 2227/2828/2338 2226/2829/2337 2478/2781/2481 2477/2779/2479
f 2226/2829/2337 2225/2830/2336 2479/2783/2483 2478/2781/2481
f 2225/2830/2336 2224/2831/2335 2480/2785/2485 2479/2783/2483
f 2224/2831/2335 2223/2832/2333 2481/2787/2487 2480/2785/2485
f 2223/2832/2333 2193/2625/2334 2250/2680/2389 2481/2787/2487
f 2481/2787/2487 2250/2680/2389 2249/2702/2411 2488/2788/2488
f 2488/2788/2488 2249/2702/2411 2248/2701/2410 2495/2795/2495
f 2495/2795/2495 2248/2701/2410 2247/2700/2409 2502/2802/2502
f 2502/2802/2502 2247/2700/2409 2246/2699/2408 2509/2809/2509
f 2509/2809/2509 2246/2699/2408 2245/2698/2407 2516/2816/2516
f 2516/2816/2516 2245/2698/2407 2244/2696/2405 2523/2823/2523
f 2523/2823/2523 2244/2696/2405 2191/2697/2406 2271/2833/2461
f 2522/2822/2522 2523/2823/2523 2271/2833/2461 2270/2834/2474
f 2521/2821/2521 2522/2822/2522 2270/2834/2474 2269/2835/2473
f 2520/2820/2520 2521/2821/2521 2269/2835/2473 2268/2836/2472
f 2519/2819/2519 2520/2820/2520 2268/2836/2472 2267/2837/2471
f 2518/2817/2517 2519/2819/2519 2267/2837/2471 2266/2838/2470
f 2517/2818/2518 2518/2817/2517 2266/2838/2470 2265/2839/2469
f 2201/2840/2238 2517/2818/2518 2265/2839/2469 2187/2841/2236
f 2200/2842/2267 2510/2811/2511 2517/2818/2518 2201/2840/2238
f 2199/2843/2266 2503/2804/2504 2510/2811/2511 2200/2842/2267
f 2198/2844/2265 2496/2797/2497 2503/2804/2504 2199/2843/2266
f 2197/2845/2264 2489/2790/2490 2496/2797/2497 2198/2844/2265
f 2196/2846/2263 2482/2778/2478 2489/2790/2490 2197/2845/2264
f 2195/2826/2261 2475/2775/2475 2482/2778/2478 2196/2846/2263
f 2524/2847/2524 2525/2848/2525 2532/2849/2526 2531/2850/2527
f 2525/2848/2525 2526/2851/2528 2533/2852/2529 2532/2849/2526
f 2526/2851/2528 2527/2853/2530 2534/2854/2531 2533/2852/2529
f 2527/2853/2530 2528/2855/2532 2535/2856/2533 2534/2854/2531
f 2528/2855/2532 2529/2857/2534 2536/2858/2535 2535/2856/2533
f 2529/2857/2534 2530/2859/2536 2537/2860/2537 2536/2858/2535
f 2531/2850/2527 2532/2849/2526 2539/2861/2538 2538/2862/2539
f 2532/2849/2526 2533/2852/2529 2540/2863/2540 2539/2861/2538
f 2533/2852/2529 2534/2854/2531 2541/2864/2541 2540/2863/2540
f 2534/2854/2531 2535/2856/2533 2542/2865/2542 2541/2864/2541
f 2535/2856/2533 2536/2858/2535 2543/2866/2543 2542/2865/2542
f 2536/2858/2535 2537/2860/2537 2544/2867/2544 2543/2866/2543
f 2538/2862/2539 2539/2861/2538 2546/2868/2545 2545/2869/2546
f 2539/2861/2538 2540/2863/2540 2547/2870/2547 2546/2868/2545
f 2540/2863/2540 2541/2864/2541 2548/2871/2548 2547/2870/2547
f 2541/2864/2541 2542/2865/2542 2549/2872/2549 2548/2871/2548
f 2542/2865/2542 2543/2866/2543 2550/2873/2550 2549/2872/2549
f 2543/2866/2543 2544/2867/2544 2551/2874/2551 2550/2873/2550
f 2545/2869/2546 2546/2868/2545 2553/2875/2552 2552/2876/2553
f 2546/2868/2545 2547/2870/2547 2554/2877/2554 2553/2875/2552
f 2547/2870/2547 2548/2871/2548 2555/2878/2555 2554/2877/2554
f 2548/2871/2548 2549/2872/2549 2556/2879/2556 2555/2878/2555
f 2549/2872/2549 2550/2873/2550 2557/2880/2557 2556/2879/2556
f 2550/2873/2550 2551/2874/2551 2558/2881/2558 2557/2880/2557
f 2552/2876/2553 2553/2875/2552 2560/2882/2559 2559/2883/2560
f 2553/2875/2552 2554/2877/2554 2561/2884/2561 2560/2882/2559
f 2554/2877/2554 2555/2878/2555 2562/2885/2562 2561/2884/2561
f 2555/2878/2555 2556/2879/2556 2563/2886/2563 2562/2885/2562
f 2556/2879/2556 2557/2880/2557 2564/2887/2564 2563/2886/2563
f 2557/2880/2557 2558/2881/2558 2565/2888/2565 2564/2887/2564
f 2559/2883/2560 2560/2882/2559 2567/2889/2566 2566/2890/2567
f 2560/2882/2559 2561/2884/2561 2568/2891/2568 2567/2889/2566
f 2561/2884/2561 2562/2885/2562 2569/2892/2569 2568/2891/2568
f 2562/2885/2562 2563/2886/2563 2570/2893/2570 2569/2892/2569
f 2563/2886/2563 2564/2887/2564 2571/2894/2571 2570/2893/2570
f 2564/2887/2564 2565/2888/2565 2572/2895/2572 2571/2894/2571
f 2194/2616/2325 2236/2896/2324 2524/2847/2524 2251/2681/2390
f 2236/2896/2324 2235/2897/2323 2525/2848/2525 2524/2847/2524
f 2235/2897/2323 2234/2898/2322 2526/2851/2528 2525/2848/2525
f 2234/2898/2322 2233/2899/2321 2527/2853/2530 2526/2851/2528
f 2233/2899/2321 2232/2900/2320 2528/2855/2532 2527/2853/2530
f 2232/2900/2320 2231/2901/2319 2529/2857/2534 2528/2855/2532
f 2231/2901/2319 2230/2902/2318 2530/2859/2536 2529/2857/2534
f 2230/2902/2318 2190/2903/2253 2215/2904/2252 2530/2859/2536
f 2530/2859/2536 2215/2904/2252 2214/2905/2251 2537/2860/2537
f 2537/2860/2537 2214/2905/2251 2213/2906/2250 2544/2867/2544
f 2544/2867/2544 2213/2906/2250 2212/2907/2249 2551/2874/2551
f 2551/2874/2551 2212/2907/2249 2211/2908/2248 2558/2881/2558
f 2558/2881/2558 2211/2908/2248 2210/2909/2247 2565/2888/2565
f 2565/2888/2565 2210/2909/2247 2209/2910/2246 2572/2895/2572
f 2572/2895/2572 2209/2910/2246 2188/2911/2245 2278/2912/2468
f 2571/2894/2571 2572/2895/2572 2278/2912/2468 2277/2913/2467
f 2570/2893/2570 2571/2894/2571 2277/2913/2467 2276/2914/2466
f 2569/2892/2569 2570/2893/2570 2276/2914/2466 2275/2915/2465
f 2568/2891/2568 2569/2892/2569 2275/2915/2465 2274/2916/2464
f 2567/2889/2566 2568/2891/2568 2274/2916/2464 2273/2917/2463
f 2566/2890/2567 2567/2889/2566 2273/2917/2463 2272/2918/2462
f 2257/2687/2396 2566/2890/2567 2272/2918/2462 2192/2688/2397
f 2256/2686/2395 2559/2883/2560 2566/2890/2567 2257/2687/2396
f 2255/2685/2394 2552/2876/2553 2559/2883/2560 2256/2686/2395
f 2254/2684/2393 2545/2869/2546 2552/2876/2553 2255/2685/2394
f 2253/2683/2392 2538/2862/2539 2545/2869/2546 2254/2684/2393
f 2252/2682/2391 2531/2850/2527 2538/2862/2539 2253/2683/2392
f 2251/2681/2390 2524/2847/2524 2531/2850/2527 2252/2682/2391
o Cubo.007
v 0.122134 0.503811 0.523308
v 0.122134 0.657951 0.523308
v 0.122134 0.503811 0.209998
v 0.122134 0.657951 0.209998
v 0.396617 0.503811 0.523308
v 0.396617 0.657951 0.523308
v 0.396617 0.503811 0.209998
v 0.396617 0.657951 0.209998
v 0.112495 0.498398 0.235422
v 0.102114 0.492568 0.273709
v 0.094785 0.488453 0.318591
v 0.092059 0.486921 0.366653
v 0.094785 0.488453 0.414716
v 0.102115 0.492568 0.459597
v 0.112495 0.498398 0.497883
v 0.112495 0.516319 0.534312
v 0.102115 0.535155 0.546159
v 0.094785 0.557236 0.554526
v 0.092059 0.580881 0.557637
v 0.094785 0.604526 0.554526
v 0.102114 0.626607 0.546159
v 0.112495 0.645443 0.534312
v 0.112495 0.663365 0.497883
v 0.102115 0.669194 0.459597
v 0.094785 0.673310 0.414716
v 0.092059 0.674841 0.366653
v 0.094785 0.673310 0.318591
v 0.102114 0.669194 0.273709
v 0.112495 0.663365 0.235422
v 0.112495 0.645443 0.198994
v 0.102115 0.626607 0.187147
v 0.094785 0.604526 0.178780
v 0.092059 0.580881 0.175669
v 0.094785 0.557236 0.178780
v 0.102115 0.535154 0.187147
v 0.112495 0.516319 0.198994
v 0.374342 0.498397 0.198994
v 0.340801 0.492568 0.187147
v 0.301482 0.488452 0.178780
v 0.259376 0.486921 0.175669
v 0.217270 0.488452 0.178780
v 0.177950 0.492568 0.187147
v 0.144408 0.498397 0.198994
v 0.144408 0.663365 0.198994
v 0.177950 0.669194 0.187147
v 0.217270 0.673310 0.178780
v 0.259376 0.674840 0.175669
v 0.301481 0.673310 0.178780
v 0.340801 0.669194 0.187147
v 0.374342 0.663365 0.198994
v 0.406256 0.645443 0.198994
v 0.416636 0.626607 0.187147
v 0.423965 0.604526 0.178780
v 0.426692 0.580881 0.175669
v 0.423965 0.557236 0.178780
v 0.416636 0.535154 0.187147
v 0.406256 0.516319 0.198994
v 0.406256 0.498398 0.497883
v 0.416636 0.492568 0.459597
v 0.423965 0.488453 0.414716
v 0.426692 0.486921 0.366653
v 0.423965 0.488453 0.318591
v 0.416636 0.492568 0.273709
v 0.406256 0.498398 0.235422
v 0.406256 0.663365 0.235422
v 0.416636 0.669194 0.273709
v 0.423965 0.673310 0.318591
v 0.426692 0.674841 0.366653
v 0.423965 0.673310 0.414716
v 0.416636 0.669194 0.459597
v 0.406256 0.663365 0.497883
v 0.406256 0.645443 0.534312
v 0.416636 0.626607 0.546159
v 0.423965 0.604526 0.554526
v 0.426692 0.580881 0.557637
v 0.423965 0.557236 0.554526
v 0.416636 0.535155 0.546159
v 0.406256 0.516319 0.534312
v 0.144408 0.498398 0.534312
v 0.177950 0.492568 0.546159
v 0.217270 0.488453 0.554526
v 0.259376 0.486921 0.557637
v 0.301482 0.488453 0.554526
v 0.340801 0.492568 0.546159
v 0.374342 0.498398 0.534312
v 0.374342 0.663365 0.534312
v 0.340801 0.669194 0.546159
v 0.301482 0.673310 0.554526
v 0.259376 0.674841 0.557637
v 0.217270 0.673310 0.554526
v 0.177950 0.669194 0.546159
v 0.144408 0.663365 0.534312
v 0.091814 0.514330 0.501928
v 0.077082 0.534179 0.509305
v 0.067779 0.556821 0.515287
v 0.064506 0.580881 0.517665
v 0.067779 0.604942 0.515287
v 0.077082 0.627584 0.509305
v 0.091814 0.647433 0.501928
v 0.077082 0.510700 0.461581
v 0.059280 0.532148 0.465709
v 0.048450 0.555922 0.469441
v 0.044777 0.580881 0.471031
v 0.048450 0.605839 0.469441
v 0.059280 0.629614 0.465709
v 0.077082 0.651062 0.461581
v 0.067779 0.507756 0.415558
v 0.048450 0.530312 0.417383
v 0.036807 0.555049 0.419159
v 0.032910 0.580881 0.419952
v 0.036807 0.606713 0.419159
v 0.048450 0.631451 0.417383
v 0.067779 0.654005 0.415558
v 0.064506 0.506586 0.366653
v 0.044777 0.529530 0.366653
v 0.032910 0.554660 0.366653
v 0.028945 0.580881 0.366653
v 0.032910 0.607103 0.366653
v 0.044777 0.632231 0.366653
v 0.064506 0.655176 0.366653
v 0.067779 0.507756 0.317749
v 0.048450 0.530311 0.315923
v 0.036807 0.555049 0.314147
v 0.032910 0.580881 0.313355
v 0.036807 0.606713 0.314147
v 0.048450 0.631451 0.315923
v 0.067779 0.654005 0.317749
v 0.077082 0.510700 0.271726
v 0.059280 0.532148 0.267597
v 0.048450 0.555922 0.263865
v 0.044777 0.580881 0.262276
v 0.048450 0.605839 0.263865
v 0.059280 0.629614 0.267597
v 0.077082 0.651062 0.271726
v 0.091814 0.514330 0.231379
v 0.077082 0.534179 0.224002
v 0.067779 0.556821 0.218018
v 0.064506 0.580881 0.215640
v 0.067779 0.604942 0.218018
v 0.077082 0.627584 0.224002
v 0.091814 0.647433 0.231379
v 0.140865 0.514329 0.175389
v 0.134402 0.534179 0.158573
v 0.129161 0.556821 0.147953
v 0.127078 0.580881 0.144219
v 0.129161 0.604941 0.147953
v 0.134402 0.627583 0.158573
v 0.140865 0.647433 0.175389
v 0.176211 0.510699 0.158573
v 0.172595 0.532147 0.138253
v 0.169326 0.555922 0.125891
v 0.167934 0.580881 0.121697
v 0.169326 0.605839 0.125891
v 0.172595 0.629614 0.138253
v 0.176211 0.651062 0.158573
v 0.216531 0.507756 0.147953
v 0.214933 0.530311 0.125891
v 0.213377 0.555049 0.112600
v 0.212682 0.580881 0.108152
v 0.213377 0.606712 0.112600
v 0.214933 0.631450 0.125891
v 0.216531 0.654005 0.147953
v 0.259376 0.506586 0.144219
v 0.259376 0.529530 0.121697
v 0.259376 0.554659 0.108152
v 0.259376 0.580881 0.103626
v 0.259376 0.607103 0.108152
v 0.259376 0.632231 0.121697
v 0.259376 0.655175 0.144219
v 0.302219 0.507756 0.147953
v 0.303818 0.530311 0.125891
v 0.305374 0.555049 0.112600
v 0.306069 0.580881 0.108152
v 0.305374 0.606712 0.112600
v 0.303818 0.631450 0.125891
v 0.302219 0.654005 0.147953
v 0.342539 0.510699 0.158573
v 0.346155 0.532147 0.138253
v 0.349425 0.555922 0.125891
v 0.350816 0.580881 0.121697
v 0.349425 0.605839 0.125891
v 0.346155 0.629614 0.138253
v 0.342539 0.651062 0.158573
v 0.377886 0.514329 0.175389
v 0.384348 0.534179 0.158573
v 0.389590 0.556821 0.147953
v 0.391673 0.580881 0.144219
v 0.389590 0.604941 0.147953
v 0.384348 0.627583 0.158573
v 0.377886 0.647433 0.175389
v 0.426937 0.514330 0.231379
v 0.441669 0.534179 0.224002
v 0.450972 0.556821 0.218018
v 0.454244 0.580881 0.215640
v 0.450972 0.604942 0.218018
v 0.441669 0.627584 0.224002
v 0.426937 0.647433 0.231379
v 0.441669 0.510700 0.271726
v 0.459471 0.532148 0.267597
v 0.470300 0.555922 0.263865
v 0.473975 0.580881 0.262276
v 0.470300 0.605839 0.263865
v 0.459471 0.629614 0.267597
v 0.441669 0.651062 0.271726
v 0.450972 0.507756 0.317749
v 0.470300 0.530311 0.315923
v 0.481943 0.555049 0.314147
v 0.485841 0.580881 0.313355
v 0.481943 0.606713 0.314147
v 0.470300 0.631451 0.315923
v 0.450972 0.654005 0.317749
v 0.454244 0.506586 0.366653
v 0.473974 0.529530 0.366653
v 0.485841 0.554660 0.366653
v 0.489806 0.580881 0.366653
v 0.485841 0.607103 0.366653
v 0.473974 0.632231 0.366653
v 0.454244 0.655176 0.366653
v 0.450972 0.507756 0.415558
v 0.470300 0.530312 0.417383
v 0.481943 0.555049 0.419159
v 0.485841 0.580881 0.419952
v 0.481943 0.606713 0.419159
v 0.470300 0.631451 0.417383
v 0.450972 0.654005 0.415558
v 0.441669 0.510700 0.461581
v 0.459471 0.532148 0.465709
v 0.470300 0.555922 0.469441
v 0.473975 0.580881 0.471031
v 0.470300 0.605839 0.469441
v 0.459471 0.629614 0.465709
v 0.441669 0.651062 0.461581
v 0.426937 0.514330 0.501928
v 0.441669 0.534179 0.509305
v 0.450972 0.556821 0.515287
v 0.454244 0.580881 0.517665
v 0.450972 0.604942 0.515287
v 0.441669 0.627584 0.509305
v 0.426937 0.647433 0.501928
v 0.377886 0.514330 0.557917
v 0.384348 0.534179 0.574734
v 0.389590 0.556821 0.585353
v 0.391673 0.580881 0.589089
v 0.389590 0.604942 0.585353
v 0.384348 0.627584 0.574734
v 0.377886 0.647433 0.557917
v 0.342539 0.510700 0.574734
v 0.346155 0.532148 0.595054
v 0.349425 0.555922 0.607414
v 0.350816 0.580881 0.611609
v 0.349425 0.605839 0.607414
v 0.346155 0.629614 0.595054
v 0.342539 0.651062 0.574734
v 0.302219 0.507756 0.585353
v 0.303818 0.530312 0.607414
v 0.305374 0.555049 0.620705
v 0.306069 0.580881 0.625155
v 0.305374 0.606713 0.620705
v 0.303818 0.631451 0.607414
v 0.302219 0.654005 0.585353
v 0.259376 0.506586 0.589089
v 0.259376 0.529530 0.611609
v 0.259376 0.554660 0.625155
v 0.259376 0.580881 0.629680
v 0.259376 0.607103 0.625155
v 0.259376 0.632231 0.611609
v 0.259376 0.655176 0.589089
v 0.216531 0.507756 0.585353
v 0.214933 0.530312 0.607414
v 0.213377 0.555049 0.620705
v 0.212682 0.580881 0.625155
v 0.213377 0.606713 0.620705
v 0.214933 0.631451 0.607414
v 0.216531 0.654005 0.585353
v 0.176211 0.510700 0.574734
v 0.172595 0.532148 0.595054
v 0.169326 0.555922 0.607414
v 0.167934 0.580881 0.611609
v 0.169326 0.605839 0.607414
v 0.172595 0.629614 0.595054
v 0.176211 0.651062 0.574734
v 0.140865 0.514330 0.557917
v 0.134402 0.534179 0.574734
v 0.129161 0.556821 0.585353
v 0.127078 0.580881 0.589089
v 0.129161 0.604942 0.585353
v 0.134402 0.627584 0.574734
v 0.140865 0.647433 0.557917
v 0.140865 0.486784 0.231379
v 0.176211 0.478510 0.224002
v 0.216531 0.473286 0.218018
v 0.259376 0.471449 0.215640
v 0.302219 0.473286 0.218018
v 0.342539 0.478510 0.224002
v 0.377886 0.486784 0.231379
v 0.134402 0.478510 0.271726
v 0.172595 0.468512 0.267597
v 0.214933 0.462433 0.263865
v 0.259376 0.460369 0.262276
v 0.303818 0.462433 0.263865
v 0.346155 0.468512 0.267597
v 0.384348 0.478510 0.271726
v 0.129161 0.473286 0.317749
v 0.169326 0.462433 0.315923
v 0.213377 0.455893 0.314147
v 0.259376 0.453705 0.313355
v 0.305374 0.455893 0.314147
v 0.349425 0.462433 0.315923
v 0.389590 0.473286 0.317749
v 0.127078 0.471449 0.366653
v 0.167934 0.460369 0.366653
v 0.212682 0.453705 0.366653
v 0.259376 0.451478 0.366653
v 0.306069 0.453705 0.366653
v 0.350816 0.460369 0.366653
v 0.391673 0.471449 0.366653
v 0.129161 0.473286 0.415558
v 0.169326 0.462433 0.417383
v 0.213377 0.455893 0.419159
v 0.259376 0.453705 0.419952
v 0.305374 0.455893 0.419159
v 0.349425 0.462433 0.417383
v 0.389590 0.473286 0.415558
v 0.134402 0.478510 0.461581
v 0.172595 0.468512 0.465709
v 0.214933 0.462433 0.469442
v 0.259376 0.460369 0.471031
v 0.303818 0.462433 0.469442
v 0.346155 0.468512 0.465709
v 0.384348 0.478510 0.461581
v 0.140865 0.486784 0.501928
v 0.176211 0.478510 0.509305
v 0.216531 0.473286 0.515287
v 0.259376 0.471449 0.517665
v 0.302219 0.473286 0.515287
v 0.342539 0.478510 0.509305
v 0.377886 0.486784 0.501928
v 0.377886 0.674978 0.231379
v 0.342539 0.683252 0.224002
v 0.302219 0.688476 0.218018
v 0.259376 0.690314 0.215640
v 0.216531 0.688476 0.218018
v 0.176211 0.683252 0.224002
v 0.140865 0.674978 0.231379
v 0.384348 0.683252 0.271726
v 0.346155 0.693248 0.267597
v 0.303818 0.699330 0.263865
v 0.259376 0.701394 0.262276
v 0.214933 0.699330 0.263865
v 0.172595 0.693248 0.267597
v 0.134402 0.683252 0.271726
v 0.389590 0.688476 0.317749
v 0.349425 0.699330 0.315923
v 0.305374 0.705869 0.314147
v 0.259376 0.708057 0.313355
v 0.213377 0.705869 0.314147
v 0.169326 0.699330 0.315923
v 0.129161 0.688476 0.317749
v 0.391673 0.690314 0.366653
v 0.350816 0.701394 0.366653
v 0.306069 0.708058 0.366653
v 0.259376 0.710284 0.366653
v 0.212682 0.708057 0.366653
v 0.167934 0.701394 0.366653
v 0.127078 0.690314 0.366653
v 0.389590 0.688476 0.415558
v 0.349425 0.699330 0.417383
v 0.305374 0.705869 0.419159
v 0.259376 0.708058 0.419952
v 0.213377 0.705869 0.419159
v 0.169326 0.699330 0.417383
v 0.129161 0.688476 0.415558
v 0.384348 0.683252 0.461581
v 0.346155 0.693248 0.465709
v 0.303818 0.699330 0.469441
v 0.259376 0.701394 0.471031
v 0.214933 0.699330 0.469441
v 0.172595 0.693248 0.465709
v 0.134402 0.683252 0.461581
v 0.377886 0.674978 0.501928
v 0.342539 0.683252 0.509305
v 0.302219 0.688476 0.515287
v 0.259376 0.690314 0.517665
v 0.216531 0.688476 0.515287
v 0.176211 0.683252 0.509305
v 0.140865 0.674978 0.501928
vn -0.6097 -0.7112 0.3499
vn -0.7331 -0.5430 0.4096
vn -0.7925 -0.5472 0.2692
vn -0.6425 -0.7297 0.2341
vn -0.8339 -0.3061 0.4592
vn -0.9058 -0.3014 0.2978
vn -0.8770 -0.0000 0.4805
vn -0.9510 -0.0000 0.3093
vn -0.8339 0.3060 0.4592
vn -0.9058 0.3014 0.2978
vn -0.7331 0.5430 0.4096
vn -0.7925 0.5472 0.2692
vn -0.6097 0.7112 0.3499
vn -0.6425 0.7297 0.2341
vn -0.8239 -0.5504 0.1350
vn -0.6615 -0.7404 0.1194
vn -0.9432 -0.2981 0.1466
vn -0.9885 -0.0000 0.1511
vn -0.9432 0.2981 0.1466
vn -0.8239 0.5504 0.1349
vn -0.6615 0.7404 0.1194
vn -0.8341 -0.5516 -0.0000
vn -0.6681 -0.7441 -0.0000
vn -0.9549 -0.2968 -0.0000
vn -1.0000 -0.0000 -0.0000
vn -0.9549 0.2968 -0.0000
vn -0.8341 0.5516 -0.0000
vn -0.6681 0.7441 -0.0000
vn -0.8239 -0.5504 -0.1350
vn -0.6615 -0.7404 -0.1194
vn -0.9432 -0.2981 -0.1466
vn -0.9885 -0.0000 -0.1511
vn -0.9432 0.2981 -0.1466
vn -0.8239 0.5504 -0.1349
vn -0.6615 0.7404 -0.1194
vn -0.7925 -0.5472 -0.2692
vn -0.6424 -0.7297 -0.2341
vn -0.9058 -0.3014 -0.2978
vn -0.9510 -0.0000 -0.3093
vn -0.9058 0.3014 -0.2978
vn -0.7925 0.5472 -0.2692
vn -0.6425 0.7297 -0.2341
vn -0.7331 -0.5430 -0.4096
vn -0.6097 -0.7112 -0.3499
vn -0.8339 -0.3061 -0.4592
vn -0.8770 -0.0000 -0.4805
vn -0.8339 0.3061 -0.4592
vn -0.7331 0.5430 -0.4096
vn -0.6096 0.7113 -0.3499
vn -0.4498 -0.8014 0.3943
vn -0.5346 -0.7035 0.4683
vn -0.4667 -0.8312 0.3023
vn -0.6298 -0.5468 0.5517
vn -0.7143 -0.3131 0.6259
vn -0.7522 -0.0000 0.6589
vn -0.7144 0.3131 0.6258
vn -0.6298 0.5468 0.5517
vn -0.5345 0.7036 0.4683
vn -0.4499 0.8013 0.3943
vn -0.4667 0.8311 0.3023
vn -0.4793 0.8535 0.2047
vn -0.4870 0.8671 0.1050
vn -0.4896 0.8719 -0.0000
vn -0.4870 0.8671 -0.1050
vn -0.4793 0.8535 -0.2047
vn -0.4667 0.8311 -0.3023
vn -0.4499 0.8013 -0.3943
vn -0.5346 0.7035 -0.4683
vn -0.6298 0.5468 -0.5517
vn -0.7144 0.3131 -0.6258
vn -0.7522 -0.0000 -0.6589
vn -0.7144 -0.3131 -0.6258
vn -0.6298 -0.5468 -0.5517
vn -0.5345 -0.7036 -0.4683
vn -0.4668 -0.8311 -0.3023
vn -0.4499 -0.8014 -0.3943
vn -0.4793 -0.8535 -0.2047
vn -0.4870 -0.8671 -0.1050
vn -0.4896 -0.8719 -0.0000
vn -0.4870 -0.8671 0.1050
vn -0.4793 -0.8535 0.2047
vn -0.4097 -0.7294 -0.5478
vn -0.4859 -0.5643 -0.6674
vn -0.3285 -0.5847 -0.7418
vn -0.2785 -0.7605 -0.5866
vn -0.5519 -0.3220 -0.7692
vn -0.3717 -0.3296 -0.8679
vn -0.5811 -0.0000 -0.8138
vn -0.3902 -0.0000 -0.9207
vn -0.5519 0.3221 -0.7692
vn -0.3717 0.3295 -0.8679
vn -0.4859 0.5643 -0.6674
vn -0.3284 0.5847 -0.7418
vn -0.4097 0.7294 -0.5478
vn -0.2785 0.7605 -0.5865
vn -0.1673 -0.5979 -0.7839
vn -0.1435 -0.7793 -0.6100
vn -0.1871 -0.3334 -0.9240
vn -0.1960 -0.0000 -0.9806
vn -0.1871 0.3334 -0.9240
vn -0.1672 0.5979 -0.7840
vn -0.1435 0.7793 -0.6100
vn -0.0000 -0.6023 -0.7983
vn -0.0000 -0.7860 -0.6182
vn -0.0000 -0.3343 -0.9425
vn -0.0000 -0.0000 -1.0000
vn -0.0000 0.3343 -0.9425
vn -0.0000 0.6024 -0.7982
vn -0.0000 0.7860 -0.6182
vn 0.1673 -0.5979 -0.7839
vn 0.1435 -0.7793 -0.6100
vn 0.1871 -0.3334 -0.9240
vn 0.1949 -0.0000 -0.9808
vn 0.1871 0.3334 -0.9240
vn 0.1672 0.5979 -0.7840
vn 0.1435 0.7793 -0.6100
vn 0.3285 -0.5847 -0.7418
vn 0.2785 -0.7605 -0.5866
vn 0.3717 -0.3295 -0.8679
vn 0.3903 -0.0000 -0.9207
vn 0.3717 0.3295 -0.8679
vn 0.3284 0.5847 -0.7418
vn 0.2785 0.7605 -0.5865
vn 0.4859 -0.5643 -0.6674
vn 0.4097 -0.7295 -0.5477
vn 0.5519 -0.3221 -0.7692
vn 0.5811 -0.0000 -0.8138
vn 0.5519 0.3221 -0.7692
vn 0.4859 0.5643 -0.6674
vn 0.4097 0.7295 -0.5478
vn -0.3490 -0.8409 -0.4137
vn -0.3490 0.8409 -0.4137
vn -0.2386 0.8714 -0.4287
vn -0.1231 0.8905 -0.4381
vn -0.0000 0.8973 -0.4414
vn 0.1231 0.8905 -0.4381
vn 0.2386 0.8714 -0.4287
vn 0.3490 0.8409 -0.4137
vn 0.4499 0.8013 -0.3943
vn 0.5346 0.7035 -0.4683
vn 0.6298 0.5468 -0.5517
vn 0.7144 0.3131 -0.6258
vn 0.7522 -0.0000 -0.6589
vn 0.7144 -0.3131 -0.6258
vn 0.6298 -0.5468 -0.5517
vn 0.5345 -0.7036 -0.4683
vn 0.3490 -0.8409 -0.4137
vn 0.4499 -0.8014 -0.3943
vn 0.2386 -0.8714 -0.4287
vn 0.1231 -0.8905 -0.4381
vn -0.0000 -0.8973 -0.4415
vn -0.1231 -0.8905 -0.4381
vn -0.2386 -0.8714 -0.4287
vn 0.6097 -0.7112 -0.3499
vn 0.7330 -0.5430 -0.4097
vn 0.7925 -0.5472 -0.2692
vn 0.6425 -0.7297 -0.2341
vn 0.8339 -0.3061 -0.4592
vn 0.9058 -0.3014 -0.2978
vn 0.8770 -0.0000 -0.4805
vn 0.9510 -0.0000 -0.3093
vn 0.8339 0.3061 -0.4592
vn 0.9058 0.3013 -0.2978
vn 0.7330 0.5430 -0.4097
vn 0.7925 0.5472 -0.2692
vn 0.6097 0.7112 -0.3499
vn 0.6424 0.7297 -0.2341
vn 0.8239 -0.5504 -0.1350
vn 0.6615 -0.7404 -0.1194
vn 0.9432 -0.2981 -0.1466
vn 0.9885 -0.0000 -0.1511
vn 0.9432 0.2981 -0.1466
vn 0.8239 0.5504 -0.1349
vn 0.6615 0.7404 -0.1194
vn 0.8341 -0.5516 -0.0000
vn 0.6681 -0.7441 -0.0000
vn 0.9549 -0.2968 -0.0000
vn 1.0000 -0.0000 -0.0000
vn 0.9549 0.2968 -0.0000
vn 0.8341 0.5516 -0.0000
vn 0.6681 0.7441 -0.0000
vn 0.8239 -0.5504 0.1350
vn 0.6615 -0.7404 0.1194
vn 0.9432 -0.2981 0.1466
vn 0.9885 -0.0000 0.1511
vn 0.9432 0.2981 0.1466
vn 0.8239 0.5504 0.1349
vn 0.6615 0.7404 0.1194
vn 0.7925 -0.5472 0.2692
vn 0.6424 -0.7297 0.2341
vn 0.9058 -0.3014 0.2978
vn 0.9509 -0.0000 0.3096
vn 0.9058 0.3014 0.2978
vn 0.7925 0.5472 0.2692
vn 0.6425 0.7297 0.2341
vn 0.7331 -0.5430 0.4096
vn 0.6097 -0.7112 0.3499
vn 0.8339 -0.3060 0.4592
vn 0.8770 -0.0000 0.4805
vn 0.8339 0.3060 0.4592
vn 0.7331 0.5430 0.4096
vn 0.6097 0.7112 0.3499
vn 0.4668 -0.8311 -0.3023
vn 0.4667 0.8311 -0.3023
vn 0.4793 0.8535 -0.2047
vn 0.4870 0.8671 -0.1050
vn 0.4896 0.8719 -0.0000
vn 0.4870 0.8671 0.1050
vn 0.4793 0.8535 0.2047
vn 0.4667 0.8311 0.3023
vn 0.4498 0.8014 0.3943
vn 0.5346 0.7035 0.4683
vn 0.6298 0.5468 0.5517
vn 0.7144 0.3131 0.6258
vn 0.7523 -0.0000 0.6589
vn 0.7144 -0.3131 0.6258
vn 0.6298 -0.5468 0.5517
vn 0.5346 -0.7035 0.4683
vn 0.4668 -0.8311 0.3023
vn 0.4498 -0.8014 0.3943
vn 0.4793 -0.8535 0.2047
vn 0.4870 -0.8671 0.1050
vn 0.4896 -0.8719 -0.0000
vn 0.4870 -0.8671 -0.1050
vn 0.4793 -0.8535 -0.2047
vn 0.4097 -0.7295 0.5478
vn 0.4859 -0.5643 0.6674
vn 0.3285 -0.5847 0.7418
vn 0.2785 -0.7605 0.5865
vn 0.5519 -0.3221 0.7692
vn 0.3717 -0.3296 0.8679
vn 0.5811 -0.0000 0.8138
vn 0.3904 -0.0000 0.9206
vn 0.5519 0.3221 0.7692
vn 0.3717 0.3296 0.8679
vn 0.4859 0.5643 0.6674
vn 0.3284 0.5847 0.7418
vn 0.4097 0.7294 0.5478
vn 0.2785 0.7605 0.5866
vn 0.1673 -0.5979 0.7839
vn 0.1435 -0.7793 0.6100
vn 0.1871 -0.3334 0.9240
vn 0.1952 -0.0000 0.9808
vn 0.1871 0.3334 0.9240
vn 0.1672 0.5979 0.7840
vn 0.1435 0.7793 0.6100
vn -0.0000 -0.6024 0.7982
vn -0.0000 -0.7860 0.6182
vn -0.0000 -0.3343 0.9425
vn -0.0000 -0.0000 1.0000
vn -0.0000 0.3343 0.9425
vn -0.0000 0.6024 0.7982
vn -0.0000 0.7860 0.6182
vn -0.1673 -0.5979 0.7839
vn -0.1435 -0.7793 0.6100
vn -0.1871 -0.3333 0.9241
vn -0.1952 -0.0000 0.9808
vn -0.1871 0.3333 0.9241
vn -0.1672 0.5979 0.7840
vn -0.1435 0.7793 0.6100
vn -0.3285 -0.5847 0.7418
vn -0.2785 -0.7605 0.5865
vn -0.3717 -0.3296 0.8679
vn -0.3903 -0.0000 0.9207
vn -0.3717 0.3296 0.8679
vn -0.3284 0.5847 0.7418
vn -0.2785 0.7605 0.5866
vn -0.4859 -0.5643 0.6674
vn -0.4097 -0.7294 0.5478
vn -0.5519 -0.3221 0.7692
vn -0.5810 -0.0000 0.8139
vn -0.5519 0.3221 0.7692
vn -0.4859 0.5643 0.6674
vn -0.4097 0.7294 0.5478
vn 0.3490 -0.8409 0.4137
vn 0.3490 0.8409 0.4137
vn 0.2386 0.8714 0.4287
vn 0.1231 0.8905 0.4381
vn -0.0000 0.8973 0.4414
vn -0.1231 0.8905 0.4381
vn -0.2386 0.8714 0.4287
vn -0.3490 0.8409 0.4137
vn -0.3490 -0.8409 0.4137
vn -0.2386 -0.8714 0.4287
vn -0.1231 -0.8905 0.4381
vn -0.0000 -0.8973 0.4415
vn 0.1231 -0.8905 0.4381
vn 0.2386 -0.8714 0.4287
vn -0.3306 -0.8982 -0.2896
vn -0.2175 -0.9313 -0.2922
vn -0.2092 -0.9606 -0.1832
vn -0.3312 -0.9244 -0.1892
vn -0.1099 -0.9496 -0.2936
vn -0.1026 -0.9782 -0.1805
vn -0.0000 -0.9558 -0.2941
vn -0.0000 -0.9837 -0.1798
vn 0.1099 -0.9496 -0.2936
vn 0.1027 -0.9782 -0.1806
vn 0.2175 -0.9313 -0.2922
vn 0.2092 -0.9606 -0.1832
vn 0.3306 -0.8982 -0.2896
vn 0.3312 -0.9244 -0.1892
vn -0.2053 -0.9746 -0.0896
vn -0.3313 -0.9387 -0.0952
vn -0.0989 -0.9913 -0.0866
vn -0.0000 -0.9963 -0.0856
vn 0.0990 -0.9913 -0.0866
vn 0.2053 -0.9746 -0.0896
vn 0.3313 -0.9387 -0.0952
vn -0.2042 -0.9789 -0.0000
vn -0.3314 -0.9435 -0.0000
vn -0.0974 -0.9952 -0.0000
vn -0.0000 -1.0000 -0.0000
vn 0.0976 -0.9952 -0.0000
vn 0.2042 -0.9789 -0.0000
vn 0.3314 -0.9435 -0.0000
vn -0.2053 -0.9746 0.0896
vn -0.3313 -0.9387 0.0952
vn -0.0991 -0.9913 0.0868
vn -0.0000 -0.9963 0.0856
vn 0.0990 -0.9913 0.0866
vn 0.2053 -0.9746 0.0896
vn 0.3313 -0.9387 0.0952
vn -0.2092 -0.9606 0.1832
vn -0.3312 -0.9244 0.1892
vn -0.1026 -0.9782 0.1806
vn -0.0000 -0.9837 0.1798
vn 0.1026 -0.9782 0.1805
vn 0.2092 -0.9606 0.1832
vn 0.3312 -0.9244 0.1892
vn -0.2175 -0.9313 0.2922
vn -0.3306 -0.8982 0.2896
vn -0.1099 -0.9496 0.2936
vn -0.0000 -0.9557 0.2942
vn 0.1099 -0.9496 0.2936
vn 0.2175 -0.9313 0.2922
vn 0.3306 -0.8982 0.2896
vn 0.3306 0.8982 -0.2896
vn 0.2175 0.9313 -0.2922
vn 0.2092 0.9606 -0.1832
vn 0.3311 0.9244 -0.1892
vn 0.1099 0.9496 -0.2936
vn 0.1026 0.9782 -0.1806
vn -0.0000 0.9558 -0.2941
vn -0.0000 0.9837 -0.1797
vn -0.1099 0.9496 -0.2936
vn -0.1026 0.9782 -0.1805
vn -0.2175 0.9313 -0.2922
vn -0.2092 0.9606 -0.1832
vn -0.3306 0.8982 -0.2896
vn -0.3311 0.9244 -0.1892
vn 0.2053 0.9746 -0.0896
vn 0.3313 0.9387 -0.0952
vn 0.0990 0.9913 -0.0867
vn -0.0000 0.9963 -0.0856
vn -0.0991 0.9913 -0.0868
vn -0.2053 0.9746 -0.0896
vn -0.3313 0.9387 -0.0952
vn 0.2043 0.9789 -0.0000
vn 0.3314 0.9435 -0.0000
vn 0.0974 0.9952 -0.0000
vn -0.0000 1.0000 -0.0000
vn -0.0980 0.9952 -0.0000
vn -0.2043 0.9789 -0.0000
vn -0.3314 0.9435 -0.0000
vn 0.2053 0.9746 0.0896
vn 0.3313 0.9387 0.0952
vn 0.0991 0.9913 0.0868
vn -0.0000 0.9963 0.0859
vn -0.0990 0.9913 0.0867
vn -0.2053 0.9746 0.0896
vn -0.3313 0.9387 0.0952
vn 0.2092 0.9606 0.1832
vn 0.3312 0.9244 0.1892
vn 0.1027 0.9782 0.1806
vn -0.0000 0.9837 0.1798
vn -0.1027 0.9782 0.1806
vn -0.2092 0.9606 0.1832
vn -0.3312 0.9244 0.1892
vn 0.2175 0.9313 0.2922
vn 0.3306 0.8982 0.2896
vn 0.1099 0.9496 0.2936
vn -0.0000 0.9558 0.2941
vn -0.1099 0.9496 0.2936
vn -0.2175 0.9313 0.2922
vn -0.3306 0.8982 0.2896
vt 0.406250 0.031250
vt 0.437500 0.031250
vt 0.437500 0.062500
vt 0.406250 0.062500
vt 0.468750 0.031250
vt 0.468750 0.062500
vt 0.500000 0.031250
vt 0.500000 0.062500
vt 0.531250 0.031250
vt 0.531250 0.062500
vt 0.562500 0.031250
vt 0.562500 0.062500
vt 0.593750 0.031250
vt 0.593750 0.062500
vt 0.437500 0.093750
vt 0.406250 0.093750
vt 0.468750 0.093750
vt 0.500000 0.093750
vt 0.531250 0.093750
vt 0.562500 0.093750
vt 0.593750 0.093750
vt 0.437500 0.125000
vt 0.406250 0.125000
vt 0.468750 0.125000
vt 0.500000 0.125000
vt 0.531250 0.125000
vt 0.562500 0.125000
vt 0.593750 0.125000
vt 0.437500 0.156250
vt 0.406250 0.156250
vt 0.468750 0.156250
vt 0.500000 0.156250
vt 0.531250 0.156250
vt 0.562500 0.156250
vt 0.593750 0.156250
vt 0.437500 0.187500
vt 0.406250 0.187500
vt 0.468750 0.187500
vt 0.500000 0.187500
vt 0.531250 0.187500
vt 0.562500 0.187500
vt 0.593750 0.187500
vt 0.437500 0.218750
vt 0.406250 0.218750
vt 0.468750 0.218750
vt 0.500000 0.218750
vt 0.531250 0.218750
vt 0.562500 0.218750
vt 0.593750 0.218750
vt 0.375000 0.000000
vt 0.406250 0.000000
vt 0.375000 0.031250
vt 0.437500 0.000000
vt 0.468750 0.000000
vt 0.500000 0.000000
vt 0.531250 0.000000
vt 0.562500 0.000000
vt 0.593750 0.000000
vt 0.625000 0.000000
vt 0.625000 0.031250
vt 0.625000 0.062500
vt 0.625000 0.093750
vt 0.625000 0.125000
vt 0.625000 0.156250
vt 0.625000 0.187500
vt 0.625000 0.218750
vt 0.625000 0.250000
vt 0.593750 0.250000
vt 0.562500 0.250000
vt 0.531250 0.250000
vt 0.500000 0.250000
vt 0.468750 0.250000
vt 0.437500 0.250000
vt 0.406250 0.250000
vt 0.375000 0.218750
vt 0.375000 0.250000
vt 0.375000 0.187500
vt 0.375000 0.156250
vt 0.375000 0.125000
vt 0.375000 0.093750
vt 0.375000 0.062500
vt 0.406250 0.281250
vt 0.437500 0.281250
vt 0.437500 0.312500
vt 0.406250 0.312500
vt 0.468750 0.281250
vt 0.468750 0.312500
vt 0.500000 0.281250
vt 0.500000 0.312500
vt 0.531250 0.281250
vt 0.531250 0.312500
vt 0.562500 0.281250
vt 0.562500 0.312500
vt 0.593750 0.281250
vt 0.593750 0.312500
vt 0.437500 0.343750
vt 0.406250 0.343750
vt 0.468750 0.343750
vt 0.500000 0.343750
vt 0.531250 0.343750
vt 0.562500 0.343750
vt 0.593750 0.343750
vt 0.437500 0.375000
vt 0.406250 0.375000
vt 0.468750 0.375000
vt 0.500000 0.375000
vt 0.531250 0.375000
vt 0.562500 0.375000
vt 0.593750 0.375000
vt 0.437500 0.406250
vt 0.406250 0.406250
vt 0.468750 0.406250
vt 0.500000 0.406250
vt 0.531250 0.406250
vt 0.562500 0.406250
vt 0.593750 0.406250
vt 0.437500 0.437500
vt 0.406250 0.437500
vt 0.468750 0.437500
vt 0.500000 0.437500
vt 0.531250 0.437500
vt 0.562500 0.437500
vt 0.593750 0.437500
vt 0.437500 0.468750
vt 0.406250 0.468750
vt 0.468750 0.468750
vt 0.500000 0.468750
vt 0.531250 0.468750
vt 0.562500 0.468750
vt 0.593750 0.468750
vt 0.375000 0.281250
vt 0.625000 0.281250
vt 0.625000 0.312500
vt 0.625000 0.343750
vt 0.625000 0.375000
vt 0.625000 0.406250
vt 0.625000 0.437500
vt 0.625000 0.468750
vt 0.625000 0.500000
vt 0.593750 0.500000
vt 0.562500 0.500000
vt 0.531250 0.500000
vt 0.500000 0.500000
vt 0.468750 0.500000
vt 0.437500 0.500000
vt 0.406250 0.500000
vt 0.375000 0.468750
vt 0.375000 0.500000
vt 0.375000 0.437500
vt 0.375000 0.406250
vt 0.375000 0.375000
vt 0.375000 0.343750
vt 0.375000 0.312500
vt 0.406250 0.531250
vt 0.437500 0.531250
vt 0.437500 0.562500
vt 0.406250 0.562500
vt 0.468750 0.531250
vt 0.468750 0.562500
vt 0.500000 0.531250
vt 0.500000 0.562500
vt 0.531250 0.531250
vt 0.531250 0.562500
vt 0.562500 0.531250
vt 0.562500 0.562500
vt 0.593750 0.531250
vt 0.593750 0.562500
vt 0.437500 0.593750
vt 0.406250 0.593750
vt 0.468750 0.593750
vt 0.500000 0.593750
vt 0.531250 0.593750
vt 0.562500 0.593750
vt 0.593750 0.593750
vt 0.437500 0.625000
vt 0.406250 0.625000
vt 0.468750 0.625000
vt 0.500000 0.625000
vt 0.531250 0.625000
vt 0.562500 0.625000
vt 0.593750 0.625000
vt 0.437500 0.656250
vt 0.406250 0.656250
vt 0.468750 0.656250
vt 0.500000 0.656250
vt 0.531250 0.656250
vt 0.562500 0.656250
vt 0.593750 0.656250
vt 0.437500 0.687500
vt 0.406250 0.687500
vt 0.468750 0.687500
vt 0.500000 0.687500
vt 0.531250 0.687500
vt 0.562500 0.687500
vt 0.593750 0.687500
vt 0.437500 0.718750
vt 0.406250 0.718750
vt 0.468750 0.718750
vt 0.500000 0.718750
vt 0.531250 0.718750
vt 0.562500 0.718750
vt 0.593750 0.718750
vt 0.375000 0.531250
vt 0.625000 0.531250
vt 0.625000 0.562500
vt 0.625000 0.593750
vt 0.625000 0.625000
vt 0.625000 0.656250
vt 0.625000 0.687500
vt 0.625000 0.718750
vt 0.625000 0.750000
vt 0.593750 0.750000
vt 0.562500 0.750000
vt 0.531250 0.750000
vt 0.500000 0.750000
vt 0.468750 0.750000
vt 0.437500 0.750000
vt 0.406250 0.750000
vt 0.375000 0.718750
vt 0.375000 0.750000
vt 0.375000 0.687500
vt 0.375000 0.656250
vt 0.375000 0.625000
vt 0.375000 0.593750
vt 0.375000 0.562500
vt 0.406250 0.781250
vt 0.437500 0.781250
vt 0.437500 0.812500
vt 0.406250 0.812500
vt 0.468750 0.781250
vt 0.468750 0.812500
vt 0.500000 0.781250
vt 0.500000 0.812500
vt 0.531250 0.781250
vt 0.531250 0.812500
vt 0.562500 0.781250
vt 0.562500 0.812500
vt 0.593750 0.781250
vt 0.593750 0.812500
vt 0.437500 0.843750
vt 0.406250 0.843750
vt 0.468750 0.843750
vt 0.500000 0.843750
vt 0.531250 0.843750
vt 0.562500 0.843750
vt 0.593750 0.843750
vt 0.437500 0.875000
vt 0.406250 0.875000
vt 0.468750 0.875000
vt 0.500000 0.875000
vt 0.531250 0.875000
vt 0.562500 0.875000
vt 0.593750 0.875000
vt 0.437500 0.906250
vt 0.406250 0.906250
vt 0.468750 0.906250
vt 0.500000 0.906250
vt 0.531250 0.906250
vt 0.562500 0.906250
vt 0.593750 0.906250
vt 0.437500 0.937500
vt 0.406250 0.937500
vt 0.468750 0.937500
vt 0.500000 0.937500
vt 0.531250 0.937500
vt 0.562500 0.937500
vt 0.593750 0.937500
vt 0.437500 0.968750
vt 0.406250 0.968750
vt 0.468750 0.968750
vt 0.500000 0.968750
vt 0.531250 0.968750
vt 0.562500 0.968750
vt 0.593750 0.968750
vt 0.375000 0.781250
vt 0.625000 0.781250
vt 0.625000 0.812500
vt 0.625000 0.843750
vt 0.625000 0.875000
vt 0.625000 0.906250
vt 0.625000 0.937500
vt 0.625000 0.968750
vt 0.625000 1.000000
vt 0.593750 1.000000
vt 0.562500 1.000000
vt 0.531250 1.000000
vt 0.500000 1.000000
vt 0.468750 1.000000
vt 0.437500 1.000000
vt 0.406250 1.000000
vt 0.375000 0.968750
vt 0.375000 1.000000
vt 0.375000 0.937500
vt 0.375000 0.906250
vt 0.375000 0.875000
vt 0.375000 0.843750
vt 0.375000 0.812500
vt 0.156250 0.531250
vt 0.187500 0.531250
vt 0.187500 0.562500
vt 0.156250 0.562500
vt 0.218750 0.531250
vt 0.218750 0.562500
vt 0.250000 0.531250
vt 0.250000 0.562500
vt 0.281250 0.531250
vt 0.281250 0.562500
vt 0.312500 0.531250
vt 0.312500 0.562500
vt 0.343750 0.531250
vt 0.343750 0.562500
vt 0.187500 0.593750
vt 0.156250 0.593750
vt 0.218750 0.593750
vt 0.250000 0.593750
vt 0.281250 0.593750
vt 0.312500 0.593750
vt 0.343750 0.593750
vt 0.187500 0.625000
vt 0.156250 0.625000
vt 0.218750 0.625000
vt 0.250000 0.625000
vt 0.281250 0.625000
vt 0.312500 0.625000
vt 0.343750 0.625000
vt 0.187500 0.656250
vt 0.156250 0.656250
vt 0.218750 0.656250
vt 0.250000 0.656250
vt 0.281250 0.656250
vt 0.312500 0.656250
vt 0.343750 0.656250
vt 0.187500 0.687500
vt 0.156250 0.687500
vt 0.218750 0.687500
vt 0.250000 0.687500
vt 0.281250 0.687500
vt 0.312500 0.687500
vt 0.343750 0.687500
vt 0.187500 0.718750
vt 0.156250 0.718750
vt 0.218750 0.718750
vt 0.250000 0.718750
vt 0.281250 0.718750
vt 0.312500 0.718750
vt 0.343750 0.718750
vt 0.125000 0.500000
vt 0.156250 0.500000
vt 0.125000 0.531250
vt 0.187500 0.500000
vt 0.218750 0.500000
vt 0.250000 0.500000
vt 0.281250 0.500000
vt 0.312500 0.500000
vt 0.343750 0.500000
vt 0.343750 0.750000
vt 0.312500 0.750000
vt 0.281250 0.750000
vt 0.250000 0.750000
vt 0.218750 0.750000
vt 0.187500 0.750000
vt 0.156250 0.750000
vt 0.125000 0.718750
vt 0.125000 0.750000
vt 0.125000 0.687500
vt 0.125000 0.656250
vt 0.125000 0.625000
vt 0.125000 0.593750
vt 0.125000 0.562500
vt 0.656250 0.531250
vt 0.687500 0.531250
vt 0.687500 0.562500
vt 0.656250 0.562500
vt 0.718750 0.531250
vt 0.718750 0.562500
vt 0.750000 0.531250
vt 0.750000 0.562500
vt 0.781250 0.531250
vt 0.781250 0.562500
vt 0.812500 0.531250
vt 0.812500 0.562500
vt 0.843750 0.531250
vt 0.843750 0.562500
vt 0.687500 0.593750
vt 0.656250 0.593750
vt 0.718750 0.593750
vt 0.750000 0.593750
vt 0.781250 0.593750
vt 0.812500 0.593750
vt 0.843750 0.593750
vt 0.687500 0.625000
vt 0.656250 0.625000
vt 0.718750 0.625000
vt 0.750000 0.625000
vt 0.781250 0.625000
vt 0.812500 0.625000
vt 0.843750 0.625000
vt 0.687500 0.656250
vt 0.656250 0.656250
vt 0.718750 0.656250
vt 0.750000 0.656250
vt 0.781250 0.656250
vt 0.812500 0.656250
vt 0.843750 0.656250
vt 0.687500 0.687500
vt 0.656250 0.687500
vt 0.718750 0.687500
vt 0.750000 0.687500
vt 0.781250 0.687500
vt 0.812500 0.687500
vt 0.843750 0.687500
vt 0.687500 0.718750
vt 0.656250 0.718750
vt 0.718750 0.718750
vt 0.750000 0.718750
vt 0.781250 0.718750
vt 0.812500 0.718750
vt 0.843750 0.718750
vt 0.656250 0.500000
vt 0.687500 0.500000
vt 0.718750 0.500000
vt 0.750000 0.500000
vt 0.781250 0.500000
vt 0.812500 0.500000
vt 0.843750 0.500000
vt 0.875000 0.500000
vt 0.875000 0.531250
vt 0.875000 0.562500
vt 0.875000 0.593750
vt 0.875000 0.625000
vt 0.875000 0.656250
vt 0.875000 0.687500
vt 0.875000 0.718750
vt 0.875000 0.750000
vt 0.843750 0.750000
vt 0.812500 0.750000
vt 0.781250 0.750000
vt 0.750000 0.750000
vt 0.718750 0.750000
vt 0.687500 0.750000
vt 0.656250 0.750000
s 1
usemtl parpados.003
f 2665/2919/2573 2666/2920/2574 2673/2921/2575 2672/2922/2576
f 2666/2920/2574 2667/2923/2577 2674/2924/2578 2673/2921/2575
f 2667/2923/2577 2668/2925/2579 2675/2926/2580 2674/2924/2578
f 2668/2925/2579 2669/2927/2581 2676/2928/2582 2675/2926/2580
f 2669/2927/2581 2670/2929/2583 2677/2930/2584 2676/2928/2582
f 2670/2929/2583 2671/2931/2585 2678/2932/2586 2677/2930/2584
f 2672/2922/2576 2673/2921/2575 2680/2933/2587 2679/2934/2588
f 2673/2921/2575 2674/2924/2578 2681/2935/2589 2680/2933/2587
f 2674/2924/2578 2675/2926/2580 2682/2936/2590 2681/2935/2589
f 2675/2926/2580 2676/2928/2582 2683/2937/2591 2682/2936/2590
f 2676/2928/2582 2677/2930/2584 2684/2938/2592 2683/2937/2591
f 2677/2930/2584 2678/2932/2586 2685/2939/2593 2684/2938/2592
f 2679/2934/2588 2680/2933/2587 2687/2940/2594 2686/2941/2595
f 2680/2933/2587 2681/2935/2589 2688/2942/2596 2687/2940/2594
f 2681/2935/2589 2682/2936/2590 2689/2943/2597 2688/2942/2596
f 2682/2936/2590 2683/2937/2591 2690/2944/2598 2689/2943/2597
f 2683/2937/2591 2684/2938/2592 2691/2945/2599 2690/2944/2598
f 2684/2938/2592 2685/2939/2593 2692/2946/2600 2691/2945/2599
f 2686/2941/2595 2687/2940/2594 2694/2947/2601 2693/2948/2602
f 2687/2940/2594 2688/2942/2596 2695/2949/2603 2694/2947/2601
f 2688/2942/2596 2689/2943/2597 2696/2950/2604 2695/2949/2603
f 2689/2943/2597 2690/2944/2598 2697/2951/2605 2696/2950/2604
f 2690/2944/2598 2691/2945/2599 2698/2952/2606 2697/2951/2605
f 2691/2945/2599 2692/2946/2600 2699/2953/2607 2698/2952/2606
f 2693/2948/2602 2694/2947/2601 2701/2954/2608 2700/2955/2609
f 2694/2947/2601 2695/2949/2603 2702/2956/2610 2701/2954/2608
f 2695/2949/2603 2696/2950/2604 2703/2957/2611 2702/2956/2610
f 2696/2950/2604 2697/2951/2605 2704/2958/2612 2703/2957/2611
f 2697/2951/2605 2698/2952/2606 2705/2959/2613 2704/2958/2612
f 2698/2952/2606 2699/2953/2607 2706/2960/2614 2705/2959/2613
f 2700/2955/2609 2701/2954/2608 2708/2961/2615 2707/2962/2616
f 2701/2954/2608 2702/2956/2610 2709/2963/2617 2708/2961/2615
f 2702/2956/2610 2703/2957/2611 2710/2964/2618 2709/2963/2617
f 2703/2957/2611 2704/2958/2612 2711/2965/2619 2710/2964/2618
f 2704/2958/2612 2705/2959/2613 2712/2966/2620 2711/2965/2619
f 2705/2959/2613 2706/2960/2614 2713/2967/2621 2712/2966/2620
f 2573/2968/2622 2588/2969/2623 2665/2919/2573 2587/2970/2624
f 2588/2969/2623 2589/2971/2625 2666/2920/2574 2665/2919/2573
f 2589/2971/2625 2590/2972/2626 2667/2923/2577 2666/2920/2574
f 2590/2972/2626 2591/2973/2627 2668/2925/2579 2667/2923/2577
f 2591/2973/2627 2592/2974/2628 2669/2927/2581 2668/2925/2579
f 2592/2974/2628 2593/2975/2629 2670/2929/2583 2669/2927/2581
f 2593/2975/2629 2594/2976/2630 2671/2931/2585 2670/2929/2583
f 2594/2976/2630 2574/2977/2631 2595/2978/2632 2671/2931/2585
f 2671/2931/2585 2595/2978/2632 2596/2979/2633 2678/2932/2586
f 2678/2932/2586 2596/2979/2633 2597/2980/2634 2685/2939/2593
f 2685/2939/2593 2597/2980/2634 2598/2981/2635 2692/2946/2600
f 2692/2946/2600 2598/2981/2635 2599/2982/2636 2699/2953/2607
f 2699/2953/2607 2599/2982/2636 2600/2983/2637 2706/2960/2614
f 2706/2960/2614 2600/2983/2637 2601/2984/2638 2713/2967/2621
f 2713/2967/2621 2601/2984/2638 2576/2985/2639 2602/2986/2640
f 2712/2966/2620 2713/2967/2621 2602/2986/2640 2603/2987/2641
f 2711/2965/2619 2712/2966/2620 2603/2987/2641 2604/2988/2642
f 2710/2964/2618 2711/2965/2619 2604/2988/2642 2605/2989/2643
f 2709/2963/2617 2710/2964/2618 2605/2989/2643 2606/2990/2644
f 2708/2961/2615 2709/2963/2617 2606/2990/2644 2607/2991/2645
f 2707/2962/2616 2708/2961/2615 2607/2991/2645 2608/2992/2646
f 2581/2993/2647 2707/2962/2616 2608/2992/2646 2575/2994/2648
f 2582/2995/2649 2700/2955/2609 2707/2962/2616 2581/2993/2647
f 2583/2996/2650 2693/2948/2602 2700/2955/2609 2582/2995/2649
f 2584/2997/2651 2686/2941/2595 2693/2948/2602 2583/2996/2650
f 2585/2998/2652 2679/2934/2588 2686/2941/2595 2584/2997/2651
f 2586/2999/2653 2672/2922/2576 2679/2934/2588 2585/2998/2652
f 2587/2970/2624 2665/2919/2573 2672/2922/2576 2586/2999/2653
f 2714/3000/2654 2715/3001/2655 2722/3002/2656 2721/3003/2657
f 2715/3001/2655 2716/3004/2658 2723/3005/2659 2722/3002/2656
f 2716/3004/2658 2717/3006/2660 2724/3007/2661 2723/3005/2659
f 2717/3006/2660 2718/3008/2662 2725/3009/2663 2724/3007/2661
f 2718/3008/2662 2719/3010/2664 2726/3011/2665 2725/3009/2663
f 2719/3010/2664 2720/3012/2666 2727/3013/2667 2726/3011/2665
f 2721/3003/2657 2722/3002/2656 2729/3014/2668 2728/3015/2669
f 2722/3002/2656 2723/3005/2659 2730/3016/2670 2729/3014/2668
f 2723/3005/2659 2724/3007/2661 2731/3017/2671 2730/3016/2670
f 2724/3007/2661 2725/3009/2663 2732/3018/2672 2731/3017/2671
f 2725/3009/2663 2726/3011/2665 2733/3019/2673 2732/3018/2672
f 2726/3011/2665 2727/3013/2667 2734/3020/2674 2733/3019/2673
f 2728/3015/2669 2729/3014/2668 2736/3021/2675 2735/3022/2676
f 2729/3014/2668 2730/3016/2670 2737/3023/2677 2736/3021/2675
f 2730/3016/2670 2731/3017/2671 2738/3024/2678 2737/3023/2677
f 2731/3017/2671 2732/3018/2672 2739/3025/2679 2738/3024/2678
f 2732/3018/2672 2733/3019/2673 2740/3026/2680 2739/3025/2679
f 2733/3019/2673 2734/3020/2674 2741/3027/2681 2740/3026/2680
f 2735/3022/2676 2736/3021/2675 2743/3028/2682 2742/3029/2683
f 2736/3021/2675 2737/3023/2677 2744/3030/2684 2743/3028/2682
f 2737/3023/2677 2738/3024/2678 2745/3031/2685 2744/3030/2684
f 2738/3024/2678 2739/3025/2679 2746/3032/2686 2745/3031/2685
f 2739/3025/2679 2740/3026/2680 2747/3033/2687 2746/3032/2686
f 2740/3026/2680 2741/3027/2681 2748/3034/2688 2747/3033/2687
f 2742/3029/2683 2743/3028/2682 2750/3035/2689 2749/3036/2690
f 2743/3028/2682 2744/3030/2684 2751/3037/2691 2750/3035/2689
f 2744/3030/2684 2745/3031/2685 2752/3038/2692 2751/3037/2691
f 2745/3031/2685 2746/3032/2686 2753/3039/2693 2752/3038/2692
f 2746/3032/2686 2747/3033/2687 2754/3040/2694 2753/3039/2693
f 2747/3033/2687 2748/3034/2688 2755/3041/2695 2754/3040/2694
f 2749/3036/2690 2750/3035/2689 2757/3042/2696 2756/3043/2697
f 2750/3035/2689 2751/3037/2691 2758/3044/2698 2757/3042/2696
f 2751/3037/2691 2752/3038/2692 2759/3045/2699 2758/3044/2698
f 2752/3038/2692 2753/3039/2693 2760/3046/2700 2759/3045/2699
f 2753/3039/2693 2754/3040/2694 2761/3047/2701 2760/3046/2700
f 2754/3040/2694 2755/3041/2695 2762/3048/2702 2761/3047/2701
f 2575/2994/2648 2608/2992/2646 2714/3000/2654 2615/3049/2703
f 2608/2992/2646 2607/2991/2645 2715/3001/2655 2714/3000/2654
f 2607/2991/2645 2606/2990/2644 2716/3004/2658 2715/3001/2655
f 2606/2990/2644 2605/2989/2643 2717/3006/2660 2716/3004/2658
f 2605/2989/2643 2604/2988/2642 2718/3008/2662 2717/3006/2660
f 2604/2988/2642 2603/2987/2641 2719/3010/2664 2718/3008/2662
f 2603/2987/2641 2602/2986/2640 2720/3012/2666 2719/3010/2664
f 2602/2986/2640 2576/2985/2639 2616/3050/2704 2720/3012/2666
f 2720/3012/2666 2616/3050/2704 2617/3051/2705 2727/3013/2667
f 2727/3013/2667 2617/3051/2705 2618/3052/2706 2734/3020/2674
f 2734/3020/2674 2618/3052/2706 2619/3053/2707 2741/3027/2681
f 2741/3027/2681 2619/3053/2707 2620/3054/2708 2748/3034/2688
f 2748/3034/2688 2620/3054/2708 2621/3055/2709 2755/3041/2695
f 2755/3041/2695 2621/3055/2709 2622/3056/2710 2762/3048/2702
f 2762/3048/2702 2622/3056/2710 2580/3057/2711 2623/3058/2712
f 2761/3047/2701 2762/3048/2702 2623/3058/2712 2624/3059/2713
f 2760/3046/2700 2761/3047/2701 2624/3059/2713 2625/3060/2714
f 2759/3045/2699 2760/3046/2700 2625/3060/2714 2626/3061/2715
f 2758/3044/2698 2759/3045/2699 2626/3061/2715 2627/3062/2716
f 2757/3042/2696 2758/3044/2698 2627/3062/2716 2628/3063/2717
f 2756/3043/2697 2757/3042/2696 2628/3063/2717 2629/3064/2718
f 2609/3065/2719 2756/3043/2697 2629/3064/2718 2579/3066/2720
f 2610/3067/2721 2749/3036/2690 2756/3043/2697 2609/3065/2719
f 2611/3068/2722 2742/3029/2683 2749/3036/2690 2610/3067/2721
f 2612/3069/2723 2735/3022/2676 2742/3029/2683 2611/3068/2722
f 2613/3070/2724 2728/3015/2669 2735/3022/2676 2612/3069/2723
f 2614/3071/2725 2721/3003/2657 2728/3015/2669 2613/3070/2724
f 2615/3049/2703 2714/3000/2654 2721/3003/2657 2614/3071/2725
f 2763/3072/2726 2764/3073/2727 2771/3074/2728 2770/3075/2729
f 2764/3073/2727 2765/3076/2730 2772/3077/2731 2771/3074/2728
f 2765/3076/2730 2766/3078/2732 2773/3079/2733 2772/3077/2731
f 2766/3078/2732 2767/3080/2734 2774/3081/2735 2773/3079/2733
f 2767/3080/2734 2768/3082/2736 2775/3083/2737 2774/3081/2735
f 2768/3082/2736 2769/3084/2738 2776/3085/2739 2775/3083/2737
f 2770/3075/2729 2771/3074/2728 2778/3086/2740 2777/3087/2741
f 2771/3074/2728 2772/3077/2731 2779/3088/2742 2778/3086/2740
f 2772/3077/2731 2773/3079/2733 2780/3089/2743 2779/3088/2742
f 2773/3079/2733 2774/3081/2735 2781/3090/2744 2780/3089/2743
f 2774/3081/2735 2775/3083/2737 2782/3091/2745 2781/3090/2744
f 2775/3083/2737 2776/3085/2739 2783/3092/2746 2782/3091/2745
f 2777/3087/2741 2778/3086/2740 2785/3093/2747 2784/3094/2748
f 2778/3086/2740 2779/3088/2742 2786/3095/2749 2785/3093/2747
f 2779/3088/2742 2780/3089/2743 2787/3096/2750 2786/3095/2749
f 2780/3089/2743 2781/3090/2744 2788/3097/2751 2787/3096/2750
f 2781/3090/2744 2782/3091/2745 2789/3098/2752 2788/3097/2751
f 2782/3091/2745 2783/3092/2746 2790/3099/2753 2789/3098/2752
f 2784/3094/2748 2785/3093/2747 2792/3100/2754 2791/3101/2755
f 2785/3093/2747 2786/3095/2749 2793/3102/2756 2792/3100/2754
f 2786/3095/2749 2787/3096/2750 2794/3103/2757 2793/3102/2756
f 2787/3096/2750 2788/3097/2751 2795/3104/2758 2794/3103/2757
f 2788/3097/2751 2789/3098/2752 2796/3105/2759 2795/3104/2758
f 2789/3098/2752 2790/3099/2753 2797/3106/2760 2796/3105/2759
f 2791/3101/2755 2792/3100/2754 2799/3107/2761 2798/3108/2762
f 2792/3100/2754 2793/3102/2756 2800/3109/2763 2799/3107/2761
f 2793/3102/2756 2794/3103/2757 2801/3110/2764 2800/3109/2763
f 2794/3103/2757 2795/3104/2758 2802/3111/2765 2801/3110/2764
f 2795/3104/2758 2796/3105/2759 2803/3112/2766 2802/3111/2765
f 2796/3105/2759 2797/3106/2760 2804/3113/2767 2803/3112/2766
f 2798/3108/2762 2799/3107/2761 2806/3114/2768 2805/3115/2769
f 2799/3107/2761 2800/3109/2763 2807/3116/2770 2806/3114/2768
f 2800/3109/2763 2801/3110/2764 2808/3117/2771 2807/3116/2770
f 2801/3110/2764 2802/3111/2765 2809/3118/2772 2808/3117/2771
f 2802/3111/2765 2803/3112/2766 2810/3119/2773 2809/3118/2772
f 2803/3112/2766 2804/3113/2767 2811/3120/2774 2810/3119/2773
f 2579/3066/2720 2629/3064/2718 2763/3072/2726 2636/3121/2775
f 2629/3064/2718 2628/3063/2717 2764/3073/2727 2763/3072/2726
f 2628/3063/2717 2627/3062/2716 2765/3076/2730 2764/3073/2727
f 2627/3062/2716 2626/3061/2715 2766/3078/2732 2765/3076/2730
f 2626/3061/2715 2625/3060/2714 2767/3080/2734 2766/3078/2732
f 2625/3060/2714 2624/3059/2713 2768/3082/2736 2767/3080/2734
f 2624/3059/2713 2623/3058/2712 2769/3084/2738 2768/3082/2736
f 2623/3058/2712 2580/3057/2711 2637/3122/2776 2769/3084/2738
f 2769/3084/2738 2637/3122/2776 2638/3123/2777 2776/3085/2739
f 2776/3085/2739 2638/3123/2777 2639/3124/2778 2783/3092/2746
f 2783/3092/2746 2639/3124/2778 2640/3125/2779 2790/3099/2753
f 2790/3099/2753 2640/3125/2779 2641/3126/2780 2797/3106/2760
f 2797/3106/2760 2641/3126/2780 2642/3127/2781 2804/3113/2767
f 2804/3113/2767 2642/3127/2781 2643/3128/2782 2811/3120/2774
f 2811/3120/2774 2643/3128/2782 2578/3129/2783 2644/3130/2784
f 2810/3119/2773 2811/3120/2774 2644/3130/2784 2645/3131/2785
f 2809/3118/2772 2810/3119/2773 2645/3131/2785 2646/3132/2786
f 2808/3117/2771 2809/3118/2772 2646/3132/2786 2647/3133/2787
f 2807/3116/2770 2808/3117/2771 2647/3133/2787 2648/3134/2788
f 2806/3114/2768 2807/3116/2770 2648/3134/2788 2649/3135/2789
f 2805/3115/2769 2806/3114/2768 2649/3135/2789 2650/3136/2790
f 2630/3137/2791 2805/3115/2769 2650/3136/2790 2577/3138/2792
f 2631/3139/2793 2798/3108/2762 2805/3115/2769 2630/3137/2791
f 2632/3140/2794 2791/3101/2755 2798/3108/2762 2631/3139/2793
f 2633/3141/2795 2784/3094/2748 2791/3101/2755 2632/3140/2794
f 2634/3142/2796 2777/3087/2741 2784/3094/2748 2633/3141/2795
f 2635/3143/2797 2770/3075/2729 2777/3087/2741 2634/3142/2796
f 2636/3121/2775 2763/3072/2726 2770/3075/2729 2635/3143/2797
f 2812/3144/2798 2813/3145/2799 2820/3146/2800 2819/3147/2801
f 2813/3145/2799 2814/3148/2802 2821/3149/2803 2820/3146/2800
f 2814/3148/2802 2815/3150/2804 2822/3151/2805 2821/3149/2803
f 2815/3150/2804 2816/3152/2806 2823/3153/2807 2822/3151/2805
f 2816/3152/2806 2817/3154/2808 2824/3155/2809 2823/3153/2807
f 2817/3154/2808 2818/3156/2810 2825/3157/2811 2824/3155/2809
f 2819/3147/2801 2820/3146/2800 2827/3158/2812 2826/3159/2813
f 2820/3146/2800 2821/3149/2803 2828/3160/2814 2827/3158/2812
f 2821/3149/2803 2822/3151/2805 2829/3161/2815 2828/3160/2814
f 2822/3151/2805 2823/3153/2807 2830/3162/2816 2829/3161/2815
f 2823/3153/2807 2824/3155/2809 2831/3163/2817 2830/3162/2816
f 2824/3155/2809 2825/3157/2811 2832/3164/2818 2831/3163/2817
f 2826/3159/2813 2827/3158/2812 2834/3165/2819 2833/3166/2820
f 2827/3158/2812 2828/3160/2814 2835/3167/2821 2834/3165/2819
f 2828/3160/2814 2829/3161/2815 2836/3168/2822 2835/3167/2821
f 2829/3161/2815 2830/3162/2816 2837/3169/2823 2836/3168/2822
f 2830/3162/2816 2831/3163/2817 2838/3170/2824 2837/3169/2823
f 2831/3163/2817 2832/3164/2818 2839/3171/2825 2838/3170/2824
f 2833/3166/2820 2834/3165/2819 2841/3172/2826 2840/3173/2827
f 2834/3165/2819 2835/3167/2821 2842/3174/2828 2841/3172/2826
f 2835/3167/2821 2836/3168/2822 2843/3175/2829 2842/3174/2828
f 2836/3168/2822 2837/3169/2823 2844/3176/2830 2843/3175/2829
f 2837/3169/2823 2838/3170/2824 2845/3177/2831 2844/3176/2830
f 2838/3170/2824 2839/3171/2825 2846/3178/2832 2845/3177/2831
f 2840/3173/2827 2841/3172/2826 2848/3179/2833 2847/3180/2834
f 2841/3172/2826 2842/3174/2828 2849/3181/2835 2848/3179/2833
f 2842/3174/2828 2843/3175/2829 2850/3182/2836 2849/3181/2835
f 2843/3175/2829 2844/3176/2830 2851/3183/2837 2850/3182/2836
f 2844/3176/2830 2845/3177/2831 2852/3184/2838 2851/3183/2837
f 2845/3177/2831 2846/3178/2832 2853/3185/2839 2852/3184/2838
f 2847/3180/2834 2848/3179/2833 2855/3186/2840 2854/3187/2841
f 2848/3179/2833 2849/3181/2835 2856/3188/2842 2855/3186/2840
f 2849/3181/2835 2850/3182/2836 2857/3189/2843 2856/3188/2842
f 2850/3182/2836 2851/3183/2837 2858/3190/2844 2857/3189/2843
f 2851/3183/2837 2852/3184/2838 2859/3191/2845 2858/3190/2844
f 2852/3184/2838 2853/3185/2839 2860/3192/2846 2859/3191/2845
f 2577/3138/2792 2650/3136/2790 2812/3144/2798 2657/3193/2847
f 2650/3136/2790 2649/3135/2789 2813/3145/2799 2812/3144/2798
f 2649/3135/2789 2648/3134/2788 2814/3148/2802 2813/3145/2799
f 2648/3134/2788 2647/3133/2787 2815/3150/2804 2814/3148/2802
f 2647/3133/2787 2646/3132/2786 2816/3152/2806 2815/3150/2804
f 2646/3132/2786 2645/3131/2785 2817/3154/2808 2816/3152/2806
f 2645/3131/2785 2644/3130/2784 2818/3156/2810 2817/3154/2808
f 2644/3130/2784 2578/3129/2783 2658/3194/2848 2818/3156/2810
f 2818/3156/2810 2658/3194/2848 2659/3195/2849 2825/3157/2811
f 2825/3157/2811 2659/3195/2849 2660/3196/2850 2832/3164/2818
f 2832/3164/2818 2660/3196/2850 2661/3197/2851 2839/3171/2825
f 2839/3171/2825 2661/3197/2851 2662/3198/2852 2846/3178/2832
f 2846/3178/2832 2662/3198/2852 2663/3199/2853 2853/3185/2839
f 2853/3185/2839 2663/3199/2853 2664/3200/2854 2860/3192/2846
f 2860/3192/2846 2664/3200/2854 2574/3201/2631 2594/3202/2630
f 2859/3191/2845 2860/3192/2846 2594/3202/2630 2593/3203/2629
f 2858/3190/2844 2859/3191/2845 2593/3203/2629 2592/3204/2628
f 2857/3189/2843 2858/3190/2844 2592/3204/2628 2591/3205/2627
f 2856/3188/2842 2857/3189/2843 2591/3205/2627 2590/3206/2626
f 2855/3186/2840 2856/3188/2842 2590/3206/2626 2589/3207/2625
f 2854/3187/2841 2855/3186/2840 2589/3207/2625 2588/3208/2623
f 2651/3209/2855 2854/3187/2841 2588/3208/2623 2573/3210/2622
f 2652/3211/2856 2847/3180/2834 2854/3187/2841 2651/3209/2855
f 2653/3212/2857 2840/3173/2827 2847/3180/2834 2652/3211/2856
f 2654/3213/2858 2833/3166/2820 2840/3173/2827 2653/3212/2857
f 2655/3214/2859 2826/3159/2813 2833/3166/2820 2654/3213/2858
f 2656/3215/2860 2819/3147/2801 2826/3159/2813 2655/3214/2859
f 2657/3193/2847 2812/3144/2798 2819/3147/2801 2656/3215/2860
f 2861/3216/2861 2862/3217/2862 2869/3218/2863 2868/3219/2864
f 2862/3217/2862 2863/3220/2865 2870/3221/2866 2869/3218/2863
f 2863/3220/2865 2864/3222/2867 2871/3223/2868 2870/3221/2866
f 2864/3222/2867 2865/3224/2869 2872/3225/2870 2871/3223/2868
f 2865/3224/2869 2866/3226/2871 2873/3227/2872 2872/3225/2870
f 2866/3226/2871 2867/3228/2873 2874/3229/2874 2873/3227/2872
f 2868/3219/2864 2869/3218/2863 2876/3230/2875 2875/3231/2876
f 2869/3218/2863 2870/3221/2866 2877/3232/2877 2876/3230/2875
f 2870/3221/2866 2871/3223/2868 2878/3233/2878 2877/3232/2877
f 2871/3223/2868 2872/3225/2870 2879/3234/2879 2878/3233/2878
f 2872/3225/2870 2873/3227/2872 2880/3235/2880 2879/3234/2879
f 2873/3227/2872 2874/3229/2874 2881/3236/2881 2880/3235/2880
f 2875/3231/2876 2876/3230/2875 2883/3237/2882 2882/3238/2883
f 2876/3230/2875 2877/3232/2877 2884/3239/2884 2883/3237/2882
f 2877/3232/2877 2878/3233/2878 2885/3240/2885 2884/3239/2884
f 2878/3233/2878 2879/3234/2879 2886/3241/2886 2885/3240/2885
f 2879/3234/2879 2880/3235/2880 2887/3242/2887 2886/3241/2886
f 2880/3235/2880 2881/3236/2881 2888/3243/2888 2887/3242/2887
f 2882/3238/2883 2883/3237/2882 2890/3244/2889 2889/3245/2890
f 2883/3237/2882 2884/3239/2884 2891/3246/2891 2890/3244/2889
f 2884/3239/2884 2885/3240/2885 2892/3247/2892 2891/3246/2891
f 2885/3240/2885 2886/3241/2886 2893/3248/2893 2892/3247/2892
f 2886/3241/2886 2887/3242/2887 2894/3249/2894 2893/3248/2893
f 2887/3242/2887 2888/3243/2888 2895/3250/2895 2894/3249/2894
f 2889/3245/2890 2890/3244/2889 2897/3251/2896 2896/3252/2897
f 2890/3244/2889 2891/3246/2891 2898/3253/2898 2897/3251/2896
f 2891/3246/2891 2892/3247/2892 2899/3254/2899 2898/3253/2898
f 2892/3247/2892 2893/3248/2893 2900/3255/2900 2899/3254/2899
f 2893/3248/2893 2894/3249/2894 2901/3256/2901 2900/3255/2900
f 2894/3249/2894 2895/3250/2895 2902/3257/2902 2901/3256/2901
f 2896/3252/2897 2897/3251/2896 2904/3258/2903 2903/3259/2904
f 2897/3251/2896 2898/3253/2898 2905/3260/2905 2904/3258/2903
f 2898/3253/2898 2899/3254/2899 2906/3261/2906 2905/3260/2905
f 2899/3254/2899 2900/3255/2900 2907/3262/2907 2906/3261/2906
f 2900/3255/2900 2901/3256/2901 2908/3263/2908 2907/3262/2907
f 2901/3256/2901 2902/3257/2902 2909/3264/2909 2908/3263/2908
f 2575/3265/2648 2615/3266/2703 2861/3216/2861 2581/3267/2647
f 2615/3266/2703 2614/3268/2725 2862/3217/2862 2861/3216/2861
f 2614/3268/2725 2613/3269/2724 2863/3220/2865 2862/3217/2862
f 2613/3269/2724 2612/3270/2723 2864/3222/2867 2863/3220/2865
f 2612/3270/2723 2611/3271/2722 2865/3224/2869 2864/3222/2867
f 2611/3271/2722 2610/3272/2721 2866/3226/2871 2865/3224/2869
f 2610/3272/2721 2609/3273/2719 2867/3228/2873 2866/3226/2871
f 2609/3273/2719 2579/3066/2720 2636/3121/2775 2867/3228/2873
f 2867/3228/2873 2636/3121/2775 2635/3143/2797 2874/3229/2874
f 2874/3229/2874 2635/3143/2797 2634/3142/2796 2881/3236/2881
f 2881/3236/2881 2634/3142/2796 2633/3141/2795 2888/3243/2888
f 2888/3243/2888 2633/3141/2795 2632/3140/2794 2895/3250/2895
f 2895/3250/2895 2632/3140/2794 2631/3139/2793 2902/3257/2902
f 2902/3257/2902 2631/3139/2793 2630/3137/2791 2909/3264/2909
f 2909/3264/2909 2630/3137/2791 2577/3138/2792 2657/3274/2847
f 2908/3263/2908 2909/3264/2909 2657/3274/2847 2656/3275/2860
f 2907/3262/2907 2908/3263/2908 2656/3275/2860 2655/3276/2859
f 2906/3261/2906 2907/3262/2907 2655/3276/2859 2654/3277/2858
f 2905/3260/2905 2906/3261/2906 2654/3277/2858 2653/3278/2857
f 2904/3258/2903 2905/3260/2905 2653/3278/2857 2652/3279/2856
f 2903/3259/2904 2904/3258/2903 2652/3279/2856 2651/3280/2855
f 2587/3281/2624 2903/3259/2904 2651/3280/2855 2573/3282/2622
f 2586/3283/2653 2896/3252/2897 2903/3259/2904 2587/3281/2624
f 2585/3284/2652 2889/3245/2890 2896/3252/2897 2586/3283/2653
f 2584/3285/2651 2882/3238/2883 2889/3245/2890 2585/3284/2652
f 2583/3286/2650 2875/3231/2876 2882/3238/2883 2584/3285/2651
f 2582/3287/2649 2868/3219/2864 2875/3231/2876 2583/3286/2650
f 2581/3267/2647 2861/3216/2861 2868/3219/2864 2582/3287/2649
f 2910/3288/2910 2911/3289/2911 2918/3290/2912 2917/3291/2913
f 2911/3289/2911 2912/3292/2914 2919/3293/2915 2918/3290/2912
f 2912/3292/2914 2913/3294/2916 2920/3295/2917 2919/3293/2915
f 2913/3294/2916 2914/3296/2918 2921/3297/2919 2920/3295/2917
f 2914/3296/2918 2915/3298/2920 2922/3299/2921 2921/3297/2919
f 2915/3298/2920 2916/3300/2922 2923/3301/2923 2922/3299/2921
f 2917/3291/2913 2918/3290/2912 2925/3302/2924 2924/3303/2925
f 2918/3290/2912 2919/3293/2915 2926/3304/2926 2925/3302/2924
f 2919/3293/2915 2920/3295/2917 2927/3305/2927 2926/3304/2926
f 2920/3295/2917 2921/3297/2919 2928/3306/2928 2927/3305/2927
f 2921/3297/2919 2922/3299/2921 2929/3307/2929 2928/3306/2928
f 2922/3299/2921 2923/3301/2923 2930/3308/2930 2929/3307/2929
f 2924/3303/2925 2925/3302/2924 2932/3309/2931 2931/3310/2932
f 2925/3302/2924 2926/3304/2926 2933/3311/2933 2932/3309/2931
f 2926/3304/2926 2927/3305/2927 2934/3312/2934 2933/3311/2933
f 2927/3305/2927 2928/3306/2928 2935/3313/2935 2934/3312/2934
f 2928/3306/2928 2929/3307/2929 2936/3314/2936 2935/3313/2935
f 2929/3307/2929 2930/3308/2930 2937/3315/2937 2936/3314/2936
f 2931/3310/2932 2932/3309/2931 2939/3316/2938 2938/3317/2939
f 2932/3309/2931 2933/3311/2933 2940/3318/2940 2939/3316/2938
f 2933/3311/2933 2934/3312/2934 2941/3319/2941 2940/3318/2940
f 2934/3312/2934 2935/3313/2935 2942/3320/2942 2941/3319/2941
f 2935/3313/2935 2936/3314/2936 2943/3321/2943 2942/3320/2942
f 2936/3314/2936 2937/3315/2937 2944/3322/2944 2943/3321/2943
f 2938/3317/2939 2939/3316/2938 2946/3323/2945 2945/3324/2946
f 2939/3316/2938 2940/3318/2940 2947/3325/2947 2946/3323/2945
f 2940/3318/2940 2941/3319/2941 2948/3326/2948 2947/3325/2947
f 2941/3319/2941 2942/3320/2942 2949/3327/2949 2948/3326/2948
f 2942/3320/2942 2943/3321/2943 2950/3328/2950 2949/3327/2949
f 2943/3321/2943 2944/3322/2944 2951/3329/2951 2950/3328/2950
f 2945/3324/2946 2946/3323/2945 2953/3330/2952 2952/3331/2953
f 2946/3323/2945 2947/3325/2947 2954/3332/2954 2953/3330/2952
f 2947/3325/2947 2948/3326/2948 2955/3333/2955 2954/3332/2954
f 2948/3326/2948 2949/3327/2949 2956/3334/2956 2955/3333/2955
f 2949/3327/2949 2950/3328/2950 2957/3335/2957 2956/3334/2956
f 2950/3328/2950 2951/3329/2951 2958/3336/2958 2957/3335/2957
f 2580/3057/2711 2622/3337/2710 2910/3288/2910 2637/3122/2776
f 2622/3337/2710 2621/3338/2709 2911/3289/2911 2910/3288/2910
f 2621/3338/2709 2620/3339/2708 2912/3292/2914 2911/3289/2911
f 2620/3339/2708 2619/3340/2707 2913/3294/2916 2912/3292/2914
f 2619/3340/2707 2618/3341/2706 2914/3296/2918 2913/3294/2916
f 2618/3341/2706 2617/3342/2705 2915/3298/2920 2914/3296/2918
f 2617/3342/2705 2616/3343/2704 2916/3300/2922 2915/3298/2920
f 2616/3343/2704 2576/3344/2639 2601/3345/2638 2916/3300/2922
f 2916/3300/2922 2601/3345/2638 2600/3346/2637 2923/3301/2923
f 2923/3301/2923 2600/3346/2637 2599/3347/2636 2930/3308/2930
f 2930/3308/2930 2599/3347/2636 2598/3348/2635 2937/3315/2937
f 2937/3315/2937 2598/3348/2635 2597/3349/2634 2944/3322/2944
f 2944/3322/2944 2597/3349/2634 2596/3350/2633 2951/3329/2951
f 2951/3329/2951 2596/3350/2633 2595/3351/2632 2958/3336/2958
f 2958/3336/2958 2595/3351/2632 2574/3352/2631 2664/3353/2854
f 2957/3335/2957 2958/3336/2958 2664/3353/2854 2663/3354/2853
f 2956/3334/2956 2957/3335/2957 2663/3354/2853 2662/3355/2852
f 2955/3333/2955 2956/3334/2956 2662/3355/2852 2661/3356/2851
f 2954/3332/2954 2955/3333/2955 2661/3356/2851 2660/3357/2850
f 2953/3330/2952 2954/3332/2954 2660/3357/2850 2659/3358/2849
f 2952/3331/2953 2953/3330/2952 2659/3358/2849 2658/3359/2848
f 2643/3128/2782 2952/3331/2953 2658/3359/2848 2578/3129/2783
f 2642/3127/2781 2945/3324/2946 2952/3331/2953 2643/3128/2782
f 2641/3126/2780 2938/3317/2939 2945/3324/2946 2642/3127/2781
f 2640/3125/2779 2931/3310/2932 2938/3317/2939 2641/3126/2780
f 2639/3124/2778 2924/3303/2925 2931/3310/2932 2640/3125/2779
f 2638/3123/2777 2917/3291/2913 2924/3303/2925 2639/3124/2778
f 2637/3122/2776 2910/3288/2910 2917/3291/2913 2638/3123/2777
o Toroide
v 0.375486 0.078239 0.731981
v 0.363219 0.081267 0.762430
v 0.329700 0.083484 0.784719
v 0.283913 0.084295 0.792877
v 0.238127 0.083484 0.784719
v 0.204608 0.081267 0.762430
v 0.192340 0.078239 0.731981
v 0.204608 0.075211 0.701533
v 0.238127 0.072994 0.679243
v 0.283913 0.072182 0.671086
v 0.329700 0.072994 0.679243
v 0.363219 0.075211 0.701533
v 0.371569 0.053597 0.735970
v 0.359405 0.057284 0.766311
v 0.326175 0.061306 0.788309
v 0.280780 0.064581 0.796068
v 0.235385 0.066234 0.787512
v 0.202153 0.065821 0.764929
v 0.189990 0.063453 0.734374
v 0.202153 0.059765 0.704033
v 0.235385 0.055744 0.682036
v 0.280780 0.052468 0.674276
v 0.326175 0.050815 0.682834
v 0.359405 0.051228 0.705415
v 0.359885 0.029375 0.739891
v 0.348034 0.033713 0.770127
v 0.315659 0.039507 0.791838
v 0.271432 0.045205 0.799206
v 0.227205 0.049280 0.790255
v 0.194829 0.050640 0.767387
v 0.182979 0.048921 0.736727
v 0.194829 0.044582 0.706491
v 0.227205 0.038788 0.684781
v 0.271432 0.033091 0.677413
v 0.315659 0.029016 0.686362
v 0.348034 0.027656 0.709231
v 0.340633 0.005990 0.743676
v 0.329300 0.010954 0.773810
v 0.298332 0.018461 0.795244
v 0.256031 0.026496 0.802233
v 0.213730 0.032910 0.792905
v 0.182763 0.035982 0.769759
v 0.171428 0.034890 0.738998
v 0.182763 0.029925 0.708863
v 0.213730 0.022420 0.687430
v 0.256031 0.014382 0.680441
v 0.298332 0.007970 0.689769
v 0.329300 0.004897 0.712915
v 0.314144 -0.016159 0.747262
v 0.303519 -0.010601 0.777300
v 0.274491 -0.001474 0.798471
v 0.234839 0.008777 0.805102
v 0.195187 0.017406 0.795415
v 0.166160 0.022099 0.772006
v 0.155535 0.021601 0.741149
v 0.166160 0.016042 0.711111
v 0.195187 0.006915 0.689940
v 0.234839 -0.003336 0.683309
v 0.274491 -0.011965 0.692995
v 0.303519 -0.016658 0.716403
v 0.280870 -0.036692 0.750584
v 0.271137 -0.030584 0.780534
v 0.244546 -0.019954 0.801462
v 0.208220 -0.007649 0.807760
v 0.171895 0.003032 0.797742
v 0.145304 0.009229 0.774089
v 0.135570 0.009280 0.743144
v 0.145304 0.003172 0.713194
v 0.171895 -0.007459 0.692267
v 0.208220 -0.019764 0.685968
v 0.244546 -0.030445 0.695987
v 0.271137 -0.036641 0.719639
v 0.241380 -0.055259 0.753591
v 0.232705 -0.048654 0.783459
v 0.209005 -0.036664 0.804167
v 0.176629 -0.022504 0.810165
v 0.144253 -0.009965 0.799845
v 0.120551 -0.002409 0.775973
v 0.111876 -0.001860 0.744947
v 0.120551 -0.008465 0.715078
v 0.144253 -0.020455 0.694370
v 0.176629 -0.034617 0.688372
v 0.209005 -0.047155 0.698692
v 0.232705 -0.054711 0.722563
v 0.196352 -0.071543 0.756227
v 0.188883 -0.064501 0.786025
v 0.168479 -0.051319 0.806540
v 0.140605 -0.035529 0.812274
v 0.112733 -0.021363 0.801690
v 0.092327 -0.012615 0.777626
v 0.084859 -0.011631 0.746528
v 0.092327 -0.018672 0.716730
v 0.112733 -0.031853 0.696214
v 0.140605 -0.047643 0.690481
v 0.168479 -0.061809 0.701064
v 0.188883 -0.070558 0.725129
v 0.146553 -0.085263 0.758448
v 0.140419 -0.077853 0.788186
v 0.123660 -0.063667 0.808538
v 0.100767 -0.046506 0.814050
v 0.077874 -0.030967 0.803245
v 0.061114 -0.021215 0.779018
v 0.054980 -0.019862 0.747860
v 0.061114 -0.027271 0.718121
v 0.077874 -0.041457 0.697770
v 0.100767 -0.058619 0.692257
v 0.123660 -0.074158 0.703063
v 0.140419 -0.083910 0.727291
v 0.092838 -0.096185 0.760215
v 0.088144 -0.088483 0.789907
v 0.075316 -0.073498 0.810129
v 0.057795 -0.055243 0.815465
v 0.040273 -0.038613 0.804483
v 0.027446 -0.028061 0.780126
v 0.022751 -0.026415 0.748922
v 0.027446 -0.034118 0.719231
v 0.040273 -0.049104 0.699008
v 0.057795 -0.067357 0.693672
v 0.075316 -0.083988 0.704654
v 0.088144 -0.094539 0.729010
v 0.036125 -0.104124 0.761500
v 0.032949 -0.096209 0.791156
v 0.024274 -0.080642 0.811285
v 0.012424 -0.061594 0.816492
v 0.000573 -0.044169 0.805382
v -0.008101 -0.033036 0.780932
v -0.011277 -0.031179 0.749692
v -0.008101 -0.039094 0.720035
v 0.000573 -0.054660 0.699907
v 0.012424 -0.073708 0.694700
v 0.024274 -0.091133 0.705810
v 0.032949 -0.102265 0.730261
v -0.022617 -0.108941 0.762280
v -0.024218 -0.100897 0.791916
v -0.028593 -0.084978 0.811987
v -0.034569 -0.065448 0.817117
v -0.040545 -0.047542 0.805927
v -0.044920 -0.036056 0.781420
v -0.046522 -0.034070 0.750160
v -0.044920 -0.042113 0.720525
v -0.040545 -0.058033 0.700453
v -0.034569 -0.077563 0.695324
v -0.028593 -0.095468 0.706513
v -0.024218 -0.106955 0.731020
v -0.082379 -0.110557 0.762542
v -0.082379 -0.102469 0.792171
v -0.082379 -0.086431 0.812223
v -0.082379 -0.066740 0.817325
v -0.082379 -0.048672 0.806111
v -0.082379 -0.037069 0.781584
v -0.082379 -0.035038 0.750318
v -0.082379 -0.043125 0.720688
v -0.082379 -0.059163 0.700636
v -0.082379 -0.078854 0.695534
v -0.082379 -0.096922 0.706748
v -0.082379 -0.108526 0.731275
v -0.142144 -0.108941 0.762280
v -0.140542 -0.100897 0.791916
v -0.136167 -0.084978 0.811987
v -0.130190 -0.065448 0.817117
v -0.124215 -0.047542 0.805927
v -0.119839 -0.036056 0.781420
v -0.118238 -0.034070 0.750160
v -0.119839 -0.042113 0.720525
v -0.124215 -0.058033 0.700453
v -0.130190 -0.077563 0.695324
v -0.136167 -0.095468 0.706513
v -0.140542 -0.106955 0.731020
v -0.200885 -0.104124 0.761500
v -0.197709 -0.096209 0.791156
v -0.189034 -0.080642 0.811285
v -0.177183 -0.061594 0.816492
v -0.165333 -0.044169 0.805382
v -0.156658 -0.033036 0.780932
v -0.153483 -0.031179 0.749692
v -0.156658 -0.039094 0.720035
v -0.165333 -0.054660 0.699907
v -0.177183 -0.073708 0.694700
v -0.189034 -0.091133 0.705810
v -0.197709 -0.102265 0.730261
v -0.257597 -0.096185 0.760215
v -0.252903 -0.088483 0.789907
v -0.240076 -0.073498 0.810129
v -0.222554 -0.055243 0.815465
v -0.205032 -0.038613 0.804483
v -0.192205 -0.028061 0.780126
v -0.187510 -0.026415 0.748922
v -0.192205 -0.034118 0.719231
v -0.205032 -0.049104 0.699008
v -0.222554 -0.067357 0.693672
v -0.240076 -0.083988 0.704654
v -0.252903 -0.094540 0.729010
v -0.311313 -0.085263 0.758448
v -0.305179 -0.077853 0.788186
v -0.288420 -0.063667 0.808538
v -0.265526 -0.046506 0.814050
v -0.242633 -0.030967 0.803245
v -0.225873 -0.021215 0.779018
v -0.219740 -0.019862 0.747860
v -0.225873 -0.027271 0.718121
v -0.242633 -0.041457 0.697770
v -0.265526 -0.058619 0.692257
v -0.288420 -0.074158 0.703063
v -0.305179 -0.083910 0.727291
v -0.361111 -0.071543 0.756227
v -0.353643 -0.064501 0.786025
v -0.333238 -0.051319 0.806540
v -0.305365 -0.035529 0.812274
v -0.277492 -0.021363 0.801690
v -0.257087 -0.012615 0.777626
v -0.249619 -0.011631 0.746528
v -0.257087 -0.018672 0.716730
v -0.277492 -0.031853 0.696214
v -0.305365 -0.047643 0.690481
v -0.333238 -0.061809 0.701064
v -0.353643 -0.070558 0.725129
v -0.406141 -0.055259 0.753591
v -0.397465 -0.048654 0.783459
v -0.373765 -0.036664 0.804167
v -0.341389 -0.022503 0.810165
v -0.309012 -0.009965 0.799845
v -0.285311 -0.002409 0.775973
v -0.276636 -0.001860 0.744947
v -0.285311 -0.008465 0.715078
v -0.309012 -0.020455 0.694370
v -0.341389 -0.034617 0.688372
v -0.373765 -0.047155 0.698692
v -0.397465 -0.054711 0.722563
v -0.445630 -0.036692 0.750584
v -0.435897 -0.030584 0.780534
v -0.409305 -0.019954 0.801462
v -0.372980 -0.007650 0.807760
v -0.336655 0.003032 0.797742
v -0.310063 0.009229 0.774089
v -0.300330 0.009280 0.743144
v -0.310063 0.003172 0.713194
v -0.336655 -0.007459 0.692267
v -0.372980 -0.019764 0.685968
v -0.409305 -0.030445 0.695987
v -0.435897 -0.036641 0.719639
v -0.478904 -0.016159 0.747262
v -0.468279 -0.010601 0.777300
v -0.439251 -0.001474 0.798471
v -0.399599 0.008777 0.805102
v -0.359946 0.017406 0.795415
v -0.330919 0.022099 0.772006
v -0.320294 0.021601 0.741149
v -0.330919 0.016042 0.711111
v -0.359946 0.006915 0.689940
v -0.399599 -0.003336 0.683309
v -0.439251 -0.011965 0.692995
v -0.468279 -0.016658 0.716403
v -0.505393 0.005990 0.743676
v -0.494058 0.010954 0.773810
v -0.463092 0.018461 0.795244
v -0.420791 0.026496 0.802233
v -0.378489 0.032910 0.792905
v -0.347523 0.035982 0.769759
v -0.336187 0.034890 0.738998
v -0.347523 0.029925 0.708863
v -0.378489 0.022420 0.687430
v -0.420791 0.014382 0.680441
v -0.463092 0.007970 0.689769
v -0.494058 0.004897 0.712915
v -0.524645 0.029375 0.739891
v -0.512794 0.033713 0.770127
v -0.480418 0.039507 0.791838
v -0.436192 0.045205 0.799206
v -0.391965 0.049280 0.790255
v -0.359589 0.050640 0.767387
v -0.347739 0.048921 0.736727
v -0.359589 0.044582 0.706491
v -0.391965 0.038788 0.684781
v -0.436192 0.033091 0.677413
v -0.480418 0.029016 0.686362
v -0.512794 0.027656 0.709231
v -0.536329 0.053597 0.735970
v -0.524165 0.057284 0.766311
v -0.490935 0.061306 0.788309
v -0.445540 0.064581 0.796068
v -0.400145 0.066234 0.787512
v -0.366913 0.065821 0.764929
v -0.354750 0.063453 0.734374
v -0.366913 0.059765 0.704033
v -0.400145 0.055744 0.682036
v -0.445540 0.052468 0.674276
v -0.490935 0.050815 0.682834
v -0.524165 0.051228 0.705415
v -0.540246 0.078239 0.731981
v -0.527978 0.081267 0.762430
v -0.494459 0.083484 0.784719
v -0.448673 0.084295 0.792877
v -0.402887 0.083484 0.784719
v -0.369368 0.081267 0.762430
v -0.357099 0.078239 0.731981
v -0.369368 0.075211 0.701533
v -0.402887 0.072994 0.679243
v -0.448673 0.072182 0.671086
v -0.494459 0.072994 0.679243
v -0.527978 0.075211 0.701533
v -0.536329 0.102882 0.727993
v -0.524165 0.105250 0.758547
v -0.490935 0.105663 0.781129
v -0.445540 0.104010 0.789687
v -0.400145 0.100734 0.781927
v -0.366913 0.096714 0.759930
v -0.354750 0.093025 0.729588
v -0.366913 0.090656 0.699033
v -0.400145 0.090243 0.676452
v -0.445540 0.091896 0.667895
v -0.490935 0.095172 0.675654
v -0.524165 0.099193 0.697652
v -0.524645 0.127102 0.724071
v -0.512794 0.128822 0.754732
v -0.480418 0.127461 0.777600
v -0.436192 0.123387 0.786550
v -0.391965 0.117689 0.779183
v -0.359589 0.111895 0.757471
v -0.347739 0.107557 0.727236
v -0.359589 0.105838 0.696576
v -0.391965 0.107198 0.673708
v -0.436192 0.111273 0.664758
v -0.480418 0.116970 0.672125
v -0.512794 0.122765 0.693836
v -0.505393 0.150488 0.720287
v -0.494058 0.151580 0.751048
v -0.463092 0.148508 0.774194
v -0.420791 0.142095 0.783522
v -0.378490 0.134058 0.776533
v -0.347523 0.126553 0.755100
v -0.336187 0.121588 0.724964
v -0.347523 0.120495 0.694203
v -0.378490 0.123568 0.671058
v -0.420791 0.129982 0.661730
v -0.463092 0.138018 0.668719
v -0.494058 0.145524 0.690153
v -0.478904 0.172637 0.716702
v -0.468279 0.173136 0.747559
v -0.439251 0.168443 0.770967
v -0.399599 0.159814 0.780653
v -0.359946 0.149562 0.774022
v -0.330919 0.140435 0.752852
v -0.320294 0.134878 0.722814
v -0.330919 0.134378 0.691956
v -0.359946 0.139072 0.668548
v -0.399599 0.147700 0.658861
v -0.439251 0.157952 0.665491
v -0.468279 0.167079 0.686663
v -0.445630 0.193171 0.713379
v -0.435897 0.193119 0.744324
v -0.409305 0.186923 0.767975
v -0.372980 0.176241 0.777995
v -0.336655 0.163936 0.771696
v -0.310063 0.153305 0.750769
v -0.300330 0.147197 0.720820
v -0.310063 0.147249 0.689873
v -0.336655 0.153446 0.666221
v -0.372980 0.164127 0.656203
v -0.409305 0.176432 0.662500
v -0.435897 0.187063 0.683428
v -0.406141 0.211737 0.710372
v -0.397465 0.211189 0.741399
v -0.373765 0.203633 0.765271
v -0.341389 0.191094 0.775591
v -0.309012 0.176934 0.769593
v -0.285311 0.164944 0.748885
v -0.276636 0.158338 0.719016
v -0.285311 0.158887 0.687989
v -0.309012 0.166443 0.664118
v -0.341389 0.178981 0.653798
v -0.373765 0.193143 0.659796
v -0.397465 0.205132 0.680504
v -0.361111 0.228020 0.707736
v -0.353643 0.227035 0.738834
v -0.333239 0.218288 0.762899
v -0.305365 0.204122 0.773482
v -0.277492 0.188331 0.767747
v -0.257087 0.175150 0.747233
v -0.249619 0.168108 0.717435
v -0.257087 0.169092 0.686337
v -0.277492 0.177841 0.662272
v -0.305365 0.192007 0.651689
v -0.333239 0.207797 0.657424
v -0.353643 0.220979 0.677938
v -0.311313 0.241740 0.705515
v -0.305179 0.240388 0.736673
v -0.288420 0.230636 0.760900
v -0.265526 0.215098 0.771705
v -0.242633 0.197936 0.766193
v -0.225873 0.183749 0.745841
v -0.219740 0.176340 0.716102
v -0.225873 0.177693 0.684945
v -0.242633 0.187444 0.660718
v -0.265526 0.202983 0.649913
v -0.288420 0.220145 0.655425
v -0.305179 0.234331 0.675777
v -0.257597 0.252663 0.703748
v -0.252903 0.251018 0.734953
v -0.240076 0.240467 0.759309
v -0.222554 0.223835 0.770291
v -0.205032 0.205581 0.764955
v -0.192205 0.190595 0.744733
v -0.187510 0.182894 0.715041
v -0.192205 0.184539 0.683836
v -0.205032 0.195090 0.659480
v -0.222554 0.211722 0.648498
v -0.240076 0.229976 0.653834
v -0.252903 0.244961 0.674057
v -0.200885 0.260601 0.702464
v -0.197709 0.258743 0.733702
v -0.189034 0.247610 0.758152
v -0.177184 0.230186 0.769262
v -0.165333 0.211138 0.764055
v -0.156658 0.195571 0.743928
v -0.153483 0.187656 0.714270
v -0.156658 0.189515 0.683031
v -0.165333 0.200647 0.658582
v -0.177184 0.218072 0.647471
v -0.189034 0.237120 0.652677
v -0.197709 0.252686 0.672806
v -0.142144 0.265419 0.701684
v -0.140542 0.263432 0.732942
v -0.136167 0.251946 0.757451
v -0.130191 0.234040 0.768639
v -0.124215 0.214511 0.763510
v -0.119839 0.198591 0.743438
v -0.118239 0.190547 0.713802
v -0.119839 0.192534 0.682543
v -0.124215 0.204020 0.658035
v -0.130191 0.221926 0.646847
v -0.136167 0.241456 0.651976
v -0.140542 0.257375 0.672047
v -0.082379 0.267035 0.701421
v -0.082379 0.265004 0.732689
v -0.082379 0.253400 0.757215
v -0.082379 0.235332 0.768430
v -0.082379 0.215641 0.763327
v -0.082379 0.199603 0.743274
v -0.082379 0.191516 0.713646
v -0.082379 0.193547 0.682379
v -0.082379 0.205150 0.657852
v -0.082379 0.223219 0.646637
v -0.082379 0.242909 0.651739
v -0.082379 0.258947 0.671792
v -0.022617 0.265419 0.701684
v -0.024218 0.263432 0.732942
v -0.028593 0.251946 0.757451
v -0.034569 0.234040 0.768639
v -0.040545 0.214511 0.763510
v -0.044920 0.198591 0.743438
v -0.046522 0.190547 0.713802
v -0.044920 0.192534 0.682543
v -0.040545 0.204020 0.658035
v -0.034569 0.221926 0.646847
v -0.028593 0.241456 0.651976
v -0.024218 0.257375 0.672047
v 0.036125 0.260601 0.702464
v 0.032949 0.258743 0.733702
v 0.024274 0.247610 0.758152
v 0.012424 0.230186 0.769262
v 0.000573 0.211138 0.764055
v -0.008101 0.195571 0.743928
v -0.011277 0.187656 0.714270
v -0.008101 0.189515 0.683031
v 0.000573 0.200647 0.658582
v 0.012424 0.218072 0.647471
v 0.024274 0.237120 0.652677
v 0.032949 0.252686 0.672806
v 0.092838 0.252663 0.703748
v 0.088144 0.251018 0.734953
v 0.075316 0.240467 0.759309
v 0.057795 0.223835 0.770291
v 0.040273 0.205581 0.764955
v 0.027446 0.190595 0.744733
v 0.022751 0.182894 0.715041
v 0.027446 0.184539 0.683836
v 0.040273 0.195090 0.659480
v 0.057795 0.211722 0.648498
v 0.075316 0.229976 0.653834
v 0.088144 0.244961 0.674057
v 0.146553 0.241740 0.705515
v 0.140419 0.240388 0.736673
v 0.123660 0.230636 0.760900
v 0.100767 0.215097 0.771705
v 0.077874 0.197936 0.766193
v 0.061114 0.183749 0.745841
v 0.054980 0.176340 0.716102
v 0.061114 0.177693 0.684945
v 0.077874 0.187444 0.660718
v 0.100767 0.202983 0.649913
v 0.123660 0.220145 0.655425
v 0.140419 0.234331 0.675777
v 0.196352 0.228021 0.707736
v 0.188883 0.227035 0.738834
v 0.168478 0.218288 0.762899
v 0.140605 0.204122 0.773482
v 0.112733 0.188332 0.767747
v 0.092327 0.175150 0.747233
v 0.084859 0.168108 0.717435
v 0.092327 0.169092 0.686337
v 0.112733 0.177841 0.662272
v 0.140605 0.192007 0.651689
v 0.168478 0.207797 0.657424
v 0.188883 0.220979 0.677938
v 0.241380 0.211738 0.710372
v 0.232705 0.211189 0.741399
v 0.209004 0.203633 0.765271
v 0.176628 0.191094 0.775591
v 0.144253 0.176934 0.769593
v 0.120551 0.164944 0.748885
v 0.111876 0.158338 0.719016
v 0.120551 0.158887 0.687989
v 0.144253 0.166443 0.664118
v 0.176628 0.178981 0.653798
v 0.209004 0.193143 0.659796
v 0.232705 0.205132 0.680504
v 0.280870 0.193171 0.713379
v 0.271137 0.193119 0.744324
v 0.244546 0.186923 0.767975
v 0.208220 0.176241 0.777995
v 0.171895 0.163936 0.771696
v 0.145304 0.153305 0.750769
v 0.135570 0.147197 0.720820
v 0.145304 0.147249 0.689873
v 0.171895 0.153446 0.666221
v 0.208220 0.164127 0.656203
v 0.244546 0.176432 0.662500
v 0.271137 0.187063 0.683428
v 0.314144 0.172637 0.716702
v 0.303519 0.173136 0.747559
v 0.274491 0.168443 0.770967
v 0.234839 0.159814 0.780653
v 0.195187 0.149562 0.774022
v 0.166160 0.140435 0.752852
v 0.155535 0.134878 0.722814
v 0.166160 0.134379 0.691956
v 0.195187 0.139072 0.668548
v 0.234839 0.147700 0.658861
v 0.274491 0.157952 0.665491
v 0.303519 0.167079 0.686663
v 0.340633 0.150488 0.720287
v 0.329300 0.151580 0.751048
v 0.298332 0.148508 0.774194
v 0.256031 0.142095 0.783522
v 0.213729 0.134059 0.776533
v 0.182763 0.126553 0.755100
v 0.171428 0.121589 0.724964
v 0.182763 0.120495 0.694203
v 0.213729 0.123568 0.671058
v 0.256031 0.129982 0.661730
v 0.298332 0.138018 0.668719
v 0.329300 0.145524 0.690153
v 0.359885 0.127102 0.724071
v 0.348034 0.128822 0.754732
v 0.315659 0.127461 0.777600
v 0.271432 0.123387 0.786550
v 0.227205 0.117689 0.779183
v 0.194829 0.111895 0.757471
v 0.182979 0.107557 0.727236
v 0.194829 0.105838 0.696576
v 0.227205 0.107198 0.673708
v 0.271432 0.111273 0.664758
v 0.315659 0.116970 0.672125
v 0.348034 0.122765 0.693836
v 0.371569 0.102882 0.727993
v 0.359405 0.105250 0.758547
v 0.326175 0.105663 0.781129
v 0.280780 0.104010 0.789687
v 0.235385 0.100734 0.781927
v 0.202153 0.096714 0.759930
v 0.189990 0.093025 0.729588
v 0.202153 0.090656 0.699033
v 0.235385 0.090243 0.676452
v 0.280780 0.091896 0.667895
v 0.326175 0.095172 0.675654
v 0.359405 0.099193 0.697652
v 0.182763 0.126553 0.755100
v 0.182763 0.126553 0.755100
v 0.227205 0.117689 0.779183
v 0.227205 0.117689 0.779183
v 0.280785 0.064571 0.796051
v 0.166160 0.016042 0.711111
v 0.189991 0.063453 0.734372
vn 1.0000 -0.0000 -0.0000
vn 0.7601 0.1039 0.6415
vn 0.7433 -0.1312 0.6560
vn 0.9536 -0.2997 0.0298
vn 0.3661 0.1487 0.9186
vn 0.3633 0.0347 0.9310
vn 0.0072 0.1598 0.9871
vn 0.0071 0.1575 0.9875
vn -0.3527 0.1496 0.9237
vn -0.3457 0.2564 0.9026
vn -0.7521 0.1053 0.6506
vn -0.7226 0.3291 0.6079
vn -1.0000 -0.0000 -0.0000
vn -0.9536 0.2997 -0.0298
vn -0.7521 -0.1053 -0.6506
vn -0.7358 0.1273 -0.6651
vn -0.3527 -0.1496 -0.9237
vn -0.3501 -0.0397 -0.9359
vn 0.0072 -0.1598 -0.9871
vn 0.0071 -0.1620 -0.9868
vn 0.3661 -0.1486 -0.9186
vn 0.3587 -0.2597 -0.8966
vn 0.7601 -0.1039 -0.6415
vn 0.7299 -0.3303 -0.5985
vn 0.6857 -0.3416 0.6427
vn 0.8412 -0.5380 0.0535
vn 0.3507 -0.0769 0.9333
vn 0.0070 0.1554 0.9878
vn -0.3301 0.3560 0.8742
vn -0.6583 0.5164 0.5477
vn -0.8412 0.5380 -0.0535
vn -0.6797 0.3361 -0.6520
vn -0.3382 0.0678 -0.9386
vn 0.0070 -0.1642 -0.9864
vn 0.3421 -0.3626 -0.8669
vn 0.6643 -0.5188 -0.5381
vn 0.6052 -0.5088 0.6123
vn 0.7094 -0.7014 0.0698
vn 0.3292 -0.1808 0.9268
vn 0.0066 0.1532 0.9882
vn -0.3073 0.4448 0.8412
vn -0.5771 0.6580 0.4837
vn -0.7094 0.7014 -0.0698
vn -0.6007 0.5028 -0.6216
vn -0.3180 0.1684 -0.9330
vn 0.0066 -0.1662 -0.9861
vn 0.3179 -0.4541 -0.8323
vn 0.5816 -0.6610 -0.4741
vn 0.5182 -0.6322 0.5760
vn 0.5855 -0.8067 0.0803
vn 0.3011 -0.2737 0.9135
vn 0.0062 0.1512 0.9885
vn -0.2792 0.5214 0.8063
vn -0.4931 0.7591 0.4250
vn -0.5855 0.8067 -0.0803
vn -0.5150 0.6264 -0.5852
vn -0.2913 0.2587 -0.9210
vn 0.0062 -0.1682 -0.9857
vn 0.2883 -0.5326 -0.7958
vn 0.4963 -0.7622 -0.4156
vn 0.4342 -0.7203 0.5409
vn 0.4774 -0.8744 0.0870
vn 0.2680 -0.3535 0.8962
vn 0.0057 0.1494 0.9888
vn -0.2475 0.5854 0.7720
vn -0.4133 0.8297 0.3753
vn -0.4774 0.8744 -0.0870
vn -0.4320 0.7149 -0.5498
vn -0.2598 0.3369 -0.9050
vn 0.0057 -0.1701 -0.9854
vn 0.2551 -0.5977 -0.7601
vn 0.4155 -0.8326 -0.3663
vn 0.3567 -0.7824 0.5105
vn 0.3848 -0.9185 0.0913
vn 0.2317 -0.4200 0.8774
vn 0.0051 0.1477 0.9890
vn -0.2134 0.6376 0.7402
vn -0.3399 0.8787 0.3353
vn -0.3848 0.9185 -0.0913
vn -0.3552 0.7775 -0.5190
vn -0.2250 0.4023 -0.8874
vn 0.0051 -0.1717 -0.9851
vn 0.2196 -0.6503 -0.7272
vn 0.3416 -0.8813 -0.3266
vn 0.2863 -0.8261 0.4854
vn 0.3048 -0.9477 0.0943
vn 0.1939 -0.4737 0.8591
vn 0.0043 0.1462 0.9892
vn -0.1783 0.6789 0.7123
vn -0.2732 0.9127 0.3038
vn -0.3047 0.9478 -0.0943
vn -0.2853 0.8215 -0.4936
vn -0.1886 0.4553 -0.8701
vn 0.0043 -0.1733 -0.9849
vn 0.1832 -0.6919 -0.6983
vn 0.2744 -0.9151 -0.2955
vn 0.2219 -0.8566 0.4658
vn 0.2340 -0.9675 0.0962
vn 0.1552 -0.5155 0.8427
vn 0.0035 0.1451 0.9894
vn -0.1426 0.7107 0.6889
vn -0.2121 0.9363 0.2798
vn -0.2340 0.9675 -0.0962
vn -0.2212 0.8524 -0.4737
vn -0.1512 0.4969 -0.8545
vn 0.0034 -0.1745 -0.9847
vn 0.1464 -0.7239 -0.6742
vn 0.2130 -0.9385 -0.2719
vn 0.1624 -0.8776 0.4511
vn 0.1702 -0.9806 0.0976
vn 0.1163 -0.5467 0.8292
vn 0.0028 0.1441 0.9896
vn -0.1069 0.7342 0.6704
vn -0.1554 0.9524 0.2623
vn -0.1702 0.9806 -0.0976
vn -0.1619 0.8736 -0.4589
vn -0.1135 0.5279 -0.8417
vn 0.0028 -0.1755 -0.9845
vn 0.1095 -0.7473 -0.6554
vn 0.1560 -0.9544 -0.2546
vn 0.1064 -0.8912 0.4410
vn 0.1111 -0.9889 0.0984
vn 0.0774 -0.5681 0.8193
vn 0.0019 0.1433 0.9897
vn -0.0711 0.7503 0.6573
vn -0.1018 0.9628 0.2504
vn -0.1111 0.9889 -0.0984
vn -0.1060 0.8874 -0.4486
vn -0.0756 0.5495 -0.8321
vn 0.0019 -0.1761 -0.9844
vn 0.0728 -0.7633 -0.6419
vn 0.1022 -0.9647 -0.2429
vn 0.0526 -0.8988 0.4351
vn 0.0549 -0.9936 0.0988
vn 0.0387 -0.5807 0.8132
vn 0.0009 0.1430 0.9897
vn -0.0355 0.7597 0.6493
vn -0.0504 0.9686 0.2434
vn -0.0546 0.9936 -0.0988
vn -0.0524 0.8952 -0.4426
vn -0.0378 0.5620 -0.8263
vn 0.0009 -0.1766 -0.9843
vn 0.0364 -0.7727 -0.6337
vn 0.0506 -0.9704 -0.2360
vn -0.0000 -0.9013 0.4332
vn -0.0000 -0.9951 0.0990
vn -0.0000 -0.5849 0.8111
vn -0.0000 0.1427 0.9898
vn -0.0000 0.7628 0.6466
vn -0.0000 0.9705 0.2412
vn -0.0000 0.9951 -0.0990
vn -0.0000 0.8977 -0.4406
vn -0.0000 0.5662 -0.8243
vn -0.0000 -0.1768 -0.9842
vn -0.0000 -0.7757 -0.6311
vn -0.0000 -0.9723 -0.2338
vn -0.0526 -0.8988 0.4351
vn -0.0551 -0.9936 0.0988
vn -0.0387 -0.5807 0.8132
vn -0.0009 0.1429 0.9897
vn 0.0355 0.7597 0.6493
vn 0.0504 0.9686 0.2434
vn 0.0546 0.9936 -0.0988
vn 0.0524 0.8952 -0.4426
vn 0.0378 0.5620 -0.8263
vn -0.0009 -0.1766 -0.9843
vn -0.0364 -0.7727 -0.6337
vn -0.0506 -0.9704 -0.2360
vn -0.1064 -0.8912 0.4410
vn -0.1111 -0.9889 0.0984
vn -0.0774 -0.5681 0.8193
vn -0.0018 0.1434 0.9897
vn 0.0711 0.7503 0.6573
vn 0.1018 0.9628 0.2504
vn 0.1110 0.9889 -0.0984
vn 0.1060 0.8874 -0.4486
vn 0.0756 0.5495 -0.8321
vn -0.0019 -0.1761 -0.9844
vn -0.0728 -0.7634 -0.6418
vn -0.1022 -0.9647 -0.2429
vn -0.1624 -0.8776 0.4511
vn -0.1702 -0.9806 0.0975
vn -0.1163 -0.5467 0.8292
vn -0.0028 0.1441 0.9896
vn 0.1069 0.7342 0.6704
vn 0.1554 0.9524 0.2623
vn 0.1702 0.9806 -0.0976
vn 0.1619 0.8736 -0.4588
vn 0.1135 0.5279 -0.8417
vn -0.0028 -0.1755 -0.9845
vn -0.1095 -0.7473 -0.6554
vn -0.1560 -0.9544 -0.2546
vn -0.2219 -0.8566 0.4658
vn -0.2340 -0.9675 0.0962
vn -0.1552 -0.5155 0.8427
vn -0.0035 0.1451 0.9894
vn 0.1426 0.7107 0.6889
vn 0.2121 0.9363 0.2799
vn 0.2340 0.9675 -0.0962
vn 0.2212 0.8524 -0.4737
vn 0.1512 0.4968 -0.8546
vn -0.0035 -0.1745 -0.9847
vn -0.1464 -0.7239 -0.6742
vn -0.2130 -0.9385 -0.2719
vn -0.2863 -0.8261 0.4854
vn -0.3048 -0.9477 0.0943
vn -0.1939 -0.4736 0.8591
vn -0.0043 0.1462 0.9892
vn 0.1783 0.6789 0.7123
vn 0.2732 0.9127 0.3038
vn 0.3047 0.9478 -0.0943
vn 0.2853 0.8215 -0.4936
vn 0.1887 0.4553 -0.8701
vn -0.0043 -0.1733 -0.9849
vn -0.1832 -0.6919 -0.6983
vn -0.2744 -0.9151 -0.2955
vn -0.3567 -0.7825 0.5104
vn -0.3848 -0.9185 0.0914
vn -0.2317 -0.4200 0.8774
vn -0.0051 0.1477 0.9890
vn 0.2134 0.6376 0.7402
vn 0.3399 0.8787 0.3353
vn 0.3848 0.9185 -0.0913
vn 0.3552 0.7775 -0.5190
vn 0.2250 0.4023 -0.8874
vn -0.0051 -0.1717 -0.9851
vn -0.2196 -0.6503 -0.7272
vn -0.3416 -0.8813 -0.3266
vn -0.4342 -0.7203 0.5409
vn -0.4774 -0.8744 0.0870
vn -0.2680 -0.3535 0.8962
vn -0.0057 0.1494 0.9888
vn 0.2474 0.5854 0.7721
vn 0.4132 0.8297 0.3753
vn 0.4774 0.8744 -0.0870
vn 0.4320 0.7149 -0.5498
vn 0.2598 0.3369 -0.9050
vn -0.0057 -0.1701 -0.9854
vn -0.2551 -0.5977 -0.7601
vn -0.4155 -0.8326 -0.3663
vn -0.5182 -0.6322 0.5760
vn -0.5855 -0.8067 0.0802
vn -0.3011 -0.2737 0.9135
vn -0.0062 0.1512 0.9885
vn 0.2792 0.5214 0.8063
vn 0.4931 0.7591 0.4250
vn 0.5855 0.8067 -0.0803
vn 0.5150 0.6264 -0.5852
vn 0.2913 0.2587 -0.9210
vn -0.0062 -0.1682 -0.9857
vn -0.2883 -0.5326 -0.7958
vn -0.4963 -0.7622 -0.4156
vn -0.6052 -0.5088 0.6123
vn -0.7094 -0.7014 0.0698
vn -0.3292 -0.1808 0.9268
vn -0.0066 0.1532 0.9882
vn 0.3073 0.4448 0.8412
vn 0.5771 0.6580 0.4837
vn 0.7094 0.7014 -0.0698
vn 0.6007 0.5028 -0.6216
vn 0.3180 0.1684 -0.9330
vn -0.0066 -0.1662 -0.9861
vn -0.3179 -0.4541 -0.8323
vn -0.5816 -0.6610 -0.4741
vn -0.6857 -0.3416 0.6427
vn -0.8413 -0.5379 0.0535
vn -0.3507 -0.0769 0.9333
vn -0.0070 0.1554 0.9878
vn 0.3301 0.3560 0.8742
vn 0.6583 0.5164 0.5477
vn 0.8412 0.5380 -0.0535
vn 0.6797 0.3361 -0.6520
vn 0.3382 0.0678 -0.9386
vn -0.0070 -0.1642 -0.9864
vn -0.3421 -0.3626 -0.8669
vn -0.6643 -0.5188 -0.5381
vn -0.7433 -0.1312 0.6560
vn -0.9536 -0.2997 0.0298
vn -0.3633 0.0347 0.9310
vn -0.0071 0.1575 0.9875
vn 0.3457 0.2564 0.9026
vn 0.7226 0.3291 0.6080
vn 0.9536 0.2997 -0.0298
vn 0.7358 0.1273 -0.6651
vn 0.3501 -0.0397 -0.9359
vn -0.0071 -0.1619 -0.9868
vn -0.3587 -0.2597 -0.8966
vn -0.7299 -0.3303 -0.5985
vn -0.7601 0.1038 0.6415
vn -0.3661 0.1487 0.9186
vn -0.0072 0.1598 0.9871
vn 0.3527 0.1495 0.9237
vn 0.7520 0.1053 0.6506
vn 0.7521 -0.1053 -0.6506
vn 0.3527 -0.1496 -0.9237
vn -0.0072 -0.1598 -0.9871
vn -0.3661 -0.1487 -0.9186
vn -0.7601 -0.1038 -0.6415
vn -0.7300 0.3299 0.5986
vn -0.3587 0.2597 0.8966
vn -0.0071 0.1620 0.9868
vn 0.3501 0.0397 0.9359
vn 0.7358 -0.1273 0.6651
vn 0.7226 -0.3291 -0.6080
vn 0.3457 -0.2564 -0.9026
vn -0.0071 -0.1576 -0.9875
vn -0.3633 -0.0347 -0.9310
vn -0.7433 0.1312 -0.6560
vn -0.6643 0.5188 0.5381
vn -0.3421 0.3626 0.8669
vn -0.0070 0.1642 0.9864
vn 0.3382 -0.0678 0.9386
vn 0.6797 -0.3361 0.6520
vn 0.6583 -0.5164 -0.5477
vn 0.3301 -0.3560 -0.8742
vn -0.0070 -0.1554 -0.9878
vn -0.3507 0.0769 -0.9333
vn -0.6857 0.3416 -0.6427
vn -0.5816 0.6610 0.4741
vn -0.3179 0.4541 0.8323
vn -0.0066 0.1662 0.9861
vn 0.3180 -0.1684 0.9330
vn 0.6007 -0.5028 0.6216
vn 0.5771 -0.6580 -0.4837
vn 0.3073 -0.4448 -0.8412
vn -0.0066 -0.1532 -0.9882
vn -0.3292 0.1808 -0.9268
vn -0.6052 0.5088 -0.6123
vn -0.4963 0.7622 0.4156
vn -0.2883 0.5325 0.7958
vn -0.0062 0.1683 0.9857
vn 0.2913 -0.2587 0.9210
vn 0.5150 -0.6264 0.5852
vn 0.4930 -0.7591 -0.4250
vn 0.2792 -0.5214 -0.8063
vn -0.0062 -0.1512 -0.9885
vn -0.3011 0.2737 -0.9135
vn -0.5182 0.6322 -0.5760
vn -0.4155 0.8326 0.3663
vn -0.2550 0.5976 0.7601
vn -0.0057 0.1701 0.9854
vn 0.2597 -0.3369 0.9050
vn 0.4320 -0.7149 0.5498
vn 0.4132 -0.8297 -0.3753
vn 0.2475 -0.5854 -0.7720
vn -0.0057 -0.1494 -0.9888
vn -0.2679 0.3536 -0.8962
vn -0.4342 0.7203 -0.5409
vn -0.3416 0.8813 0.3266
vn -0.2196 0.6503 0.7272
vn -0.0051 0.1717 0.9851
vn 0.2250 -0.4023 0.8874
vn 0.3552 -0.7775 0.5190
vn 0.3399 -0.8787 -0.3353
vn 0.2134 -0.6376 -0.7402
vn -0.0051 -0.1477 -0.9890
vn -0.2317 0.4200 -0.8774
vn -0.3567 0.7824 -0.5104
vn -0.2744 0.9151 0.2956
vn -0.1832 0.6919 0.6983
vn -0.0043 0.1733 0.9849
vn 0.1886 -0.4553 0.8701
vn 0.2851 -0.8216 0.4936
vn 0.2732 -0.9127 -0.3038
vn 0.1783 -0.6789 -0.7123
vn -0.0043 -0.1462 -0.9892
vn -0.1939 0.4736 -0.8591
vn -0.2863 0.8261 -0.4854
vn -0.2130 0.9385 0.2719
vn -0.1464 0.7239 0.6742
vn -0.0036 0.1745 0.9847
vn 0.1512 -0.4969 0.8545
vn 0.2212 -0.8524 0.4737
vn 0.2121 -0.9363 -0.2798
vn 0.1426 -0.7107 -0.6889
vn -0.0036 -0.1451 -0.9894
vn -0.1552 0.5155 -0.8427
vn -0.2219 0.8566 -0.4658
vn -0.1560 0.9544 0.2546
vn -0.1095 0.7473 0.6554
vn -0.0028 0.1755 0.9845
vn 0.1135 -0.5279 0.8417
vn 0.1619 -0.8736 0.4588
vn 0.1554 -0.9524 -0.2623
vn 0.1069 -0.7342 -0.6705
vn -0.0028 -0.1441 -0.9896
vn -0.1163 0.5467 -0.8292
vn -0.1624 0.8776 -0.4511
vn -0.1022 0.9647 0.2429
vn -0.0728 0.7634 0.6418
vn -0.0019 0.1761 0.9844
vn 0.0756 -0.5495 0.8321
vn 0.1060 -0.8874 0.4486
vn 0.1110 -0.9889 0.0984
vn 0.1018 -0.9628 -0.2504
vn 0.0711 -0.7503 -0.6573
vn -0.0019 -0.1434 -0.9897
vn -0.0774 0.5682 -0.8193
vn -0.1064 0.8912 -0.4410
vn -0.0506 0.9704 0.2360
vn -0.0549 0.9936 -0.0988
vn -0.0364 0.7727 0.6337
vn -0.0009 0.1766 0.9843
vn 0.0378 -0.5620 0.8263
vn 0.0525 -0.8952 0.4426
vn 0.0548 -0.9936 0.0988
vn 0.0504 -0.9686 -0.2434
vn 0.0355 -0.7597 -0.6493
vn -0.0007 -0.1429 -0.9897
vn -0.0387 0.5807 -0.8132
vn -0.0526 0.8988 -0.4351
vn -0.0000 0.9723 0.2338
vn -0.0000 0.7757 0.6311
vn -0.0000 0.1768 0.9842
vn -0.0000 -0.5662 0.8243
vn -0.0000 -0.8977 0.4406
vn -0.0000 -0.9705 -0.2412
vn -0.0000 -0.7628 -0.6466
vn -0.0000 -0.1428 -0.9898
vn -0.0000 0.5849 -0.8111
vn -0.0000 0.9013 -0.4332
vn 0.0506 0.9704 0.2360
vn 0.0549 0.9936 -0.0988
vn 0.0364 0.7727 0.6337
vn 0.0009 0.1766 0.9843
vn -0.0378 -0.5620 0.8263
vn -0.0525 -0.8952 0.4426
vn -0.0546 -0.9936 0.0990
vn -0.0504 -0.9686 -0.2434
vn -0.0355 -0.7597 -0.6493
vn 0.0007 -0.1429 -0.9897
vn 0.0387 0.5807 -0.8132
vn 0.0526 0.8988 -0.4351
vn 0.1022 0.9647 0.2429
vn 0.1111 0.9889 -0.0984
vn 0.0728 0.7634 0.6418
vn 0.0019 0.1761 0.9844
vn -0.0756 -0.5495 0.8321
vn -0.1060 -0.8874 0.4486
vn -0.1110 -0.9889 0.0984
vn -0.1018 -0.9628 -0.2504
vn -0.0711 -0.7503 -0.6573
vn 0.0019 -0.1433 -0.9897
vn 0.0774 0.5682 -0.8193
vn 0.1064 0.8912 -0.4410
vn 0.1560 0.9544 0.2546
vn 0.1702 0.9806 -0.0975
vn 0.1095 0.7473 0.6554
vn 0.0028 0.1755 0.9845
vn -0.1135 -0.5279 0.8417
vn -0.1619 -0.8736 0.4588
vn -0.1702 -0.9806 0.0976
vn -0.1554 -0.9524 -0.2623
vn -0.1069 -0.7342 -0.6705
vn 0.0028 -0.1441 -0.9896
vn 0.1163 0.5467 -0.8292
vn 0.1624 0.8776 -0.4511
vn 0.2130 0.9385 0.2719
vn 0.1464 0.7239 0.6742
vn 0.0035 0.1745 0.9846
vn -0.1512 -0.4968 0.8546
vn -0.2212 -0.8524 0.4737
vn -0.2121 -0.9363 -0.2798
vn -0.1426 -0.7107 -0.6889
vn 0.0035 -0.1451 -0.9894
vn 0.1552 0.5155 -0.8427
vn 0.2219 0.8566 -0.4658
vn 0.2744 0.9151 0.2955
vn 0.3048 0.9477 -0.0943
vn 0.1832 0.6919 0.6984
vn 0.0043 0.1733 0.9849
vn -0.1886 -0.4553 0.8701
vn -0.2852 -0.8216 0.4936
vn -0.2732 -0.9127 -0.3038
vn -0.1783 -0.6789 -0.7123
vn 0.0043 -0.1462 -0.9892
vn 0.1939 0.4736 -0.8591
vn 0.2863 0.8261 -0.4854
vn 0.3416 0.8813 0.3266
vn 0.3848 0.9185 -0.0914
vn 0.2196 0.6503 0.7272
vn 0.0051 0.1717 0.9851
vn -0.2250 -0.4023 0.8874
vn -0.3552 -0.7775 0.5190
vn -0.3848 -0.9185 0.0913
vn -0.3399 -0.8787 -0.3353
vn -0.2134 -0.6376 -0.7402
vn 0.0051 -0.1477 -0.9890
vn 0.2317 0.4200 -0.8774
vn 0.3567 0.7824 -0.5105
vn 0.4156 0.8325 0.3663
vn 0.2550 0.5976 0.7601
vn 0.0057 0.1701 0.9854
vn -0.2597 -0.3369 0.9050
vn -0.4320 -0.7149 0.5498
vn -0.4133 -0.8297 -0.3753
vn -0.2475 -0.5854 -0.7720
vn 0.0057 -0.1494 -0.9888
vn 0.2680 0.3536 -0.8962
vn 0.4342 0.7203 -0.5409
vn 0.4963 0.7622 0.4156
vn 0.5855 0.8067 -0.0802
vn 0.2883 0.5325 0.7958
vn 0.0062 0.1683 0.9857
vn -0.2913 -0.2587 0.9210
vn -0.5150 -0.6264 0.5852
vn -0.5855 -0.8067 0.0803
vn -0.4930 -0.7591 -0.4250
vn -0.2792 -0.5214 -0.8063
vn 0.0062 -0.1512 -0.9885
vn 0.3011 0.2737 -0.9135
vn 0.5182 0.6322 -0.5760
vn 0.5816 0.6610 0.4741
vn 0.3179 0.4541 0.8323
vn 0.0066 0.1662 0.9861
vn -0.3180 -0.1684 0.9330
vn -0.6007 -0.5028 0.6216
vn -0.5771 -0.6580 -0.4837
vn -0.3073 -0.4448 -0.8412
vn 0.0066 -0.1532 -0.9882
vn 0.3292 0.1808 -0.9268
vn 0.6052 0.5088 -0.6123
vn 0.6643 0.5188 0.5381
vn 0.3421 0.3626 0.8669
vn 0.0070 0.1642 0.9864
vn -0.3382 -0.0678 0.9386
vn -0.6797 -0.3361 0.6520
vn -0.8412 -0.5380 0.0535
vn -0.6583 -0.5164 -0.5477
vn -0.3301 -0.3560 -0.8742
vn 0.0070 -0.1554 -0.9878
vn 0.3507 0.0769 -0.9333
vn 0.6857 0.3416 -0.6427
vn 0.7300 0.3299 0.5986
vn 0.3587 0.2597 0.8966
vn 0.0071 0.1620 0.9868
vn -0.3501 0.0397 0.9359
vn -0.7358 -0.1273 0.6651
vn -0.7226 -0.3291 -0.6080
vn -0.3457 -0.2564 -0.9026
vn 0.0071 -0.1576 -0.9875
vn 0.3633 -0.0347 -0.9310
vn 0.7433 0.1312 -0.6560
vt 0.500000 0.500000
vt 0.500000 0.583333
vt 0.520833 0.583333
vt 0.520833 0.500000
vt 0.500000 0.666667
vt 0.520833 0.666667
vt 0.500000 0.750000
vt 0.520833 0.750000
vt 0.500000 0.833333
vt 0.520833 0.833333
vt 0.500000 0.916667
vt 0.520833 0.916667
vt 0.500000 1.000000
vt 0.520833 1.000000
vt 0.500000 0.000000
vt 0.500000 0.083333
vt 0.520833 0.083333
vt 0.520833 0.000000
vt 0.500000 0.166667
vt 0.520833 0.166667
vt 0.500000 0.250000
vt 0.520833 0.250000
vt 0.500000 0.333333
vt 0.520833 0.333333
vt 0.500000 0.416667
vt 0.520833 0.416667
vt 0.541667 0.583333
vt 0.541667 0.500000
vt 0.541667 0.666667
vt 0.541667 0.750000
vt 0.541667 0.833333
vt 0.541667 0.916667
vt 0.541667 1.000000
vt 0.541667 0.083333
vt 0.541667 0.000000
vt 0.541667 0.166667
vt 0.541667 0.250000
vt 0.541667 0.333333
vt 0.541667 0.416667
vt 0.562500 0.583333
vt 0.562500 0.500000
vt 0.562500 0.666667
vt 0.562500 0.750000
vt 0.562500 0.833333
vt 0.562500 0.916667
vt 0.562500 1.000000
vt 0.562500 0.083333
vt 0.562500 0.000000
vt 0.562500 0.166667
vt 0.562500 0.250000
vt 0.562500 0.333333
vt 0.562500 0.416667
vt 0.583333 0.583333
vt 0.583333 0.500000
vt 0.583333 0.666667
vt 0.583333 0.750000
vt 0.583333 0.833333
vt 0.583333 0.916667
vt 0.583333 1.000000
vt 0.583333 0.083333
vt 0.583333 0.000000
vt 0.583333 0.166667
vt 0.583333 0.250000
vt 0.583333 0.333333
vt 0.583333 0.416667
vt 0.604167 0.583333
vt 0.604167 0.500000
vt 0.604167 0.666667
vt 0.604167 0.750000
vt 0.604167 0.833333
vt 0.604167 0.916667
vt 0.604167 1.000000
vt 0.604167 0.083333
vt 0.604167 0.000000
vt 0.604167 0.166667
vt 0.604167 0.250000
vt 0.604167 0.333333
vt 0.604167 0.416667
vt 0.625000 0.583333
vt 0.625000 0.500000
vt 0.625000 0.666667
vt 0.625000 0.750000
vt 0.625000 0.833333
vt 0.625000 0.916667
vt 0.625000 1.000000
vt 0.625000 0.083333
vt 0.625000 0.000000
vt 0.625000 0.166667
vt 0.625000 0.250000
vt 0.625000 0.333333
vt 0.625000 0.416667
vt 0.645833 0.583333
vt 0.645833 0.500000
vt 0.645833 0.666667
vt 0.645833 0.750000
vt 0.645833 0.833333
vt 0.645833 0.916667
vt 0.645833 1.000000
vt 0.645833 0.083333
vt 0.645833 0.000000
vt 0.645833 0.166667
vt 0.645833 0.250000
vt 0.645833 0.333333
vt 0.645833 0.416667
vt 0.666667 0.583333
vt 0.666667 0.500000
vt 0.666667 0.666667
vt 0.666667 0.750000
vt 0.666667 0.833333
vt 0.666667 0.916667
vt 0.666667 1.000000
vt 0.666667 0.083333
vt 0.666667 0.000000
vt 0.666667 0.166667
vt 0.666667 0.250000
vt 0.666667 0.333333
vt 0.666667 0.416667
vt 0.687500 0.583333
vt 0.687500 0.500000
vt 0.687500 0.666667
vt 0.687500 0.750000
vt 0.687500 0.833333
vt 0.687500 0.916667
vt 0.687500 1.000000
vt 0.687500 0.083333
vt 0.687500 0.000000
vt 0.687500 0.166667
vt 0.687500 0.250000
vt 0.687500 0.333333
vt 0.687500 0.416667
vt 0.708333 0.583333
vt 0.708333 0.500000
vt 0.708333 0.666667
vt 0.708333 0.750000
vt 0.708333 0.833333
vt 0.708333 0.916667
vt 0.708333 1.000000
vt 0.708333 0.083333
vt 0.708333 0.000000
vt 0.708333 0.166667
vt 0.708333 0.250000
vt 0.708333 0.333333
vt 0.708333 0.416667
vt 0.729167 0.583333
vt 0.729167 0.500000
vt 0.729167 0.666667
vt 0.729167 0.750000
vt 0.729167 0.833333
vt 0.729167 0.916667
vt 0.729167 1.000000
vt 0.729167 0.083333
vt 0.729167 0.000000
vt 0.729167 0.166667
vt 0.729167 0.250000
vt 0.729167 0.333333
vt 0.729167 0.416667
vt 0.750000 0.583333
vt 0.750000 0.500000
vt 0.750000 0.666667
vt 0.750000 0.750000
vt 0.750000 0.833333
vt 0.750000 0.916667
vt 0.750000 1.000000
vt 0.750000 0.083333
vt 0.750000 0.000000
vt 0.750000 0.166667
vt 0.750000 0.250000
vt 0.750000 0.333333
vt 0.750000 0.416667
vt 0.770833 0.583333
vt 0.770833 0.500000
vt 0.770833 0.666667
vt 0.770833 0.750000
vt 0.770833 0.833333
vt 0.770833 0.916667
vt 0.770833 1.000000
vt 0.770833 0.083333
vt 0.770833 0.000000
vt 0.770833 0.166667
vt 0.770833 0.250000
vt 0.770833 0.333333
vt 0.770833 0.416667
vt 0.791667 0.583333
vt 0.791667 0.500000
vt 0.791667 0.666667
vt 0.791667 0.750000
vt 0.791667 0.833333
vt 0.791667 0.916667
vt 0.791667 1.000000
vt 0.791667 0.083333
vt 0.791667 0.000000
vt 0.791667 0.166667
vt 0.791667 0.250000
vt 0.791667 0.333333
vt 0.791667 0.416667
vt 0.812500 0.583333
vt 0.812500 0.500000
vt 0.812500 0.666667
vt 0.812500 0.750000
vt 0.812500 0.833333
vt 0.812500 0.916667
vt 0.812500 1.000000
vt 0.812500 0.083333
vt 0.812500 0.000000
vt 0.812500 0.166667
vt 0.812500 0.250000
vt 0.812500 0.333333
vt 0.812500 0.416667
vt 0.833333 0.583333
vt 0.833333 0.500000
vt 0.833333 0.666667
vt 0.833333 0.750000
vt 0.833333 0.833333
vt 0.833333 0.916667
vt 0.833333 1.000000
vt 0.833333 0.083333
vt 0.833333 0.000000
vt 0.833333 0.166667
vt 0.833333 0.250000
vt 0.833333 0.333333
vt 0.833333 0.416667
vt 0.854167 0.583333
vt 0.854167 0.500000
vt 0.854167 0.666667
vt 0.854167 0.750000
vt 0.854167 0.833333
vt 0.854167 0.916667
vt 0.854167 1.000000
vt 0.854167 0.083333
vt 0.854167 0.000000
vt 0.854167 0.166667
vt 0.854167 0.250000
vt 0.854167 0.333333
vt 0.854167 0.416667
vt 0.875000 0.583333
vt 0.875000 0.500000
vt 0.875000 0.666667
vt 0.875000 0.750000
vt 0.875000 0.833333
vt 0.875000 0.916667
vt 0.875000 1.000000
vt 0.875000 0.083333
vt 0.875000 0.000000
vt 0.875000 0.166667
vt 0.875000 0.250000
vt 0.875000 0.333333
vt 0.875000 0.416667
vt 0.895833 0.583333
vt 0.895833 0.500000
vt 0.895833 0.666667
vt 0.895833 0.750000
vt 0.895833 0.833333
vt 0.895833 0.916667
vt 0.895833 1.000000
vt 0.895833 0.083333
vt 0.895833 0.000000
vt 0.895833 0.166667
vt 0.895833 0.250000
vt 0.895833 0.333333
vt 0.895833 0.416667
vt 0.916667 0.583333
vt 0.916667 0.500000
vt 0.916667 0.666667
vt 0.916667 0.750000
vt 0.916667 0.833333
vt 0.916667 0.916667
vt 0.916667 1.000000
vt 0.916667 0.083333
vt 0.916667 0.000000
vt 0.916667 0.166667
vt 0.916667 0.250000
vt 0.916667 0.333333
vt 0.916667 0.416667
vt 0.937500 0.583333
vt 0.937500 0.500000
vt 0.937500 0.666667
vt 0.937500 0.750000
vt 0.937500 0.833333
vt 0.937500 0.916667
vt 0.937500 1.000000
vt 0.937500 0.083333
vt 0.937500 0.000000
vt 0.937500 0.166667
vt 0.937500 0.250000
vt 0.937500 0.333333
vt 0.937500 0.416667
vt 0.958333 0.583333
vt 0.958333 0.500000
vt 0.958333 0.666667
vt 0.958333 0.750000
vt 0.958333 0.833333
vt 0.958333 0.916667
vt 0.958333 1.000000
vt 0.958333 0.083333
vt 0.958333 0.000000
vt 0.958333 0.166667
vt 0.958333 0.250000
vt 0.958333 0.333333
vt 0.958333 0.416667
vt 0.979167 0.583333
vt 0.979167 0.500000
vt 0.979167 0.666667
vt 0.979167 0.750000
vt 0.979167 0.833333
vt 0.979167 0.916667
vt 0.979167 1.000000
vt 0.979167 0.083333
vt 0.979167 0.000000
vt 0.979167 0.166667
vt 0.979167 0.250000
vt 0.979167 0.333333
vt 0.979167 0.416667
vt 1.000000 0.583333
vt 1.000000 0.500000
vt 1.000000 0.666667
vt 1.000000 0.750000
vt 1.000000 0.833333
vt 1.000000 0.916667
vt 1.000000 1.000000
vt 1.000000 0.083333
vt 1.000000 0.000000
vt 1.000000 0.166667
vt 1.000000 0.250000
vt 1.000000 0.333333
vt 1.000000 0.416667
vt 0.000000 0.500000
vt 0.000000 0.583333
vt 0.020833 0.583333
vt 0.020833 0.500000
vt 0.000000 0.666667
vt 0.020833 0.666667
vt 0.000000 0.750000
vt 0.020833 0.750000
vt 0.000000 0.833333
vt 0.020833 0.833333
vt 0.000000 0.916667
vt 0.020833 0.916667
vt 0.000000 1.000000
vt 0.020833 1.000000
vt 0.000000 0.000000
vt 0.000000 0.083333
vt 0.020833 0.083333
vt 0.020833 0.000000
vt 0.000000 0.166667
vt 0.020833 0.166667
vt 0.000000 0.250000
vt 0.020833 0.250000
vt 0.000000 0.333333
vt 0.020833 0.333333
vt 0.000000 0.416667
vt 0.020833 0.416667
vt 0.041667 0.583333
vt 0.041667 0.500000
vt 0.041667 0.666667
vt 0.041667 0.750000
vt 0.041667 0.833333
vt 0.041667 0.916667
vt 0.041667 1.000000
vt 0.041667 0.083333
vt 0.041667 0.000000
vt 0.041667 0.166667
vt 0.041667 0.250000
vt 0.041667 0.333333
vt 0.041667 0.416667
vt 0.062500 0.583333
vt 0.062500 0.500000
vt 0.062500 0.666667
vt 0.062500 0.750000
vt 0.062500 0.833333
vt 0.062500 0.916667
vt 0.062500 1.000000
vt 0.062500 0.083333
vt 0.062500 0.000000
vt 0.062500 0.166667
vt 0.062500 0.250000
vt 0.062500 0.333333
vt 0.062500 0.416667
vt 0.083333 0.583333
vt 0.083333 0.500000
vt 0.083333 0.666667
vt 0.083333 0.750000
vt 0.083333 0.833333
vt 0.083333 0.916667
vt 0.083333 1.000000
vt 0.083333 0.083333
vt 0.083333 0.000000
vt 0.083333 0.166667
vt 0.083333 0.250000
vt 0.083333 0.333333
vt 0.083333 0.416667
vt 0.104167 0.583333
vt 0.104167 0.500000
vt 0.104167 0.666667
vt 0.104167 0.750000
vt 0.104167 0.833333
vt 0.104167 0.916667
vt 0.104167 1.000000
vt 0.104167 0.083333
vt 0.104167 0.000000
vt 0.104167 0.166667
vt 0.104167 0.250000
vt 0.104167 0.333333
vt 0.104167 0.416667
vt 0.125000 0.583333
vt 0.125000 0.500000
vt 0.125000 0.666667
vt 0.125000 0.750000
vt 0.125000 0.833333
vt 0.125000 0.916667
vt 0.125000 1.000000
vt 0.125000 0.083333
vt 0.125000 0.000000
vt 0.125000 0.166667
vt 0.125000 0.250000
vt 0.125000 0.333333
vt 0.125000 0.416667
vt 0.145833 0.583333
vt 0.145833 0.500000
vt 0.145833 0.666667
vt 0.145833 0.750000
vt 0.145833 0.833333
vt 0.145833 0.916667
vt 0.145833 1.000000
vt 0.145833 0.083333
vt 0.145833 0.000000
vt 0.145833 0.166667
vt 0.145833 0.250000
vt 0.145833 0.333333
vt 0.145833 0.416667
vt 0.166667 0.583333
vt 0.166667 0.500000
vt 0.166667 0.666667
vt 0.166667 0.750000
vt 0.166667 0.833333
vt 0.166667 0.916667
vt 0.166667 1.000000
vt 0.166667 0.083333
vt 0.166667 0.000000
vt 0.166667 0.166667
vt 0.166667 0.250000
vt 0.166667 0.333333
vt 0.166667 0.416667
vt 0.187500 0.583333
vt 0.187500 0.500000
vt 0.187500 0.666667
vt 0.187500 0.750000
vt 0.187500 0.833333
vt 0.187500 0.916667
vt 0.187500 1.000000
vt 0.187500 0.083333
vt 0.187500 0.000000
vt 0.187500 0.166667
vt 0.187500 0.250000
vt 0.187500 0.333333
vt 0.187500 0.416667
vt 0.208333 0.583333
vt 0.208333 0.500000
vt 0.208333 0.666667
vt 0.208333 0.750000
vt 0.208333 0.833333
vt 0.208333 0.916667
vt 0.208333 1.000000
vt 0.208333 0.083333
vt 0.208333 0.000000
vt 0.208333 0.166667
vt 0.208333 0.250000
vt 0.208333 0.333333
vt 0.208333 0.416667
vt 0.229167 0.583333
vt 0.229167 0.500000
vt 0.229167 0.666667
vt 0.229167 0.750000
vt 0.229167 0.833333
vt 0.229167 0.916667
vt 0.229167 1.000000
vt 0.229167 0.083333
vt 0.229167 0.000000
vt 0.229167 0.166667
vt 0.229167 0.250000
vt 0.229167 0.333333
vt 0.229167 0.416667
vt 0.250000 0.583333
vt 0.250000 0.500000
vt 0.250000 0.666667
vt 0.250000 0.750000
vt 0.250000 0.833333
vt 0.250000 0.916667
vt 0.250000 1.000000
vt 0.250000 0.083333
vt 0.250000 0.000000
vt 0.250000 0.166667
vt 0.250000 0.250000
vt 0.250000 0.333333
vt 0.250000 0.416667
vt 0.270833 0.583333
vt 0.270833 0.500000
vt 0.270833 0.666667
vt 0.270833 0.750000
vt 0.270833 0.833333
vt 0.270833 0.916667
vt 0.270833 1.000000
vt 0.270833 0.083333
vt 0.270833 0.000000
vt 0.270833 0.166667
vt 0.270833 0.250000
vt 0.270833 0.333333
vt 0.270833 0.416667
vt 0.291667 0.583333
vt 0.291667 0.500000
vt 0.291667 0.666667
vt 0.291667 0.750000
vt 0.291667 0.833333
vt 0.291667 0.916667
vt 0.291667 1.000000
vt 0.291667 0.083333
vt 0.291667 0.000000
vt 0.291667 0.166667
vt 0.291667 0.250000
vt 0.291667 0.333333
vt 0.291667 0.416667
vt 0.312500 0.583333
vt 0.312500 0.500000
vt 0.312500 0.666667
vt 0.312500 0.750000
vt 0.312500 0.833333
vt 0.312500 0.916667
vt 0.312500 1.000000
vt 0.312500 0.083333
vt 0.312500 0.000000
vt 0.312500 0.166667
vt 0.312500 0.250000
vt 0.312500 0.333333
vt 0.312500 0.416667
vt 0.333333 0.583333
vt 0.333333 0.500000
vt 0.333333 0.666667
vt 0.333333 0.750000
vt 0.333333 0.833333
vt 0.333333 0.916667
vt 0.333333 1.000000
vt 0.333333 0.083333
vt 0.333333 0.000000
vt 0.333333 0.166667
vt 0.333333 0.250000
vt 0.333333 0.333333
vt 0.333333 0.416667
vt 0.354167 0.583333
vt 0.354167 0.500000
vt 0.354167 0.666667
vt 0.354167 0.750000
vt 0.354167 0.833333
vt 0.354167 0.916667
vt 0.354167 1.000000
vt 0.354167 0.083333
vt 0.354167 0.000000
vt 0.354167 0.166667
vt 0.354167 0.250000
vt 0.354167 0.333333
vt 0.354167 0.416667
vt 0.375000 0.583333
vt 0.375000 0.500000
vt 0.375000 0.666667
vt 0.375000 0.750000
vt 0.375000 0.833333
vt 0.375000 0.916667
vt 0.375000 1.000000
vt 0.375000 0.083333
vt 0.375000 0.000000
vt 0.375000 0.166667
vt 0.375000 0.250000
vt 0.375000 0.333333
vt 0.375000 0.416667
vt 0.395833 0.583333
vt 0.395833 0.500000
vt 0.395833 0.666667
vt 0.395833 0.750000
vt 0.395833 0.833333
vt 0.395833 0.916667
vt 0.395833 1.000000
vt 0.395833 0.083333
vt 0.395833 0.000000
vt 0.395833 0.166667
vt 0.395833 0.250000
vt 0.395833 0.333333
vt 0.395833 0.416667
vt 0.416667 0.583333
vt 0.416667 0.500000
vt 0.416667 0.666667
vt 0.416667 0.750000
vt 0.416667 0.833333
vt 0.416667 0.916667
vt 0.416667 1.000000
vt 0.416667 0.083333
vt 0.416667 0.000000
vt 0.416667 0.166667
vt 0.416667 0.250000
vt 0.416667 0.333333
vt 0.416667 0.416667
vt 0.437500 0.583333
vt 0.437500 0.500000
vt 0.437500 0.666667
vt 0.437500 0.750000
vt 0.437500 0.833333
vt 0.437500 0.916667
vt 0.437500 1.000000
vt 0.437500 0.083333
vt 0.437500 0.000000
vt 0.437500 0.166667
vt 0.437500 0.250000
vt 0.437500 0.333333
vt 0.437500 0.416667
vt 0.458333 0.583333
vt 0.458333 0.500000
vt 0.458333 0.666667
vt 0.458333 0.750000
vt 0.458333 0.833333
vt 0.458333 0.916667
vt 0.458333 1.000000
vt 0.458333 0.083333
vt 0.458333 0.000000
vt 0.458333 0.166667
vt 0.458333 0.250000
vt 0.458333 0.333333
vt 0.458333 0.416667
vt 0.479167 0.583333
vt 0.479167 0.500000
vt 0.479167 0.666667
vt 0.479167 0.750000
vt 0.479167 0.833333
vt 0.479167 0.916667
vt 0.479167 1.000000
vt 0.479167 0.083333
vt 0.479167 0.000000
vt 0.479167 0.166667
vt 0.479167 0.250000
vt 0.479167 0.333333
vt 0.479167 0.416667
s 1
usemtl Material.008
f 2959/3360/2959 2960/3361/2960 2972/3362/2961 2971/3363/2962
f 2960/3361/2960 2961/3364/2963 2973/3365/2964 2972/3362/2961
f 2961/3364/2963 2962/3366/2965 2974/3367/2966 2973/3365/2964
f 2962/3366/2965 2963/3368/2967 2975/3369/2968 2974/3367/2966
f 2963/3368/2967 2964/3370/2969 2976/3371/2970 2975/3369/2968
f 2964/3370/2969 2965/3372/2971 2977/3373/2972 2976/3371/2970
f 2965/3374/2971 2966/3375/2973 2978/3376/2974 2977/3377/2972
f 2966/3375/2973 2967/3378/2975 2979/3379/2976 2978/3376/2974
f 2967/3378/2975 2968/3380/2977 2980/3381/2978 2979/3379/2976
f 2968/3380/2977 2969/3382/2979 2981/3383/2980 2980/3381/2978
f 2969/3382/2979 2970/3384/2981 2982/3385/2982 2981/3383/2980
f 2970/3384/2981 2959/3360/2959 2971/3363/2962 2982/3385/2982
f 2971/3363/2962 2972/3362/2961 2984/3386/2983 2983/3387/2984
f 2972/3362/2961 2973/3365/2964 2985/3388/2985 2984/3386/2983
f 2973/3365/2964 2974/3367/2966 2986/3389/2986 2985/3388/2985
f 2974/3367/2966 2975/3369/2968 2987/3390/2987 2986/3389/2986
f 2975/3369/2968 2976/3371/2970 2988/3391/2988 2987/3390/2987
f 2976/3371/2970 2977/3373/2972 2989/3392/2989 2988/3391/2988
f 2977/3377/2972 2978/3376/2974 2990/3393/2990 2989/3394/2989
f 2978/3376/2974 2979/3379/2976 2991/3395/2991 2990/3393/2990
f 2979/3379/2976 2980/3381/2978 2992/3396/2992 2991/3395/2991
f 2980/3381/2978 2981/3383/2980 2993/3397/2993 2992/3396/2992
f 2981/3383/2980 2982/3385/2982 2994/3398/2994 2993/3397/2993
f 2982/3385/2982 2971/3363/2962 2983/3387/2984 2994/3398/2994
f 2983/3387/2984 2984/3386/2983 2996/3399/2995 2995/3400/2996
f 2984/3386/2983 2985/3388/2985 2997/3401/2997 2996/3399/2995
f 2985/3388/2985 2986/3389/2986 2998/3402/2998 2997/3401/2997
f 2986/3389/2986 2987/3390/2987 2999/3403/2999 2998/3402/2998
f 2987/3390/2987 2988/3391/2988 3000/3404/3000 2999/3403/2999
f 2988/3391/2988 2989/3392/2989 3001/3405/3001 3000/3404/3000
f 2989/3394/2989 2990/3393/2990 3002/3406/3002 3001/3407/3001
f 2990/3393/2990 2991/3395/2991 3003/3408/3003 3002/3406/3002
f 2991/3395/2991 2992/3396/2992 3004/3409/3004 3003/3408/3003
f 2992/3396/2992 2993/3397/2993 3005/3410/3005 3004/3409/3004
f 2993/3397/2993 2994/3398/2994 3006/3411/3006 3005/3410/3005
f 2994/3398/2994 2983/3387/2984 2995/3400/2996 3006/3411/3006
f 2995/3400/2996 2996/3399/2995 3008/3412/3007 3007/3413/3008
f 2996/3399/2995 2997/3401/2997 3009/3414/3009 3008/3412/3007
f 2997/3401/2997 2998/3402/2998 3010/3415/3010 3009/3414/3009
f 2998/3402/2998 2999/3403/2999 3011/3416/3011 3010/3415/3010
f 2999/3403/2999 3000/3404/3000 3012/3417/3012 3011/3416/3011
f 3000/3404/3000 3001/3405/3001 3013/3418/3013 3012/3417/3012
f 3001/3407/3001 3002/3406/3002 3014/3419/3014 3013/3420/3013
f 3002/3406/3002 3003/3408/3003 3015/3421/3015 3014/3419/3014
f 3003/3408/3003 3004/3409/3004 3016/3422/3016 3015/3421/3015
f 3004/3409/3004 3005/3410/3005 3017/3423/3017 3016/3422/3016
f 3005/3410/3005 3006/3411/3006 3018/3424/3018 3017/3423/3017
f 3006/3411/3006 2995/3400/2996 3007/3413/3008 3018/3424/3018
f 3007/3413/3008 3008/3412/3007 3020/3425/3019 3019/3426/3020
f 3008/3412/3007 3009/3414/3009 3021/3427/3021 3020/3425/3019
f 3009/3414/3009 3010/3415/3010 3022/3428/3022 3021/3427/3021
f 3010/3415/3010 3011/3416/3011 3023/3429/3023 3022/3428/3022
f 3011/3416/3011 3012/3417/3012 3024/3430/3024 3023/3429/3023
f 3012/3417/3012 3013/3418/3013 3025/3431/3025 3024/3430/3024
f 3013/3420/3013 3014/3419/3014 3026/3432/3026 3025/3433/3025
f 3014/3419/3014 3015/3421/3015 3027/3434/3027 3026/3432/3026
f 3015/3421/3015 3016/3422/3016 3028/3435/3028 3027/3434/3027
f 3016/3422/3016 3017/3423/3017 3029/3436/3029 3028/3435/3028
f 3017/3423/3017 3018/3424/3018 3030/3437/3030 3029/3436/3029
f 3018/3424/3018 3007/3413/3008 3019/3426/3020 3030/3437/3030
f 3019/3426/3020 3020/3425/3019 3032/3438/3031 3031/3439/3032
f 3020/3425/3019 3021/3427/3021 3033/3440/3033 3032/3438/3031
f 3021/3427/3021 3022/3428/3022 3034/3441/3034 3033/3440/3033
f 3022/3428/3022 3023/3429/3023 3035/3442/3035 3034/3441/3034
f 3023/3429/3023 3024/3430/3024 3036/3443/3036 3035/3442/3035
f 3024/3430/3024 3025/3431/3025 3037/3444/3037 3036/3443/3036
f 3025/3433/3025 3026/3432/3026 3038/3445/3038 3037/3446/3037
f 3026/3432/3026 3027/3434/3027 3039/3447/3039 3038/3445/3038
f 3027/3434/3027 3028/3435/3028 3040/3448/3040 3039/3447/3039
f 3028/3435/3028 3029/3436/3029 3041/3449/3041 3040/3448/3040
f 3029/3436/3029 3030/3437/3030 3042/3450/3042 3041/3449/3041
f 3030/3437/3030 3019/3426/3020 3031/3439/3032 3042/3450/3042
f 3031/3439/3032 3032/3438/3031 3044/3451/3043 3043/3452/3044
f 3032/3438/3031 3033/3440/3033 3045/3453/3045 3044/3451/3043
f 3033/3440/3033 3034/3441/3034 3046/3454/3046 3045/3453/3045
f 3034/3441/3034 3035/3442/3035 3047/3455/3047 3046/3454/3046
f 3035/3442/3035 3036/3443/3036 3048/3456/3048 3047/3455/3047
f 3036/3443/3036 3037/3444/3037 3049/3457/3049 3048/3456/3048
f 3037/3446/3037 3038/3445/3038 3050/3458/3050 3049/3459/3049
f 3038/3445/3038 3039/3447/3039 3051/3460/3051 3050/3458/3050
f 3039/3447/3039 3040/3448/3040 3052/3461/3052 3051/3460/3051
f 3040/3448/3040 3041/3449/3041 3053/3462/3053 3052/3461/3052
f 3041/3449/3041 3042/3450/3042 3054/3463/3054 3053/3462/3053
f 3042/3450/3042 3031/3439/3032 3043/3452/3044 3054/3463/3054
f 3043/3452/3044 3044/3451/3043 3056/3464/3055 3055/3465/3056
f 3044/3451/3043 3045/3453/3045 3057/3466/3057 3056/3464/3055
f 3045/3453/3045 3046/3454/3046 3058/3467/3058 3057/3466/3057
f 3046/3454/3046 3047/3455/3047 3059/3468/3059 3058/3467/3058
f 3047/3455/3047 3048/3456/3048 3060/3469/3060 3059/3468/3059
f 3048/3456/3048 3049/3457/3049 3061/3470/3061 3060/3469/3060
f 3049/3459/3049 3050/3458/3050 3062/3471/3062 3061/3472/3061
f 3050/3458/3050 3051/3460/3051 3063/3473/3063 3062/3471/3062
f 3051/3460/3051 3052/3461/3052 3064/3474/3064 3063/3473/3063
f 3052/3461/3052 3053/3462/3053 3065/3475/3065 3064/3474/3064
f 3053/3462/3053 3054/3463/3054 3066/3476/3066 3065/3475/3065
f 3054/3463/3054 3043/3452/3044 3055/3465/3056 3066/3476/3066
f 3055/3465/3056 3056/3464/3055 3068/3477/3067 3067/3478/3068
f 3056/3464/3055 3057/3466/3057 3069/3479/3069 3068/3477/3067
f 3057/3466/3057 3058/3467/3058 3070/3480/3070 3069/3479/3069
f 3058/3467/3058 3059/3468/3059 3071/3481/3071 3070/3480/3070
f 3059/3468/3059 3060/3469/3060 3072/3482/3072 3071/3481/3071
f 3060/3469/3060 3061/3470/3061 3073/3483/3073 3072/3482/3072
f 3061/3472/3061 3062/3471/3062 3074/3484/3074 3073/3485/3073
f 3062/3471/3062 3063/3473/3063 3075/3486/3075 3074/3484/3074
f 3063/3473/3063 3064/3474/3064 3076/3487/3076 3075/3486/3075
f 3064/3474/3064 3065/3475/3065 3077/3488/3077 3076/3487/3076
f 3065/3475/3065 3066/3476/3066 3078/3489/3078 3077/3488/3077
f 3066/3476/3066 3055/3465/3056 3067/3478/3068 3078/3489/3078
f 3067/3478/3068 3068/3477/3067 3080/3490/3079 3079/3491/3080
f 3068/3477/3067 3069/3479/3069 3081/3492/3081 3080/3490/3079
f 3069/3479/3069 3070/3480/3070 3082/3493/3082 3081/3492/3081
f 3070/3480/3070 3071/3481/3071 3083/3494/3083 3082/3493/3082
f 3071/3481/3071 3072/3482/3072 3084/3495/3084 3083/3494/3083
f 3072/3482/3072 3073/3483/3073 3085/3496/3085 3084/3495/3084
f 3073/3485/3073 3074/3484/3074 3086/3497/3086 3085/3498/3085
f 3074/3484/3074 3075/3486/3075 3087/3499/3087 3086/3497/3086
f 3075/3486/3075 3076/3487/3076 3088/3500/3088 3087/3499/3087
f 3076/3487/3076 3077/3488/3077 3089/3501/3089 3088/3500/3088
f 3077/3488/3077 3078/3489/3078 3090/3502/3090 3089/3501/3089
f 3078/3489/3078 3067/3478/3068 3079/3491/3080 3090/3502/3090
f 3079/3491/3080 3080/3490/3079 3092/3503/3091 3091/3504/3092
f 3080/3490/3079 3081/3492/3081 3093/3505/3093 3092/3503/3091
f 3081/3492/3081 3082/3493/3082 3094/3506/3094 3093/3505/3093
f 3082/3493/3082 3083/3494/3083 3095/3507/3095 3094/3506/3094
f 3083/3494/3083 3084/3495/3084 3096/3508/3096 3095/3507/3095
f 3084/3495/3084 3085/3496/3085 3097/3509/3097 3096/3508/3096
f 3085/3498/3085 3086/3497/3086 3098/3510/3098 3097/3511/3097
f 3086/3497/3086 3087/3499/3087 3099/3512/3099 3098/3510/3098
f 3087/3499/3087 3088/3500/3088 3100/3513/3100 3099/3512/3099
f 3088/3500/3088 3089/3501/3089 3101/3514/3101 3100/3513/3100
f 3089/3501/3089 3090/3502/3090 3102/3515/3102 3101/3514/3101
f 3090/3502/3090 3079/3491/3080 3091/3504/3092 3102/3515/3102
f 3091/3504/3092 3092/3503/3091 3104/3516/3103 3103/3517/3104
f 3092/3503/3091 3093/3505/3093 3105/3518/3105 3104/3516/3103
f 3093/3505/3093 3094/3506/3094 3106/3519/3106 3105/3518/3105
f 3094/3506/3094 3095/3507/3095 3107/3520/3107 3106/3519/3106
f 3095/3507/3095 3096/3508/3096 3108/3521/3108 3107/3520/3107
f 3096/3508/3096 3097/3509/3097 3109/3522/3109 3108/3521/3108
f 3097/3511/3097 3098/3510/3098 3110/3523/3110 3109/3524/3109
f 3098/3510/3098 3099/3512/3099 3111/3525/3111 3110/3523/3110
f 3099/3512/3099 3100/3513/3100 3112/3526/3112 3111/3525/3111
f 3100/3513/3100 3101/3514/3101 3113/3527/3113 3112/3526/3112
f 3101/3514/3101 3102/3515/3102 3114/3528/3114 3113/3527/3113
f 3102/3515/3102 3091/3504/3092 3103/3517/3104 3114/3528/3114
f 3103/3517/3104 3104/3516/3103 3116/3529/3115 3115/3530/3116
f 3104/3516/3103 3105/3518/3105 3117/3531/3117 3116/3529/3115
f 3105/3518/3105 3106/3519/3106 3118/3532/3118 3117/3531/3117
f 3106/3519/3106 3107/3520/3107 3119/3533/3119 3118/3532/3118
f 3107/3520/3107 3108/3521/3108 3120/3534/3120 3119/3533/3119
f 3108/3521/3108 3109/3522/3109 3121/3535/3121 3120/3534/3120
f 3109/3524/3109 3110/3523/3110 3122/3536/3122 3121/3537/3121
f 3110/3523/3110 3111/3525/3111 3123/3538/3123 3122/3536/3122
f 3111/3525/3111 3112/3526/3112 3124/3539/3124 3123/3538/3123
f 3112/3526/3112 3113/3527/3113 3125/3540/3125 3124/3539/3124
f 3113/3527/3113 3114/3528/3114 3126/3541/3126 3125/3540/3125
f 3114/3528/3114 3103/3517/3104 3115/3530/3116 3126/3541/3126
f 3115/3530/3116 3116/3529/3115 3128/3542/3127 3127/3543/3128
f 3116/3529/3115 3117/3531/3117 3129/3544/3129 3128/3542/3127
f 3117/3531/3117 3118/3532/3118 3130/3545/3130 3129/3544/3129
f 3118/3532/3118 3119/3533/3119 3131/3546/3131 3130/3545/3130
f 3119/3533/3119 3120/3534/3120 3132/3547/3132 3131/3546/3131
f 3120/3534/3120 3121/3535/3121 3133/3548/3133 3132/3547/3132
f 3121/3537/3121 3122/3536/3122 3134/3549/3134 3133/3550/3133
f 3122/3536/3122 3123/3538/3123 3135/3551/3135 3134/3549/3134
f 3123/3538/3123 3124/3539/3124 3136/3552/3136 3135/3551/3135
f 3124/3539/3124 3125/3540/3125 3137/3553/3137 3136/3552/3136
f 3125/3540/3125 3126/3541/3126 3138/3554/3138 3137/3553/3137
f 3126/3541/3126 3115/3530/3116 3127/3543/3128 3138/3554/3138
f 3127/3543/3128 3128/3542/3127 3140/3555/3139 3139/3556/3140
f 3128/3542/3127 3129/3544/3129 3141/3557/3141 3140/3555/3139
f 3129/3544/3129 3130/3545/3130 3142/3558/3142 3141/3557/3141
f 3130/3545/3130 3131/3546/3131 3143/3559/3143 3142/3558/3142
f 3131/3546/3131 3132/3547/3132 3144/3560/3144 3143/3559/3143
f 3132/3547/3132 3133/3548/3133 3145/3561/3145 3144/3560/3144
f 3133/3550/3133 3134/3549/3134 3146/3562/3146 3145/3563/3145
f 3134/3549/3134 3135/3551/3135 3147/3564/3147 3146/3562/3146
f 3135/3551/3135 3136/3552/3136 3148/3565/3148 3147/3564/3147
f 3136/3552/3136 3137/3553/3137 3149/3566/3149 3148/3565/3148
f 3137/3553/3137 3138/3554/3138 3150/3567/3150 3149/3566/3149
f 3138/3554/3138 3127/3543/3128 3139/3556/3140 3150/3567/3150
f 3139/3556/3140 3140/3555/3139 3152/3568/3151 3151/3569/3152
f 3140/3555/3139 3141/3557/3141 3153/3570/3153 3152/3568/3151
f 3141/3557/3141 3142/3558/3142 3154/3571/3154 3153/3570/3153
f 3142/3558/3142 3143/3559/3143 3155/3572/3155 3154/3571/3154
f 3143/3559/3143 3144/3560/3144 3156/3573/3156 3155/3572/3155
f 3144/3560/3144 3145/3561/3145 3157/3574/3157 3156/3573/3156
f 3145/3563/3145 3146/3562/3146 3158/3575/3158 3157/3576/3157
f 3146/3562/3146 3147/3564/3147 3159/3577/3159 3158/3575/3158
f 3147/3564/3147 3148/3565/3148 3160/3578/3160 3159/3577/3159
f 3148/3565/3148 3149/3566/3149 3161/3579/3161 3160/3578/3160
f 3149/3566/3149 3150/3567/3150 3162/3580/3162 3161/3579/3161
f 3150/3567/3150 3139/3556/3140 3151/3569/3152 3162/3580/3162
f 3151/3569/3152 3152/3568/3151 3164/3581/3163 3163/3582/3164
f 3152/3568/3151 3153/3570/3153 3165/3583/3165 3164/3581/3163
f 3153/3570/3153 3154/3571/3154 3166/3584/3166 3165/3583/3165
f 3154/3571/3154 3155/3572/3155 3167/3585/3167 3166/3584/3166
f 3155/3572/3155 3156/3573/3156 3168/3586/3168 3167/3585/3167
f 3156/3573/3156 3157/3574/3157 3169/3587/3169 3168/3586/3168
f 3157/3576/3157 3158/3575/3158 3170/3588/3170 3169/3589/3169
f 3158/3575/3158 3159/3577/3159 3171/3590/3171 3170/3588/3170
f 3159/3577/3159 3160/3578/3160 3172/3591/3172 3171/3590/3171
f 3160/3578/3160 3161/3579/3161 3173/3592/3173 3172/3591/3172
f 3161/3579/3161 3162/3580/3162 3174/3593/3174 3173/3592/3173
f 3162/3580/3162 3151/3569/3152 3163/3582/3164 3174/3593/3174
f 3163/3582/3164 3164/3581/3163 3176/3594/3175 3175/3595/3176
f 3164/3581/3163 3165/3583/3165 3177/3596/3177 3176/3594/3175
f 3165/3583/3165 3166/3584/3166 3178/3597/3178 3177/3596/3177
f 3166/3584/3166 3167/3585/3167 3179/3598/3179 3178/3597/3178
f 3167/3585/3167 3168/3586/3168 3180/3599/3180 3179/3598/3179
f 3168/3586/3168 3169/3587/3169 3181/3600/3181 3180/3599/3180
f 3169/3589/3169 3170/3588/3170 3182/3601/3182 3181/3602/3181
f 3170/3588/3170 3171/3590/3171 3183/3603/3183 3182/3601/3182
f 3171/3590/3171 3172/3591/3172 3184/3604/3184 3183/3603/3183
f 3172/3591/3172 3173/3592/3173 3185/3605/3185 3184/3604/3184
f 3173/3592/3173 3174/3593/3174 3186/3606/3186 3185/3605/3185
f 3174/3593/3174 3163/3582/3164 3175/3595/3176 3186/3606/3186
f 3175/3595/3176 3176/3594/3175 3188/3607/3187 3187/3608/3188
f 3176/3594/3175 3177/3596/3177 3189/3609/3189 3188/3607/3187
f 3177/3596/3177 3178/3597/3178 3190/3610/3190 3189/3609/3189
f 3178/3597/3178 3179/3598/3179 3191/3611/3191 3190/3610/3190
f 3179/3598/3179 3180/3599/3180 3192/3612/3192 3191/3611/3191
f 3180/3599/3180 3181/3600/3181 3193/3613/3193 3192/3612/3192
f 3181/3602/3181 3182/3601/3182 3194/3614/3194 3193/3615/3193
f 3182/3601/3182 3183/3603/3183 3195/3616/3195 3194/3614/3194
f 3183/3603/3183 3184/3604/3184 3196/3617/3196 3195/3616/3195
f 3184/3604/3184 3185/3605/3185 3197/3618/3197 3196/3617/3196
f 3185/3605/3185 3186/3606/3186 3198/3619/3198 3197/3618/3197
f 3186/3606/3186 3175/3595/3176 3187/3608/3188 3198/3619/3198
f 3187/3608/3188 3188/3607/3187 3200/3620/3199 3199/3621/3200
f 3188/3607/3187 3189/3609/3189 3201/3622/3201 3200/3620/3199
f 3189/3609/3189 3190/3610/3190 3202/3623/3202 3201/3622/3201
f 3190/3610/3190 3191/3611/3191 3203/3624/3203 3202/3623/3202
f 3191/3611/3191 3192/3612/3192 3204/3625/3204 3203/3624/3203
f 3192/3612/3192 3193/3613/3193 3205/3626/3205 3204/3625/3204
f 3193/3615/3193 3194/3614/3194 3206/3627/3206 3205/3628/3205
f 3194/3614/3194 3195/3616/3195 3207/3629/3207 3206/3627/3206
f 3195/3616/3195 3196/3617/3196 3208/3630/3208 3207/3629/3207
f 3196/3617/3196 3197/3618/3197 3209/3631/3209 3208/3630/3208
f 3197/3618/3197 3198/3619/3198 3210/3632/3210 3209/3631/3209
f 3198/3619/3198 3187/3608/3188 3199/3621/3200 3210/3632/3210
f 3199/3621/3200 3200/3620/3199 3212/3633/3211 3211/3634/3212
f 3200/3620/3199 3201/3622/3201 3213/3635/3213 3212/3633/3211
f 3201/3622/3201 3202/3623/3202 3214/3636/3214 3213/3635/3213
f 3202/3623/3202 3203/3624/3203 3215/3637/3215 3214/3636/3214
f 3203/3624/3203 3204/3625/3204 3216/3638/3216 3215/3637/3215
f 3204/3625/3204 3205/3626/3205 3217/3639/3217 3216/3638/3216
f 3205/3628/3205 3206/3627/3206 3218/3640/3218 3217/3641/3217
f 3206/3627/3206 3207/3629/3207 3219/3642/3219 3218/3640/3218
f 3207/3629/3207 3208/3630/3208 3220/3643/3220 3219/3642/3219
f 3208/3630/3208 3209/3631/3209 3221/3644/3221 3220/3643/3220
f 3209/3631/3209 3210/3632/3210 3222/3645/3222 3221/3644/3221
f 3210/3632/3210 3199/3621/3200 3211/3634/3212 3222/3645/3222
f 3211/3634/3212 3212/3633/3211 3224/3646/3223 3223/3647/3224
f 3212/3633/3211 3213/3635/3213 3225/3648/3225 3224/3646/3223
f 3213/3635/3213 3214/3636/3214 3226/3649/3226 3225/3648/3225
f 3214/3636/3214 3215/3637/3215 3227/3650/3227 3226/3649/3226
f 3215/3637/3215 3216/3638/3216 3228/3651/3228 3227/3650/3227
f 3216/3638/3216 3217/3639/3217 3229/3652/3229 3228/3651/3228
f 3217/3641/3217 3218/3640/3218 3230/3653/3230 3229/3654/3229
f 3218/3640/3218 3219/3642/3219 3231/3655/3231 3230/3653/3230
f 3219/3642/3219 3220/3643/3220 3232/3656/3232 3231/3655/3231
f 3220/3643/3220 3221/3644/3221 3233/3657/3233 3232/3656/3232
f 3221/3644/3221 3222/3645/3222 3234/3658/3234 3233/3657/3233
f 3222/3645/3222 3211/3634/3212 3223/3647/3224 3234/3658/3234
f 3223/3647/3224 3224/3646/3223 3236/3659/3235 3235/3660/3236
f 3224/3646/3223 3225/3648/3225 3237/3661/3237 3236/3659/3235
f 3225/3648/3225 3226/3649/3226 3238/3662/3238 3237/3661/3237
f 3226/3649/3226 3227/3650/3227 3239/3663/3239 3238/3662/3238
f 3227/3650/3227 3228/3651/3228 3240/3664/3240 3239/3663/3239
f 3228/3651/3228 3229/3652/3229 3241/3665/3241 3240/3664/3240
f 3229/3654/3229 3230/3653/3230 3242/3666/3242 3241/3667/3241
f 3230/3653/3230 3231/3655/3231 3243/3668/3243 3242/3666/3242
f 3231/3655/3231 3232/3656/3232 3244/3669/3244 3243/3668/3243
f 3232/3656/3232 3233/3657/3233 3245/3670/3245 3244/3669/3244
f 3233/3657/3233 3234/3658/3234 3246/3671/3246 3245/3670/3245
f 3234/3658/3234 3223/3647/3224 3235/3660/3236 3246/3671/3246
f 3235/3660/3236 3236/3659/3235 3248/3672/3247 3247/3673/2971
f 3236/3659/3235 3237/3661/3237 3249/3674/3248 3248/3672/3247
f 3237/3661/3237 3238/3662/3238 3250/3675/3249 3249/3674/3248
f 3238/3662/3238 3239/3663/3239 3251/3676/3250 3250/3675/3249
f 3239/3663/3239 3240/3664/3240 3252/3677/3251 3251/3676/3250
f 3240/3664/3240 3241/3665/3241 3253/3678/2959 3252/3677/3251
f 3241/3667/3241 3242/3666/3242 3254/3679/3252 3253/3680/2959
f 3242/3666/3242 3243/3668/3243 3255/3681/3253 3254/3679/3252
f 3243/3668/3243 3244/3669/3244 3256/3682/3254 3255/3681/3253
f 3244/3669/3244 3245/3670/3245 3257/3683/3255 3256/3682/3254
f 3245/3670/3245 3246/3671/3246 3258/3684/3256 3257/3683/3255
f 3246/3671/3246 3235/3660/3236 3247/3673/2971 3258/3684/3256
f 3247/3685/2971 3248/3686/3247 3260/3687/3257 3259/3688/2972
f 3248/3686/3247 3249/3689/3248 3261/3690/3258 3260/3687/3257
f 3249/3689/3248 3250/3691/3249 3262/3692/3259 3261/3690/3258
f 3250/3691/3249 3251/3693/3250 3263/3694/3260 3262/3692/3259
f 3251/3693/3250 3252/3695/3251 3264/3696/3261 3263/3694/3260
f 3252/3695/3251 3253/3697/2959 3265/3698/2962 3264/3696/3261
f 3253/3699/2959 3254/3700/3252 3266/3701/3262 3265/3702/2962
f 3254/3700/3252 3255/3703/3253 3267/3704/3263 3266/3701/3262
f 3255/3703/3253 3256/3705/3254 3268/3706/3264 3267/3704/3263
f 3256/3705/3254 3257/3707/3255 3269/3708/3265 3268/3706/3264
f 3257/3707/3255 3258/3709/3256 3270/3710/3266 3269/3708/3265
f 3258/3709/3256 3247/3685/2971 3259/3688/2972 3270/3710/3266
f 3259/3688/2972 3260/3687/3257 3272/3711/3267 3271/3712/2989
f 3260/3687/3257 3261/3690/3258 3273/3713/3268 3272/3711/3267
f 3261/3690/3258 3262/3692/3259 3274/3714/3269 3273/3713/3268
f 3262/3692/3259 3263/3694/3260 3275/3715/3270 3274/3714/3269
f 3263/3694/3260 3264/3696/3261 3276/3716/3271 3275/3715/3270
f 3264/3696/3261 3265/3698/2962 3277/3717/2984 3276/3716/3271
f 3265/3702/2962 3266/3701/3262 3278/3718/3272 3277/3719/2984
f 3266/3701/3262 3267/3704/3263 3279/3720/3273 3278/3718/3272
f 3267/3704/3263 3268/3706/3264 3280/3721/3274 3279/3720/3273
f 3268/3706/3264 3269/3708/3265 3281/3722/3275 3280/3721/3274
f 3269/3708/3265 3270/3710/3266 3282/3723/3276 3281/3722/3275
f 3270/3710/3266 3259/3688/2972 3271/3712/2989 3282/3723/3276
f 3271/3712/2989 3272/3711/3267 3284/3724/3277 3283/3725/3001
f 3272/3711/3267 3273/3713/3268 3285/3726/3278 3284/3724/3277
f 3273/3713/3268 3274/3714/3269 3286/3727/3279 3285/3726/3278
f 3274/3714/3269 3275/3715/3270 3287/3728/3280 3286/3727/3279
f 3275/3715/3270 3276/3716/3271 3288/3729/3281 3287/3728/3280
f 3276/3716/3271 3277/3717/2984 3289/3730/2996 3288/3729/3281
f 3277/3719/2984 3278/3718/3272 3290/3731/3282 3289/3732/2996
f 3278/3718/3272 3279/3720/3273 3291/3733/3283 3290/3731/3282
f 3279/3720/3273 3280/3721/3274 3292/3734/3284 3291/3733/3283
f 3280/3721/3274 3281/3722/3275 3293/3735/3285 3292/3734/3284
f 3281/3722/3275 3282/3723/3276 3294/3736/3286 3293/3735/3285
f 3282/3723/3276 3271/3712/2989 3283/3725/3001 3294/3736/3286
f 3283/3725/3001 3284/3724/3277 3296/3737/3287 3295/3738/3013
f 3284/3724/3277 3285/3726/3278 3297/3739/3288 3296/3737/3287
f 3285/3726/3278 3286/3727/3279 3298/3740/3289 3297/3739/3288
f 3286/3727/3279 3287/3728/3280 3299/3741/3290 3298/3740/3289
f 3287/3728/3280 3288/3729/3281 3300/3742/3291 3299/3741/3290
f 3288/3729/3281 3289/3730/2996 3301/3743/3008 3300/3742/3291
f 3289/3732/2996 3290/3731/3282 3302/3744/3292 3301/3745/3008
f 3290/3731/3282 3291/3733/3283 3303/3746/3293 3302/3744/3292
f 3291/3733/3283 3292/3734/3284 3304/3747/3294 3303/3746/3293
f 3292/3734/3284 3293/3735/3285 3305/3748/3295 3304/3747/3294
f 3293/3735/3285 3294/3736/3286 3306/3749/3296 3305/3748/3295
f 3294/3736/3286 3283/3725/3001 3295/3738/3013 3306/3749/3296
f 3295/3738/3013 3296/3737/3287 3308/3750/3297 3307/3751/3025
f 3296/3737/3287 3297/3739/3288 3309/3752/3298 3308/3750/3297
f 3297/3739/3288 3298/3740/3289 3310/3753/3299 3309/3752/3298
f 3298/3740/3289 3299/3741/3290 3311/3754/3300 3310/3753/3299
f 3299/3741/3290 3300/3742/3291 3312/3755/3301 3311/3754/3300
f 3300/3742/3291 3301/3743/3008 3313/3756/3020 3312/3755/3301
f 3301/3745/3008 3302/3744/3292 3314/3757/3302 3313/3758/3020
f 3302/3744/3292 3303/3746/3293 3315/3759/3303 3314/3757/3302
f 3303/3746/3293 3304/3747/3294 3316/3760/3304 3315/3759/3303
f 3304/3747/3294 3305/3748/3295 3317/3761/3305 3316/3760/3304
f 3305/3748/3295 3306/3749/3296 3318/3762/3306 3317/3761/3305
f 3306/3749/3296 3295/3738/3013 3307/3751/3025 3318/3762/3306
f 3307/3751/3025 3308/3750/3297 3320/3763/3307 3319/3764/3037
f 3308/3750/3297 3309/3752/3298 3321/3765/3308 3320/3763/3307
f 3309/3752/3298 3310/3753/3299 3322/3766/3309 3321/3765/3308
f 3310/3753/3299 3311/3754/3300 3323/3767/3310 3322/3766/3309
f 3311/3754/3300 3312/3755/3301 3324/3768/3311 3323/3767/3310
f 3312/3755/3301 3313/3756/3020 3325/3769/3032 3324/3768/3311
f 3313/3758/3020 3314/3757/3302 3326/3770/3312 3325/3771/3032
f 3314/3757/3302 3315/3759/3303 3327/3772/3313 3326/3770/3312
f 3315/3759/3303 3316/3760/3304 3328/3773/3314 3327/3772/3313
f 3316/3760/3304 3317/3761/3305 3329/3774/3315 3328/3773/3314
f 3317/3761/3305 3318/3762/3306 3330/3775/3316 3329/3774/3315
f 3318/3762/3306 3307/3751/3025 3319/3764/3037 3330/3775/3316
f 3319/3764/3037 3320/3763/3307 3332/3776/3317 3331/3777/3049
f 3320/3763/3307 3321/3765/3308 3333/3778/3318 3332/3776/3317
f 3321/3765/3308 3322/3766/3309 3334/3779/3319 3333/3778/3318
f 3322/3766/3309 3323/3767/3310 3335/3780/3320 3334/3779/3319
f 3323/3767/3310 3324/3768/3311 3336/3781/3321 3335/3780/3320
f 3324/3768/3311 3325/3769/3032 3337/3782/3044 3336/3781/3321
f 3325/3771/3032 3326/3770/3312 3338/3783/3322 3337/3784/3044
f 3326/3770/3312 3327/3772/3313 3339/3785/3323 3338/3783/3322
f 3327/3772/3313 3328/3773/3314 3340/3786/3324 3339/3785/3323
f 3328/3773/3314 3329/3774/3315 3341/3787/3325 3340/3786/3324
f 3329/3774/3315 3330/3775/3316 3342/3788/3326 3341/3787/3325
f 3330/3775/3316 3319/3764/3037 3331/3777/3049 3342/3788/3326
f 3331/3777/3049 3332/3776/3317 3344/3789/3327 3343/3790/3061
f 3332/3776/3317 3333/3778/3318 3345/3791/3328 3344/3789/3327
f 3333/3778/3318 3334/3779/3319 3346/3792/3329 3345/3791/3328
f 3334/3779/3319 3335/3780/3320 3347/3793/3330 3346/3792/3329
f 3335/3780/3320 3336/3781/3321 3348/3794/3331 3347/3793/3330
f 3336/3781/3321 3337/3782/3044 3349/3795/3056 3348/3794/3331
f 3337/3784/3044 3338/3783/3322 3350/3796/3332 3349/3797/3056
f 3338/3783/3322 3339/3785/3323 3351/3798/3333 3350/3796/3332
f 3339/3785/3323 3340/3786/3324 3352/3799/3334 3351/3798/3333
f 3340/3786/3324 3341/3787/3325 3353/3800/3335 3352/3799/3334
f 3341/3787/3325 3342/3788/3326 3354/3801/3336 3353/3800/3335
f 3342/3788/3326 3331/3777/3049 3343/3790/3061 3354/3801/3336
f 3343/3790/3061 3344/3789/3327 3356/3802/3337 3355/3803/3073
f 3344/3789/3327 3345/3791/3328 3357/3804/3338 3356/3802/3337
f 3345/3791/3328 3346/3792/3329 3358/3805/3339 3357/3804/3338
f 3346/3792/3329 3347/3793/3330 3359/3806/3340 3358/3805/3339
f 3347/3793/3330 3348/3794/3331 3360/3807/3341 3359/3806/3340
f 3348/3794/3331 3349/3795/3056 3361/3808/3068 3360/3807/3341
f 3349/3797/3056 3350/3796/3332 3362/3809/3342 3361/3810/3068
f 3350/3796/3332 3351/3798/3333 3363/3811/3343 3362/3809/3342
f 3351/3798/3333 3352/3799/3334 3364/3812/3344 3363/3811/3343
f 3352/3799/3334 3353/3800/3335 3365/3813/3345 3364/3812/3344
f 3353/3800/3335 3354/3801/3336 3366/3814/3346 3365/3813/3345
f 3354/3801/3336 3343/3790/3061 3355/3803/3073 3366/3814/3346
f 3355/3803/3073 3356/3802/3337 3368/3815/3347 3367/3816/3085
f 3356/3802/3337 3357/3804/3338 3369/3817/3348 3368/3815/3347
f 3357/3804/3338 3358/3805/3339 3370/3818/3349 3369/3817/3348
f 3358/3805/3339 3359/3806/3340 3371/3819/3350 3370/3818/3349
f 3359/3806/3340 3360/3807/3341 3372/3820/3351 3371/3819/3350
f 3360/3807/3341 3361/3808/3068 3373/3821/3352 3372/3820/3351
f 3361/3810/3068 3362/3809/3342 3374/3822/3353 3373/3823/3352
f 3362/3809/3342 3363/3811/3343 3375/3824/3354 3374/3822/3353
f 3363/3811/3343 3364/3812/3344 3376/3825/3355 3375/3824/3354
f 3364/3812/3344 3365/3813/3345 3377/3826/3356 3376/3825/3355
f 3365/3813/3345 3366/3814/3346 3378/3827/3357 3377/3826/3356
f 3366/3814/3346 3355/3803/3073 3367/3816/3085 3378/3827/3357
f 3367/3816/3085 3368/3815/3347 3380/3828/3358 3379/3829/3359
f 3368/3815/3347 3369/3817/3348 3381/3830/3360 3380/3828/3358
f 3369/3817/3348 3370/3818/3349 3382/3831/3361 3381/3830/3360
f 3370/3818/3349 3371/3819/3350 3383/3832/3362 3382/3831/3361
f 3371/3819/3350 3372/3820/3351 3384/3833/3363 3383/3832/3362
f 3372/3820/3351 3373/3821/3352 3385/3834/3364 3384/3833/3363
f 3373/3823/3352 3374/3822/3353 3386/3835/3365 3385/3836/3364
f 3374/3822/3353 3375/3824/3354 3387/3837/3366 3386/3835/3365
f 3375/3824/3354 3376/3825/3355 3388/3838/3367 3387/3837/3366
f 3376/3825/3355 3377/3826/3356 3389/3839/3368 3388/3838/3367
f 3377/3826/3356 3378/3827/3357 3390/3840/3369 3389/3839/3368
f 3378/3827/3357 3367/3816/3085 3379/3829/3359 3390/3840/3369
f 3379/3829/3359 3380/3828/3358 3392/3841/3370 3391/3842/3109
f 3380/3828/3358 3381/3830/3360 3393/3843/3371 3392/3841/3370
f 3381/3830/3360 3382/3831/3361 3394/3844/3372 3393/3843/3371
f 3382/3831/3361 3383/3832/3362 3395/3845/3373 3394/3844/3372
f 3383/3832/3362 3384/3833/3363 3396/3846/3374 3395/3845/3373
f 3384/3833/3363 3385/3834/3364 3397/3847/3104 3396/3846/3374
f 3385/3836/3364 3386/3835/3365 3398/3848/3375 3397/3849/3104
f 3386/3835/3365 3387/3837/3366 3399/3850/3376 3398/3848/3375
f 3387/3837/3366 3388/3838/3367 3400/3851/3377 3399/3850/3376
f 3388/3838/3367 3389/3839/3368 3401/3852/3378 3400/3851/3377
f 3389/3839/3368 3390/3840/3369 3402/3853/3379 3401/3852/3378
f 3390/3840/3369 3379/3829/3359 3391/3842/3109 3402/3853/3379
f 3391/3842/3109 3392/3841/3370 3404/3854/3380 3403/3855/3381
f 3392/3841/3370 3393/3843/3371 3405/3856/3382 3404/3854/3380
f 3393/3843/3371 3394/3844/3372 3406/3857/3383 3405/3856/3382
f 3394/3844/3372 3395/3845/3373 3407/3858/3384 3406/3857/3383
f 3395/3845/3373 3396/3846/3374 3408/3859/3385 3407/3858/3384
f 3396/3846/3374 3397/3847/3104 3409/3860/3386 3408/3859/3385
f 3397/3849/3104 3398/3848/3375 3410/3861/3387 3409/3862/3386
f 3398/3848/3375 3399/3850/3376 3411/3863/3388 3410/3861/3387
f 3399/3850/3376 3400/3851/3377 3412/3864/3389 3411/3863/3388
f 3400/3851/3377 3401/3852/3378 3413/3865/3390 3412/3864/3389
f 3401/3852/3378 3402/3853/3379 3414/3866/3391 3413/3865/3390
f 3402/3853/3379 3391/3842/3109 3403/3855/3381 3414/3866/3391
f 3403/3855/3381 3404/3854/3380 3416/3867/3392 3415/3868/3393
f 3404/3854/3380 3405/3856/3382 3417/3869/3394 3416/3867/3392
f 3405/3856/3382 3406/3857/3383 3418/3870/3395 3417/3869/3394
f 3406/3857/3383 3407/3858/3384 3419/3871/3396 3418/3870/3395
f 3407/3858/3384 3408/3859/3385 3420/3872/3397 3419/3871/3396
f 3408/3859/3385 3409/3860/3386 3421/3873/3398 3420/3872/3397
f 3409/3862/3386 3410/3861/3387 3422/3874/3399 3421/3875/3398
f 3410/3861/3387 3411/3863/3388 3423/3876/3400 3422/3874/3399
f 3411/3863/3388 3412/3864/3389 3424/3877/3401 3423/3876/3400
f 3412/3864/3389 3413/3865/3390 3425/3878/3402 3424/3877/3401
f 3413/3865/3390 3414/3866/3391 3426/3879/3403 3425/3878/3402
f 3414/3866/3391 3403/3855/3381 3415/3868/3393 3426/3879/3403
f 3415/3868/3393 3416/3867/3392 3428/3880/3404 3427/3881/3405
f 3416/3867/3392 3417/3869/3394 3429/3882/3406 3428/3880/3404
f 3417/3869/3394 3418/3870/3395 3430/3883/3407 3429/3882/3406
f 3418/3870/3395 3419/3871/3396 3431/3884/3408 3430/3883/3407
f 3419/3871/3396 3420/3872/3397 3432/3885/3409 3431/3884/3408
f 3420/3872/3397 3421/3873/3398 3433/3886/3410 3432/3885/3409
f 3421/3875/3398 3422/3874/3399 3434/3887/3411 3433/3888/3410
f 3422/3874/3399 3423/3876/3400 3435/3889/3412 3434/3887/3411
f 3423/3876/3400 3424/3877/3401 3436/3890/3413 3435/3889/3412
f 3424/3877/3401 3425/3878/3402 3437/3891/3414 3436/3890/3413
f 3425/3878/3402 3426/3879/3403 3438/3892/3415 3437/3891/3414
f 3426/3879/3403 3415/3868/3393 3427/3881/3405 3438/3892/3415
f 3427/3881/3405 3428/3880/3404 3440/3893/3416 3439/3894/3157
f 3428/3880/3404 3429/3882/3406 3441/3895/3417 3440/3893/3416
f 3429/3882/3406 3430/3883/3407 3442/3896/3418 3441/3895/3417
f 3430/3883/3407 3431/3884/3408 3443/3897/3419 3442/3896/3418
f 3431/3884/3408 3432/3885/3409 3444/3898/3420 3443/3897/3419
f 3432/3885/3409 3433/3886/3410 3445/3899/3152 3444/3898/3420
f 3433/3888/3410 3434/3887/3411 3446/3900/3421 3445/3901/3152
f 3434/3887/3411 3435/3889/3412 3447/3902/3422 3446/3900/3421
f 3435/3889/3412 3436/3890/3413 3448/3903/3423 3447/3902/3422
f 3436/3890/3413 3437/3891/3414 3449/3904/3424 3448/3903/3423
f 3437/3891/3414 3438/3892/3415 3450/3905/3425 3449/3904/3424
f 3438/3892/3415 3427/3881/3405 3439/3894/3157 3450/3905/3425
f 3439/3894/3157 3440/3893/3416 3452/3906/3426 3451/3907/3427
f 3440/3893/3416 3441/3895/3417 3453/3908/3428 3452/3906/3426
f 3441/3895/3417 3442/3896/3418 3454/3909/3429 3453/3908/3428
f 3442/3896/3418 3443/3897/3419 3455/3910/3430 3454/3909/3429
f 3443/3897/3419 3444/3898/3420 3456/3911/3431 3455/3910/3430
f 3444/3898/3420 3445/3899/3152 3457/3912/3164 3456/3911/3431
f 3445/3901/3152 3446/3900/3421 3458/3913/3432 3457/3914/3164
f 3446/3900/3421 3447/3902/3422 3459/3915/3433 3458/3913/3432
f 3447/3902/3422 3448/3903/3423 3460/3916/3434 3459/3915/3433
f 3448/3903/3423 3449/3904/3424 3461/3917/3435 3460/3916/3434
f 3449/3904/3424 3450/3905/3425 3462/3918/3436 3461/3917/3435
f 3450/3905/3425 3439/3894/3157 3451/3907/3427 3462/3918/3436
f 3451/3907/3427 3452/3906/3426 3464/3919/3437 3463/3920/3438
f 3452/3906/3426 3453/3908/3428 3465/3921/3439 3464/3919/3437
f 3453/3908/3428 3454/3909/3429 3466/3922/3440 3465/3921/3439
f 3454/3909/3429 3455/3910/3430 3467/3923/3441 3466/3922/3440
f 3455/3910/3430 3456/3911/3431 3468/3924/3442 3467/3923/3441
f 3456/3911/3431 3457/3912/3164 3469/3925/3443 3468/3924/3442
f 3457/3914/3164 3458/3913/3432 3470/3926/3444 3469/3927/3443
f 3458/3913/3432 3459/3915/3433 3471/3928/3445 3470/3926/3444
f 3459/3915/3433 3460/3916/3434 3472/3929/3446 3471/3928/3445
f 3460/3916/3434 3461/3917/3435 3473/3930/3447 3472/3929/3446
f 3461/3917/3435 3462/3918/3436 3474/3931/3448 3473/3930/3447
f 3462/3918/3436 3451/3907/3427 3463/3920/3438 3474/3931/3448
f 3463/3920/3438 3464/3919/3437 3476/3932/3449 3475/3933/3193
f 3464/3919/3437 3465/3921/3439 3477/3934/3450 3476/3932/3449
f 3465/3921/3439 3466/3922/3440 3478/3935/3451 3477/3934/3450
f 3466/3922/3440 3467/3923/3441 3479/3936/3452 3478/3935/3451
f 3467/3923/3441 3468/3924/3442 3480/3937/3453 3479/3936/3452
f 3468/3924/3442 3469/3925/3443 3481/3938/3188 3480/3937/3453
f 3469/3927/3443 3470/3926/3444 3482/3939/3454 3481/3940/3188
f 3470/3926/3444 3471/3928/3445 3483/3941/3455 3482/3939/3454
f 3471/3928/3445 3472/3929/3446 3484/3942/3456 3483/3941/3455
f 3472/3929/3446 3473/3930/3447 3485/3943/3457 3484/3942/3456
f 3473/3930/3447 3474/3931/3448 3486/3944/3458 3485/3943/3457
f 3474/3931/3448 3463/3920/3438 3475/3933/3193 3486/3944/3458
f 3475/3933/3193 3476/3932/3449 3488/3945/3459 3487/3946/3460
f 3476/3932/3449 3477/3934/3450 3489/3947/3461 3488/3945/3459
f 3477/3934/3450 3478/3935/3451 3490/3948/3462 3489/3947/3461
f 3478/3935/3451 3479/3936/3452 3491/3949/3463 3490/3948/3462
f 3479/3936/3452 3480/3937/3453 3492/3950/3464 3491/3949/3463
f 3480/3937/3453 3481/3938/3188 3493/3951/3465 3492/3950/3464
f 3481/3940/3188 3482/3939/3454 3494/3952/3466 3493/3953/3465
f 3482/3939/3454 3483/3941/3455 3495/3954/3467 3494/3952/3466
f 3483/3941/3455 3484/3942/3456 3496/3955/3468 3495/3954/3467
f 3484/3942/3456 3485/3943/3457 3497/3956/3469 3496/3955/3468
f 3485/3943/3457 3486/3944/3458 3498/3957/3470 3497/3956/3469
f 3486/3944/3458 3475/3933/3193 3487/3946/3460 3498/3957/3470
f 3487/3946/3460 3488/3945/3459 3500/3958/3471 3499/3959/3217
f 3488/3945/3459 3489/3947/3461 3501/3960/3472 3500/3958/3471
f 3489/3947/3461 3490/3948/3462 3502/3961/3473 3501/3960/3472
f 3490/3948/3462 3491/3949/3463 3503/3962/3474 3502/3961/3473
f 3491/3949/3463 3492/3950/3464 3504/3963/3475 3503/3962/3474
f 3492/3950/3464 3493/3951/3465 3505/3964/3212 3504/3963/3475
f 3493/3953/3465 3494/3952/3466 3506/3965/3476 3505/3966/3212
f 3494/3952/3466 3495/3954/3467 3507/3967/3477 3506/3965/3476
f 3495/3954/3467 3496/3955/3468 3508/3968/3478 3507/3967/3477
f 3496/3955/3468 3497/3956/3469 3509/3969/3479 3508/3968/3478
f 3497/3956/3469 3498/3957/3470 3510/3970/3480 3509/3969/3479
f 3498/3957/3470 3487/3946/3460 3499/3959/3217 3510/3970/3480
f 3499/3959/3217 3500/3958/3471 3512/3971/3481 3511/3972/3229
f 3500/3958/3471 3501/3960/3472 3513/3973/3482 3512/3971/3481
f 3501/3960/3472 3502/3961/3473 3514/3974/3483 3513/3973/3482
f 3502/3961/3473 3503/3962/3474 3515/3975/3484 3514/3974/3483
f 3503/3962/3474 3504/3963/3475 3516/3976/3485 3515/3975/3484
f 3504/3963/3475 3505/3964/3212 3517/3977/3486 3516/3976/3485
f 3505/3966/3212 3506/3965/3476 3518/3978/3487 3517/3979/3486
f 3506/3965/3476 3507/3967/3477 3519/3980/3488 3518/3978/3487
f 3507/3967/3477 3508/3968/3478 3520/3981/3489 3519/3980/3488
f 3508/3968/3478 3509/3969/3479 3521/3982/3490 3520/3981/3489
f 3509/3969/3479 3510/3970/3480 3522/3983/3491 3521/3982/3490
f 3510/3970/3480 3499/3959/3217 3511/3972/3229 3522/3983/3491
f 3511/3972/3229 3512/3971/3481 3524/3984/3492 3523/3985/3241
f 3512/3971/3481 3513/3973/3482 3525/3986/3493 3524/3984/3492
f 3513/3973/3482 3514/3974/3483 3526/3987/3494 3525/3986/3493
f 3514/3974/3483 3515/3975/3484 3527/3988/3495 3526/3987/3494
f 3515/3975/3484 3516/3976/3485 3528/3989/3496 3527/3988/3495
f 3516/3976/3485 3517/3977/3486 3529/3990/3236 3528/3989/3496
f 3517/3979/3486 3518/3978/3487 3530/3991/3497 3529/3992/3236
f 3518/3978/3487 3519/3980/3488 3531/3993/3498 3530/3991/3497
f 3519/3980/3488 3520/3981/3489 3532/3994/3499 3531/3993/3498
f 3520/3981/3489 3521/3982/3490 3533/3995/3500 3532/3994/3499
f 3521/3982/3490 3522/3983/3491 3534/3996/3501 3533/3995/3500
f 3522/3983/3491 3511/3972/3229 3523/3985/3241 3534/3996/3501
f 3523/3985/3241 3524/3984/3492 2960/3361/2960 2959/3360/2959
f 3524/3984/3492 3525/3986/3493 2961/3364/2963 2960/3361/2960
f 3525/3986/3493 3526/3987/3494 2962/3366/2965 2961/3364/2963
f 3526/3987/3494 3527/3988/3495 2963/3368/2967 2962/3366/2965
f 3527/3988/3495 3528/3989/3496 2964/3370/2969 2963/3368/2967
f 3528/3989/3496 3529/3990/3236 2965/3372/2971 2964/3370/2969
f 3529/3992/3236 3530/3991/3497 2966/3375/2973 2965/3374/2971
f 3530/3991/3497 3531/3993/3498 2967/3378/2975 2966/3375/2973
f 3531/3993/3498 3532/3994/3499 2968/3380/2977 2967/3378/2975
f 3532/3994/3499 3533/3995/3500 2969/3382/2979 2968/3380/2977
f 3533/3995/3500 3534/3996/3501 2970/3384/2981 2969/3382/2979
f 3534/3996/3501 3523/3985/3241 2959/3360/2959 2970/3384/2981
l 3504 3535
l 3535 3536
l 3515 3537
l 3537 3538
l 2974 3539
l 3014 3540
l 2977 3541
